rate	block	order	mode	variant	instrumented	valid	accepted_pps	loss	conservation	cycles_per_pkt	l2_fills_per_pkt	ccx_fills_per_pkt	dram_fills_per_pkt	invalid_reasons	file
500000	1	1	native	no-touch	1	True	500000.0	0.0	1.0	394.55	0.5299	0.7443	0.1648	-	/home/luw/XDP3/data/paired/paired_4config_ring4096_20260824/cells/20260824T121141Z_xdp_drop_500000.json
500000	1	2	native	read-data	1	True	500001.0	0.0	1.0	562.09	0.4937	0.8023	1.0589	-	/home/luw/XDP3/data/paired/paired_4config_ring4096_20260824/cells/20260824T121229Z_xdp_drop_500000.json
500000	1	3	skb	read-data	1	True	500000.4	0.0	1.0	2888.74	7.0236	0.9431	1.0789	-	/home/luw/XDP3/data/paired/paired_4config_ring4096_20260824/cells/20260824T121317Z_xdp_drop_500000.json
500000	1	4	skb	no-touch	1	True	500000.8	0.0	1.0	2883.08	7.1631	0.9404	1.0787	-	/home/luw/XDP3/data/paired/paired_4config_ring4096_20260824/cells/20260824T121404Z_xdp_drop_500000.json
2500000	1	1	skb	no-touch	1	True	1206804.4	0.51725	1.0	2646.49	5.5092	0.7628	1.1048	-	/home/luw/XDP3/data/paired/paired_4config_ring4096_20260824/cells/20260824T121452Z_xdp_drop_2500000.json
2500000	1	2	native	read-data	1	True	2499843.1	0.0	1.0	610.19	0.5585	0.7613	1.0361	-	/home/luw/XDP3/data/paired/paired_4config_ring4096_20260824/cells/20260824T121539Z_xdp_drop_2500000.json
2500000	1	3	skb	read-data	1	True	1212622.6	0.514938	1.0	2633.71	5.7117	0.6622	0.9431	-	/home/luw/XDP3/data/paired/paired_4config_ring4096_20260824/cells/20260824T121627Z_xdp_drop_2500000.json
2500000	1	4	native	no-touch	1	True	2499930.5	0.0	1.0	453.59	0.4909	0.6116	0.1224	-	/home/luw/XDP3/data/paired/paired_4config_ring4096_20260824/cells/20260824T121715Z_xdp_drop_2500000.json
5000000	1	1	native	no-touch	1	True	4999224.3	0.0	1.0	387.21	0.5289	0.743	0.1338	-	/home/luw/XDP3/data/paired/paired_4config_ring4096_20260824/cells/20260824T121803Z_xdp_drop_5000000.json
5000000	1	2	native	read-data	1	True	4999952.0	0.0	1.0	484.31	0.521	0.7886	1.0506	-	/home/luw/XDP3/data/paired/paired_4config_ring4096_20260824/cells/20260824T121850Z_xdp_drop_5000000.json
5000000	1	3	skb	no-touch	1	True	1202369.9	0.759416	1.0	2656.25	6.074	0.7617	1.092	-	/home/luw/XDP3/data/paired/paired_4config_ring4096_20260824/cells/20260824T121938Z_xdp_drop_5000000.json
5000000	1	4	skb	read-data	1	True	1201559.3	0.759632	1.0	2658.04	5.9222	0.7544	1.091	-	/home/luw/XDP3/data/paired/paired_4config_ring4096_20260824/cells/20260824T122026Z_xdp_drop_5000000.json
11500000	1	1	skb	no-touch	1	True	1200797.1	0.895445	1.0	2659.68	5.905	0.7596	1.0901	-	/home/luw/XDP3/data/paired/paired_4config_ring4096_20260824/cells/20260824T122114Z_xdp_drop_11500000.json
11500000	1	2	native	read-data	1	True	7794652.0	0.321983	1.0	409.38	0.6919	0.4291	1.0452	-	/home/luw/XDP3/data/paired/paired_4config_ring4096_20260824/cells/20260824T122201Z_xdp_drop_11500000.json
11500000	1	3	skb	read-data	1	True	1208391.9	0.894675	1.0	2642.95	6.0247	0.6679	0.945	-	/home/luw/XDP3/data/paired/paired_4config_ring4096_20260824/cells/20260824T122249Z_xdp_drop_11500000.json
11500000	1	4	native	no-touch	1	True	11494716.5	0.0	1.0	252.14	0.4584	0.8118	0.179	-	/home/luw/XDP3/data/paired/paired_4config_ring4096_20260824/cells/20260824T122337Z_xdp_drop_11500000.json
13500000	1	1	native	read-data	1	True	7808993.3	0.420693	1.0	408.37	0.6525	0.4617	1.0455	-	/home/luw/XDP3/data/paired/paired_4config_ring4096_20260824/cells/20260824T122425Z_xdp_drop_13500000.json
13500000	1	2	skb	no-touch	1	True	1209356.6	0.91006	1.0	2640.84	5.7797	0.684	0.9528	-	/home/luw/XDP3/data/paired/paired_4config_ring4096_20260824/cells/20260824T122512Z_xdp_drop_13500000.json
13500000	1	3	skb	read-data	1	True	1212554.2	0.909643	1.0	2633.93	4.5461	0.6804	0.9465	-	/home/luw/XDP3/data/paired/paired_4config_ring4096_20260824/cells/20260824T122600Z_xdp_drop_13500000.json
13500000	1	4	native	no-touch	1	True	13493997.1	0.0	1.0	234.49	0.3699	0.7433	0.162	-	/home/luw/XDP3/data/paired/paired_4config_ring4096_20260824/cells/20260824T122648Z_xdp_drop_13500000.json
8500000	1	1	native	read-data	1	True	7886866.0	0.072073	1.0	404.41	0.6524	0.4381	1.027	-	/home/luw/XDP3/data/paired/paired_4config_ring4096_20260824/cells/20260824T122736Z_xdp_drop_8500000.json
8500000	1	2	skb	read-data	1	True	1213860.0	0.857037	1.0	2631.05	4.584	0.6884	0.9472	-	/home/luw/XDP3/data/paired/paired_4config_ring4096_20260824/cells/20260824T122823Z_xdp_drop_8500000.json
8500000	1	3	native	no-touch	1	True	8498571.8	0.0	1.0	283.05	0.5686	0.7215	0.1442	-	/home/luw/XDP3/data/paired/paired_4config_ring4096_20260824/cells/20260824T122911Z_xdp_drop_8500000.json
8500000	1	4	skb	no-touch	1	True	1209184.1	0.857589	1.0	2641.23	5.6988	0.7111	0.9675	-	/home/luw/XDP3/data/paired/paired_4config_ring4096_20260824/cells/20260824T122959Z_xdp_drop_8500000.json
1000000	1	1	native	no-touch	1	True	1000011.3	0.0	1.0	415.88	0.486	0.7462	0.1621	-	/home/luw/XDP3/data/paired/paired_4config_ring4096_20260824/cells/20260824T123046Z_xdp_drop_1000000.json
1000000	1	2	skb	read-data	1	True	1000008.2	0.0	1.0	2812.3	6.7121	0.8	0.9277	-	/home/luw/XDP3/data/paired/paired_4config_ring4096_20260824/cells/20260824T123134Z_xdp_drop_1000000.json
1000000	1	3	skb	no-touch	1	True	1000007.2	0.0	1.0	2812.65	6.4754	0.8027	0.9274	-	/home/luw/XDP3/data/paired/paired_4config_ring4096_20260824/cells/20260824T123222Z_xdp_drop_1000000.json
1000000	1	4	native	read-data	1	True	1000007.2	0.0	1.0	581.36	0.5994	0.7334	1.0576	-	/home/luw/XDP3/data/paired/paired_4config_ring4096_20260824/cells/20260824T123310Z_xdp_drop_1000000.json
3500000	1	1	native	no-touch	1	True	3500032.2	0.0	1.0	423.11	0.5505	0.751	0.1598	-	/home/luw/XDP3/data/paired/paired_4config_ring4096_20260824/cells/20260824T123358Z_xdp_drop_3500000.json
3500000	1	2	skb	no-touch	1	True	1206514.6	0.655289	1.0	2647.15	4.4331	0.7488	1.1049	-	/home/luw/XDP3/data/paired/paired_4config_ring4096_20260824/cells/20260824T123445Z_xdp_drop_3500000.json
3500000	1	3	skb	read-data	1	True	1205314.9	0.655627	1.0	2649.7	4.5526	0.7459	1.0979	-	/home/luw/XDP3/data/paired/paired_4config_ring4096_20260824/cells/20260824T123533Z_xdp_drop_3500000.json
3500000	1	4	native	read-data	1	True	3500033.7	0.0	1.0	569.5	0.6367	0.718	1.0028	-	/home/luw/XDP3/data/paired/paired_4config_ring4096_20260824/cells/20260824T123621Z_xdp_drop_3500000.json
6500000	1	1	skb	no-touch	1	True	1213578.7	0.813297	1.0	2631.71	5.9955	0.6476	0.9399	-	/home/luw/XDP3/data/paired/paired_4config_ring4096_20260824/cells/20260824T123708Z_xdp_drop_6500000.json
6500000	1	2	native	no-touch	1	True	6500183.1	0.0	1.0	331.45	0.5415	0.5963	0.1341	-	/home/luw/XDP3/data/paired/paired_4config_ring4096_20260824/cells/20260824T123756Z_xdp_drop_6500000.json
6500000	1	3	skb	read-data	1	True	1210908.7	0.813713	1.0	2637.53	5.8113	0.6205	0.9255	-	/home/luw/XDP3/data/paired/paired_4config_ring4096_20260824/cells/20260824T123844Z_xdp_drop_6500000.json
6500000	1	4	native	read-data	1	True	6500149.9	0.0	1.0	409.71	0.5236	0.61	0.8321	-	/home/luw/XDP3/data/paired/paired_4config_ring4096_20260824/cells/20260824T123932Z_xdp_drop_6500000.json
250000	1	1	skb	read-data	1	True	249999.8	0.0	1.0	2969.18	7.3293	0.9587	1.0769	-	/home/luw/XDP3/data/paired/paired_4config_ring4096_20260824/cells/20260824T124019Z_xdp_drop_250000.json
250000	1	2	native	no-touch	1	True	249999.6	0.0	1.0	525.5	0.5346	0.7592	0.1421	-	/home/luw/XDP3/data/paired/paired_4config_ring4096_20260824/cells/20260824T124107Z_xdp_drop_250000.json
250000	1	3	native	read-data	1	True	250001.1	0.0	1.0	679.29	0.6148	0.7911	1.0775	-	/home/luw/XDP3/data/paired/paired_4config_ring4096_20260824/cells/20260824T124155Z_xdp_drop_250000.json
250000	1	4	skb	no-touch	1	True	250001.5	0.0	1.0	2928.87	7.5817	0.7983	0.9217	-	/home/luw/XDP3/data/paired/paired_4config_ring4096_20260824/cells/20260824T124243Z_xdp_drop_250000.json
14500000	1	1	skb	no-touch	1	True	1211127.8	0.915234	1.0	2637.02	5.1846	0.6895	0.9472	-	/home/luw/XDP3/data/paired/paired_4config_ring4096_20260824/cells/20260824T124330Z_xdp_drop_14500000.json
14500000	1	2	native	read-data	1	True	8122966.2	0.437848	1.0	392.88	0.6563	0.4091	0.9553	-	/home/luw/XDP3/data/paired/paired_4config_ring4096_20260824/cells/20260824T124418Z_xdp_drop_14500000.json
14500000	1	3	native	no-touch	1	True	13924746.7	0.038525	1.0	229.36	0.5892	0.3876	0.1255	-	/home/luw/XDP3/data/paired/paired_4config_ring4096_20260824/cells/20260824T124506Z_xdp_drop_14500000.json
14500000	1	4	skb	read-data	1	True	1214043.4	0.914912	1.0	2630.72	5.9918	0.6604	0.9368	-	/home/luw/XDP3/data/paired/paired_4config_ring4096_20260824/cells/20260824T124554Z_xdp_drop_14500000.json
9000000	1	1	native	no-touch	1	True	9000609.9	0.0	1.0	273.87	0.498	0.6049	0.1349	-	/home/luw/XDP3/data/paired/paired_4config_ring4096_20260824/cells/20260824T124641Z_xdp_drop_9000000.json
9000000	1	2	skb	read-data	1	True	1208373.2	0.865743	1.0	2643.03	5.8714	0.674	0.95	-	/home/luw/XDP3/data/paired/paired_4config_ring4096_20260824/cells/20260824T124729Z_xdp_drop_9000000.json
9000000	1	3	native	read-data	1	True	7690241.2	0.145584	1.0	414.83	0.659	0.4278	1.0156	-	/home/luw/XDP3/data/paired/paired_4config_ring4096_20260824/cells/20260824T124817Z_xdp_drop_9000000.json
9000000	1	4	skb	no-touch	1	True	1210343.1	0.865527	1.0	2638.69	4.9727	0.6877	0.9568	-	/home/luw/XDP3/data/paired/paired_4config_ring4096_20260824/cells/20260824T124905Z_xdp_drop_9000000.json
1500000	1	1	native	read-data	1	True	1500003.0	0.0	1.0	581.61	0.551	0.7012	1.0183	-	/home/luw/XDP3/data/paired/paired_4config_ring4096_20260824/cells/20260824T124952Z_xdp_drop_1500000.json
1500000	1	2	skb	read-data	1	True	1210662.9	0.192893	1.0	2638.06	5.0408	0.6581	0.9511	-	/home/luw/XDP3/data/paired/paired_4config_ring4096_20260824/cells/20260824T125040Z_xdp_drop_1500000.json
1500000	1	3	skb	no-touch	1	True	1215474.2	0.189685	1.0	2627.55	4.5428	0.6552	0.9458	-	/home/luw/XDP3/data/paired/paired_4config_ring4096_20260824/cells/20260824T125128Z_xdp_drop_1500000.json
1500000	1	4	native	no-touch	1	True	1499996.9	0.0	1.0	425.93	0.505	0.7394	0.0782	-	/home/luw/XDP3/data/paired/paired_4config_ring4096_20260824/cells/20260824T125215Z_xdp_drop_1500000.json
4500000	1	1	native	read-data	1	True	4499996.8	0.0	1.0	515.19	0.5498	0.7778	1.0502	-	/home/luw/XDP3/data/paired/paired_4config_ring4096_20260824/cells/20260824T125303Z_xdp_drop_4500000.json
4500000	1	2	skb	read-data	1	True	1210165.3	0.731078	1.0	2639.12	6.1033	0.6802	0.9428	-	/home/luw/XDP3/data/paired/paired_4config_ring4096_20260824/cells/20260824T125351Z_xdp_drop_4500000.json
4500000	1	3	skb	no-touch	1	True	1211294.9	0.730825	1.0	2636.62	5.8969	0.6695	0.9554	-	/home/luw/XDP3/data/paired/paired_4config_ring4096_20260824/cells/20260824T125438Z_xdp_drop_4500000.json
4500000	1	4	native	no-touch	1	True	4500004.7	0.0	1.0	403.12	0.5231	0.7348	0.144	-	/home/luw/XDP3/data/paired/paired_4config_ring4096_20260824/cells/20260824T125526Z_xdp_drop_4500000.json
8000000	1	1	native	read-data	1	True	7871758.6	0.016028	1.0	405.34	0.6692	0.4359	1.0227	-	/home/luw/XDP3/data/paired/paired_4config_ring4096_20260824/cells/20260824T125614Z_xdp_drop_8000000.json
8000000	1	2	skb	read-data	1	True	1210464.2	0.848693	1.0	2638.45	5.93	0.6746	0.9456	-	/home/luw/XDP3/data/paired/paired_4config_ring4096_20260824/cells/20260824T125702Z_xdp_drop_8000000.json
8000000	1	3	native	no-touch	1	True	7999939.0	0.0	1.0	298.13	0.5717	0.7421	0.1533	-	/home/luw/XDP3/data/paired/paired_4config_ring4096_20260824/cells/20260824T125750Z_xdp_drop_8000000.json
8000000	1	4	skb	no-touch	1	True	1209743.0	0.848784	1.0	2640.01	5.3985	0.6789	0.947	-	/home/luw/XDP3/data/paired/paired_4config_ring4096_20260824/cells/20260824T125837Z_xdp_drop_8000000.json
11000000	1	1	skb	read-data	1	True	1212398.6	0.889769	1.0	2634.14	4.9853	0.6744	0.9492	-	/home/luw/XDP3/data/paired/paired_4config_ring4096_20260824/cells/20260824T125925Z_xdp_drop_11000000.json
11000000	1	2	native	read-data	1	True	7704107.2	0.299648	1.0	413.91	0.661	0.4221	1.0007	-	/home/luw/XDP3/data/paired/paired_4config_ring4096_20260824/cells/20260824T130013Z_xdp_drop_11000000.json
11000000	1	3	skb	no-touch	1	True	1204800.4	0.890479	1.0	2650.86	5.0342	0.7411	1.0736	-	/home/luw/XDP3/data/paired/paired_4config_ring4096_20260824/cells/20260824T130100Z_xdp_drop_11000000.json
11000000	1	4	native	no-touch	1	True	11000239.6	0.0	1.0	254.83	0.445	0.8149	0.1538	-	/home/luw/XDP3/data/paired/paired_4config_ring4096_20260824/cells/20260824T130148Z_xdp_drop_11000000.json
2000000	1	1	native	read-data	1	True	1999989.9	0.0	1.0	592.34	0.5567	0.7885	1.0595	-	/home/luw/XDP3/data/paired/paired_4config_ring4096_20260824/cells/20260824T130236Z_xdp_drop_2000000.json
2000000	1	2	skb	no-touch	1	True	1213879.4	0.393058	1.0	2631.06	4.7816	0.6839	0.9459	-	/home/luw/XDP3/data/paired/paired_4config_ring4096_20260824/cells/20260824T130324Z_xdp_drop_2000000.json
2000000	1	3	skb	read-data	1	True	1211678.8	0.394158	1.0	2635.83	4.9618	0.6761	0.9474	-	/home/luw/XDP3/data/paired/paired_4config_ring4096_20260824/cells/20260824T130411Z_xdp_drop_2000000.json
2000000	1	4	native	no-touch	1	True	1999981.1	0.0	1.0	421.76	0.5058	0.7461	0.1961	-	/home/luw/XDP3/data/paired/paired_4config_ring4096_20260824/cells/20260824T130459Z_xdp_drop_2000000.json
5500000	1	1	native	no-touch	1	True	5500195.7	0.0	1.0	365.9	0.5828	0.7508	0.1906	-	/home/luw/XDP3/data/paired/paired_4config_ring4096_20260824/cells/20260824T130547Z_xdp_drop_5500000.json
5500000	1	2	native	read-data	1	True	5500192.5	0.0	1.0	456.82	0.5598	0.7545	1.0412	-	/home/luw/XDP3/data/paired/paired_4config_ring4096_20260824/cells/20260824T130634Z_xdp_drop_5500000.json
5500000	1	3	skb	no-touch	1	True	1203691.1	0.781158	1.0	2653.33	5.0186	0.6729	0.9438	-	/home/luw/XDP3/data/paired/paired_4config_ring4096_20260824/cells/20260824T130722Z_xdp_drop_5500000.json
5500000	1	4	skb	read-data	1	True	1202786.1	0.781322	1.0	2655.27	4.812	0.6713	0.9395	-	/home/luw/XDP3/data/paired/paired_4config_ring4096_20260824/cells/20260824T130810Z_xdp_drop_5500000.json
9500000	1	1	skb	read-data	1	True	1210046.7	0.872622	1.0	2639.35	4.8609	0.667	0.9396	-	/home/luw/XDP3/data/paired/paired_4config_ring4096_20260824/cells/20260824T130857Z_xdp_drop_9500000.json
9500000	1	2	skb	no-touch	1	True	1211517.2	0.872468	1.0	2636.21	4.7769	0.669	0.9396	-	/home/luw/XDP3/data/paired/paired_4config_ring4096_20260824/cells/20260824T130945Z_xdp_drop_9500000.json
9500000	1	3	native	no-touch	1	True	9499513.0	0.0	1.0	266.95	0.537	0.7468	0.1496	-	/home/luw/XDP3/data/paired/paired_4config_ring4096_20260824/cells/20260824T131033Z_xdp_drop_9500000.json
9500000	1	4	native	read-data	1	True	7680067.1	0.191533	1.0	415.18	0.6588	0.4352	1.0001	-	/home/luw/XDP3/data/paired/paired_4config_ring4096_20260824/cells/20260824T131121Z_xdp_drop_9500000.json
10500000	1	1	native	read-data	1	True	7630794.6	0.273224	1.0	417.99	0.6649	0.431	1.0229	-	/home/luw/XDP3/data/paired/paired_4config_ring4096_20260824/cells/20260824T131209Z_xdp_drop_10500000.json
10500000	1	2	skb	no-touch	1	True	1204522.3	0.885282	1.0	2651.49	5.0015	0.7845	1.0989	-	/home/luw/XDP3/data/paired/paired_4config_ring4096_20260824/cells/20260824T131256Z_xdp_drop_10500000.json
10500000	1	3	native	no-touch	1	True	10499521.9	0.0	1.0	257.02	0.5017	0.7642	0.1559	-	/home/luw/XDP3/data/paired/paired_4config_ring4096_20260824/cells/20260824T131344Z_xdp_drop_10500000.json
10500000	1	4	skb	read-data	1	True	1210762.9	0.884683	1.0	2637.78	5.9236	0.6685	0.943	-	/home/luw/XDP3/data/paired/paired_4config_ring4096_20260824/cells/20260824T131432Z_xdp_drop_10500000.json
13000000	1	1	skb	read-data	1	True	1209092.2	0.906737	1.0	2641.42	4.8841	0.6666	0.9495	-	/home/luw/XDP3/data/paired/paired_4config_ring4096_20260824/cells/20260824T131519Z_xdp_drop_13000000.json
13000000	1	2	native	no-touch	1	True	12997260.7	0.0	1.0	239.73	0.3935	0.7795	0.1604	-	/home/luw/XDP3/data/paired/paired_4config_ring4096_20260824/cells/20260824T131607Z_xdp_drop_13000000.json
13000000	1	3	skb	no-touch	1	True	1209472.6	0.906731	1.0	2640.6	5.9448	0.7764	1.0721	-	/home/luw/XDP3/data/paired/paired_4config_ring4096_20260824/cells/20260824T131655Z_xdp_drop_13000000.json
13000000	1	4	native	read-data	1	True	7875326.2	0.394035	1.0	405.21	0.6391	0.4583	1.0269	-	/home/luw/XDP3/data/paired/paired_4config_ring4096_20260824/cells/20260824T131742Z_xdp_drop_13000000.json
7000000	1	1	skb	no-touch	1	True	1207434.3	0.827512	1.0	2645.1	6.2209	0.665	0.9529	-	/home/luw/XDP3/data/paired/paired_4config_ring4096_20260824/cells/20260824T131830Z_xdp_drop_7000000.json
7000000	1	2	native	read-data	1	True	7000060.1	0.0	1.0	409.77	0.4432	0.8015	1.0146	-	/home/luw/XDP3/data/paired/paired_4config_ring4096_20260824/cells/20260824T131918Z_xdp_drop_7000000.json
7000000	1	3	skb	read-data	1	True	1204766.6	0.827893	1.0	2650.99	6.0587	0.6961	1.0201	-	/home/luw/XDP3/data/paired/paired_4config_ring4096_20260824/cells/20260824T132006Z_xdp_drop_7000000.json
7000000	1	4	native	no-touch	1	True	7000036.2	0.0	1.0	322.55	0.5458	0.7381	0.1222	-	/home/luw/XDP3/data/paired/paired_4config_ring4096_20260824/cells/20260824T132053Z_xdp_drop_7000000.json
14880952	1	1	native	read-data	1	True	7666878.3	0.482369	1.0	415.93	0.6509	0.4366	1.0154	-	/home/luw/XDP3/data/paired/paired_4config_ring4096_20260824/cells/20260824T132141Z_xdp_drop_14880952.json
14880952	1	2	skb	read-data	1	True	1208320.7	0.91388	1.0	2643.14	5.4261	0.6708	0.9511	-	/home/luw/XDP3/data/paired/paired_4config_ring4096_20260824/cells/20260824T132229Z_xdp_drop_14880952.json
14880952	1	3	skb	no-touch	1	True	1212246.5	0.916562	1.0	2634.57	4.9004	0.6735	0.9459	-	/home/luw/XDP3/data/paired/paired_4config_ring4096_20260824/cells/20260824T132317Z_xdp_drop_14880952.json
14880952	1	4	native	no-touch	1	True	13885958.6	0.062456	1.0	230.01	0.6578	0.4116	0.152	-	/home/luw/XDP3/data/paired/paired_4config_ring4096_20260824/cells/20260824T132405Z_xdp_drop_14880952.json
14880952	1	1	skb	read-data	0	True	1213034.7	0.917359	1.0	0.0	0.0	0.0	0.0	-	/home/luw/XDP3/data/paired/paired_4config_ring4096_20260824/cells/20260824T132452Z_xdp_drop_14880952.json
14880952	1	2	native	read-data	0	True	7675656.7	0.47923	1.0	0.0	0.0	0.0	0.0	-	/home/luw/XDP3/data/paired/paired_4config_ring4096_20260824/cells/20260824T132540Z_xdp_drop_14880952.json
14880952	1	3	skb	no-touch	0	True	1213649.3	0.911435	1.0	0.0	0.0	0.0	0.0	-	/home/luw/XDP3/data/paired/paired_4config_ring4096_20260824/cells/20260824T132628Z_xdp_drop_14880952.json
14880952	1	4	native	no-touch	0	True	14091287.6	0.048011	1.0	0.0	0.0	0.0	0.0	-	/home/luw/XDP3/data/paired/paired_4config_ring4096_20260824/cells/20260824T132716Z_xdp_drop_14880952.json
12500000	1	1	native	no-touch	1	True	12496508.5	0.0	1.0	245.03	0.4182	0.8568	0.1135	-	/home/luw/XDP3/data/paired/paired_4config_ring4096_20260824/cells/20260824T132804Z_xdp_drop_12500000.json
12500000	1	2	skb	no-touch	1	True	1205427.4	0.903358	1.0	2649.47	6.0316	0.7528	1.071	-	/home/luw/XDP3/data/paired/paired_4config_ring4096_20260824/cells/20260824T132852Z_xdp_drop_12500000.json
12500000	1	3	skb	read-data	1	True	1208633.4	0.901727	1.0	2642.36	5.6232	0.7368	1.0646	-	/home/luw/XDP3/data/paired/paired_4config_ring4096_20260824/cells/20260824T132939Z_xdp_drop_12500000.json
12500000	1	4	native	read-data	1	True	8067219.4	0.354149	1.0	395.44	0.6201	0.4271	0.9743	-	/home/luw/XDP3/data/paired/paired_4config_ring4096_20260824/cells/20260824T133027Z_xdp_drop_12500000.json
10000000	1	1	skb	read-data	1	True	1205293.3	0.879455	1.0	2649.78	5.8593	0.7862	1.1011	-	/home/luw/XDP3/data/paired/paired_4config_ring4096_20260824/cells/20260824T133115Z_xdp_drop_10000000.json
10000000	1	2	native	read-data	1	True	7872897.2	0.212675	1.0	405.33	0.6681	0.4315	1.0229	-	/home/luw/XDP3/data/paired/paired_4config_ring4096_20260824/cells/20260824T133203Z_xdp_drop_10000000.json
10000000	1	3	skb	no-touch	1	True	1212685.2	0.878512	1.0	2633.65	6.0131	0.6674	0.9448	-	/home/luw/XDP3/data/paired/paired_4config_ring4096_20260824/cells/20260824T133250Z_xdp_drop_10000000.json
10000000	1	4	native	no-touch	1	True	9999586.6	0.0	1.0	261.68	0.4928	0.6934	0.1418	-	/home/luw/XDP3/data/paired/paired_4config_ring4096_20260824/cells/20260824T133338Z_xdp_drop_10000000.json
12000000	1	1	skb	no-touch	1	True	1204542.8	0.899173	1.0	2651.49	5.6806	0.7482	1.058	-	/home/luw/XDP3/data/paired/paired_4config_ring4096_20260824/cells/20260824T133426Z_xdp_drop_12000000.json
12000000	1	2	native	read-data	1	True	7648575.4	0.361431	1.0	417.02	0.6545	0.4332	1.0102	-	/home/luw/XDP3/data/paired/paired_4config_ring4096_20260824/cells/20260824T133514Z_xdp_drop_12000000.json
12000000	1	3	skb	read-data	1	True	1208781.2	0.898911	1.0	2642.14	5.4863	0.6735	0.9445	-	/home/luw/XDP3/data/paired/paired_4config_ring4096_20260824/cells/20260824T133602Z_xdp_drop_12000000.json
12000000	1	4	native	no-touch	1	True	11996821.3	0.0	1.0	250.48	0.4261	0.8549	0.1034	-	/home/luw/XDP3/data/paired/paired_4config_ring4096_20260824/cells/20260824T133649Z_xdp_drop_12000000.json
4000000	1	1	skb	read-data	1	True	1207622.9	0.698093	1.0	2644.66	5.556	0.6623	0.958	-	/home/luw/XDP3/data/paired/paired_4config_ring4096_20260824/cells/20260824T133737Z_xdp_drop_4000000.json
4000000	1	2	native	read-data	1	True	3999961.7	0.0	1.0	536.36	0.5402	0.7658	1.0524	-	/home/luw/XDP3/data/paired/paired_4config_ring4096_20260824/cells/20260824T133825Z_xdp_drop_4000000.json
4000000	1	3	native	no-touch	1	True	3999972.2	0.0	1.0	407.64	0.4951	0.7674	0.1367	-	/home/luw/XDP3/data/paired/paired_4config_ring4096_20260824/cells/20260824T133913Z_xdp_drop_4000000.json
4000000	1	4	skb	no-touch	1	True	1211546.3	0.697113	1.0	2636.12	4.9574	0.6969	0.9972	-	/home/luw/XDP3/data/paired/paired_4config_ring4096_20260824/cells/20260824T134000Z_xdp_drop_4000000.json
750000	1	1	native	read-data	1	True	750001.3	0.0	1.0	590.74	0.5492	0.7761	1.0366	-	/home/luw/XDP3/data/paired/paired_4config_ring4096_20260824/cells/20260824T134048Z_xdp_drop_750000.json
750000	1	2	native	no-touch	1	True	750000.2	0.0	1.0	417.93	0.4993	0.7323	0.1645	-	/home/luw/XDP3/data/paired/paired_4config_ring4096_20260824/cells/20260824T134136Z_xdp_drop_750000.json
750000	1	3	skb	no-touch	1	True	749999.9	0.0	1.0	2903.54	7.0815	0.7678	0.8937	-	/home/luw/XDP3/data/paired/paired_4config_ring4096_20260824/cells/20260824T134224Z_xdp_drop_750000.json
750000	1	4	skb	read-data	1	True	750002.1	0.0	1.0	2908.7	7.066	0.767	0.8934	-	/home/luw/XDP3/data/paired/paired_4config_ring4096_20260824/cells/20260824T134312Z_xdp_drop_750000.json
6000000	1	1	native	read-data	1	True	6000164.0	0.0	1.0	436.66	0.5541	0.7615	1.0475	-	/home/luw/XDP3/data/paired/paired_4config_ring4096_20260824/cells/20260824T134359Z_xdp_drop_6000000.json
6000000	1	2	native	no-touch	1	True	6000138.7	0.0	1.0	349.07	0.5425	0.7646	0.1485	-	/home/luw/XDP3/data/paired/paired_4config_ring4096_20260824/cells/20260824T134447Z_xdp_drop_6000000.json
6000000	1	3	skb	read-data	1	True	1212003.3	0.798005	1.0	2635.16	5.8719	0.6612	0.9274	-	/home/luw/XDP3/data/paired/paired_4config_ring4096_20260824/cells/20260824T134535Z_xdp_drop_6000000.json
6000000	1	4	skb	no-touch	1	True	1215805.6	0.797367	1.0	2626.85	4.7046	0.6544	0.9208	-	/home/luw/XDP3/data/paired/paired_4config_ring4096_20260824/cells/20260824T134622Z_xdp_drop_6000000.json
3000000	1	1	native	no-touch	1	True	3000064.2	0.0	1.0	434.52	0.5268	0.7336	0.1347	-	/home/luw/XDP3/data/paired/paired_4config_ring4096_20260824/cells/20260824T134710Z_xdp_drop_3000000.json
3000000	1	2	skb	read-data	1	True	1213073.2	0.595652	1.0	2632.8	4.7868	0.6968	0.9647	-	/home/luw/XDP3/data/paired/paired_4config_ring4096_20260824/cells/20260824T134758Z_xdp_drop_3000000.json
3000000	1	3	native	read-data	1	True	3000065.8	0.0	1.0	600.67	0.5817	0.7451	1.0381	-	/home/luw/XDP3/data/paired/paired_4config_ring4096_20260824/cells/20260824T134846Z_xdp_drop_3000000.json
3000000	1	4	skb	no-touch	1	True	1219683.1	0.59345	1.0	2618.51	5.5362	0.7473	1.0441	-	/home/luw/XDP3/data/paired/paired_4config_ring4096_20260824/cells/20260824T134933Z_xdp_drop_3000000.json
14000000	1	1	native	no-touch	1	True	13910333.9	0.003702	1.0	229.5	0.6333	0.4021	0.1287	-	/home/luw/XDP3/data/paired/paired_4config_ring4096_20260824/cells/20260824T135021Z_xdp_drop_14000000.json
14000000	1	2	skb	read-data	1	True	1203076.2	0.91102	1.0	2654.66	6.1463	0.752	1.0942	-	/home/luw/XDP3/data/paired/paired_4config_ring4096_20260824/cells/20260824T135109Z_xdp_drop_14000000.json
14000000	1	3	skb	no-touch	1	True	1201230.0	0.913189	1.0	2658.74	5.0788	0.7424	1.0938	-	/home/luw/XDP3/data/paired/paired_4config_ring4096_20260824/cells/20260824T135157Z_xdp_drop_14000000.json
14000000	1	4	native	read-data	1	True	7777906.3	0.443165	1.0	409.93	0.654	0.4049	0.9869	-	/home/luw/XDP3/data/paired/paired_4config_ring4096_20260824/cells/20260824T135244Z_xdp_drop_14000000.json
14000000	1	1	skb	no-touch	0	True	1213175.4	0.912652	1.0	0.0	0.0	0.0	0.0	-	/home/luw/XDP3/data/paired/paired_4config_ring4096_20260824/cells/20260824T135332Z_xdp_drop_14000000.json
14000000	1	2	native	no-touch	0	True	13938060.1	0.003668	1.0	0.0	0.0	0.0	0.0	-	/home/luw/XDP3/data/paired/paired_4config_ring4096_20260824/cells/20260824T135420Z_xdp_drop_14000000.json
14000000	1	3	native	read-data	0	True	7696426.9	0.449536	1.0	0.0	0.0	0.0	0.0	-	/home/luw/XDP3/data/paired/paired_4config_ring4096_20260824/cells/20260824T135508Z_xdp_drop_14000000.json
14000000	1	4	skb	read-data	0	True	1215140.0	0.91194	1.0	0.0	0.0	0.0	0.0	-	/home/luw/XDP3/data/paired/paired_4config_ring4096_20260824/cells/20260824T135556Z_xdp_drop_14000000.json
7500000	1	1	skb	read-data	1	True	1211127.1	0.838511	1.0	2637.02	4.6183	0.6715	0.9427	-	/home/luw/XDP3/data/paired/paired_4config_ring4096_20260824/cells/20260824T135643Z_xdp_drop_7500000.json
7500000	1	2	native	no-touch	1	True	7499681.2	0.0	1.0	309.94	0.525	0.6238	0.1309	-	/home/luw/XDP3/data/paired/paired_4config_ring4096_20260824/cells/20260824T135731Z_xdp_drop_7500000.json
7500000	1	3	skb	no-touch	1	True	1202985.7	0.839596	1.0	2654.83	5.8033	0.7797	1.1097	-	/home/luw/XDP3/data/paired/paired_4config_ring4096_20260824/cells/20260824T135819Z_xdp_drop_7500000.json
7500000	1	4	native	read-data	1	True	7499849.6	0.0	1.0	414.85	0.3706	0.8993	1.0362	-	/home/luw/XDP3/data/paired/paired_4config_ring4096_20260824/cells/20260824T135906Z_xdp_drop_7500000.json
250000	2	1	native	no-touch	1	True	250000.0	0.0	1.0	528.11	0.5179	0.7866	0.1567	-	/home/luw/XDP3/data/paired/paired_4config_ring4096_20260824/cells/20260824T135954Z_xdp_drop_250000.json
250000	2	2	skb	read-data	1	True	250001.9	0.0	1.0	2947.04	7.6574	0.9161	1.0457	-	/home/luw/XDP3/data/paired/paired_4config_ring4096_20260824/cells/20260824T140042Z_xdp_drop_250000.json
250000	2	3	native	read-data	1	True	250001.0	0.0	1.0	691.54	0.6177	0.7844	1.0452	-	/home/luw/XDP3/data/paired/paired_4config_ring4096_20260824/cells/20260824T140130Z_xdp_drop_250000.json
250000	2	4	skb	no-touch	1	True	250000.3	0.0	1.0	2932.78	7.5714	0.7991	0.9255	-	/home/luw/XDP3/data/paired/paired_4config_ring4096_20260824/cells/20260824T140218Z_xdp_drop_250000.json
12500000	2	1	skb	no-touch	1	True	1208522.4	0.902896	1.0	2642.75	5.9916	0.6805	0.9514	-	/home/luw/XDP3/data/paired/paired_4config_ring4096_20260824/cells/20260824T140305Z_xdp_drop_12500000.json
12500000	2	2	native	read-data	1	True	7904847.6	0.366861	1.0	403.37	0.6531	0.4469	1.021	-	/home/luw/XDP3/data/paired/paired_4config_ring4096_20260824/cells/20260824T140353Z_xdp_drop_12500000.json
12500000	2	3	skb	read-data	1	True	1207361.2	0.903002	1.0	2645.18	5.067	0.7058	1.0009	-	/home/luw/XDP3/data/paired/paired_4config_ring4096_20260824/cells/20260824T140441Z_xdp_drop_12500000.json
12500000	2	4	native	no-touch	1	True	12497503.8	0.0	1.0	245.51	0.3884	0.7464	0.1572	-	/home/luw/XDP3/data/paired/paired_4config_ring4096_20260824/cells/20260824T140529Z_xdp_drop_12500000.json
1000000	2	1	native	read-data	1	True	1000007.8	0.0	1.0	591.72	0.6048	0.7391	1.0494	-	/home/luw/XDP3/data/paired/paired_4config_ring4096_20260824/cells/20260824T140616Z_xdp_drop_1000000.json
1000000	2	2	native	no-touch	1	True	999975.3	0.0	1.0	415.03	0.542	0.6952	0.1383	-	/home/luw/XDP3/data/paired/paired_4config_ring4096_20260824/cells/20260824T140704Z_xdp_drop_1000000.json
1000000	2	3	skb	no-touch	1	True	1000007.0	0.0	1.0	2812.3	6.8015	0.7937	0.9285	-	/home/luw/XDP3/data/paired/paired_4config_ring4096_20260824/cells/20260824T140752Z_xdp_drop_1000000.json
1000000	2	4	skb	read-data	1	True	1000009.8	0.0	1.0	2813.61	6.605	0.7978	0.9279	-	/home/luw/XDP3/data/paired/paired_4config_ring4096_20260824/cells/20260824T140839Z_xdp_drop_1000000.json
13000000	2	1	native	no-touch	1	True	12990459.6	0.0	1.0	239.87	0.34	0.8366	0.1612	-	/home/luw/XDP3/data/paired/paired_4config_ring4096_20260824/cells/20260824T140927Z_xdp_drop_13000000.json
13000000	2	2	skb	read-data	1	True	1208731.0	0.90601	1.0	2642.27	5.2738	0.6665	0.9565	-	/home/luw/XDP3/data/paired/paired_4config_ring4096_20260824/cells/20260824T141015Z_xdp_drop_13000000.json
13000000	2	3	native	read-data	1	True	7678807.4	0.408748	1.0	415.11	0.6607	0.422	1.0128	-	/home/luw/XDP3/data/paired/paired_4config_ring4096_20260824/cells/20260824T141103Z_xdp_drop_13000000.json
13000000	2	4	skb	no-touch	1	True	1212784.8	0.90543	1.0	2633.4	5.3542	0.678	0.9446	-	/home/luw/XDP3/data/paired/paired_4config_ring4096_20260824/cells/20260824T141151Z_xdp_drop_13000000.json
12000000	2	1	skb	read-data	1	True	1211267.1	0.898908	1.0	2636.71	5.2383	0.6693	0.9424	-	/home/luw/XDP3/data/paired/paired_4config_ring4096_20260824/cells/20260824T141238Z_xdp_drop_12000000.json
12000000	2	2	native	no-touch	1	True	11995870.4	0.0	1.0	250.22	0.4412	0.8379	0.1609	-	/home/luw/XDP3/data/paired/paired_4config_ring4096_20260824/cells/20260824T141326Z_xdp_drop_12000000.json
12000000	2	3	skb	no-touch	1	True	1209061.7	0.899089	1.0	2641.49	5.3773	0.7156	0.9959	-	/home/luw/XDP3/data/paired/paired_4config_ring4096_20260824/cells/20260824T141414Z_xdp_drop_12000000.json
12000000	2	4	native	read-data	1	True	8160465.3	0.31987	1.0	390.89	0.5955	0.4348	0.9514	-	/home/luw/XDP3/data/paired/paired_4config_ring4096_20260824/cells/20260824T141501Z_xdp_drop_12000000.json
6500000	2	1	native	no-touch	1	True	6500006.3	0.0	1.0	334.84	0.5474	0.7621	0.1591	-	/home/luw/XDP3/data/paired/paired_4config_ring4096_20260824/cells/20260824T141549Z_xdp_drop_6500000.json
6500000	2	2	native	read-data	1	True	6500146.3	0.0	1.0	426.06	0.4634	0.8195	1.0255	-	/home/luw/XDP3/data/paired/paired_4config_ring4096_20260824/cells/20260824T141637Z_xdp_drop_6500000.json
6500000	2	3	skb	no-touch	1	True	1206623.0	0.814372	1.0	2646.87	5.6258	0.7728	1.081	-	/home/luw/XDP3/data/paired/paired_4config_ring4096_20260824/cells/20260824T141725Z_xdp_drop_6500000.json
6500000	2	4	skb	read-data	1	True	1208817.9	0.814036	1.0	2641.99	5.7552	0.7625	1.0775	-	/home/luw/XDP3/data/paired/paired_4config_ring4096_20260824/cells/20260824T141812Z_xdp_drop_6500000.json
10500000	2	1	native	no-touch	1	True	10498333.1	0.0	1.0	257.58	0.4836	0.7768	0.1591	-	/home/luw/XDP3/data/paired/paired_4config_ring4096_20260824/cells/20260824T141900Z_xdp_drop_10500000.json
10500000	2	2	native	read-data	1	True	7683798.8	0.268179	1.0	414.58	0.6622	0.4285	1.0158	-	/home/luw/XDP3/data/paired/paired_4config_ring4096_20260824/cells/20260824T141948Z_xdp_drop_10500000.json
10500000	2	3	skb	no-touch	1	True	1214109.1	0.884368	1.0	2630.5	5.9681	0.6699	0.9395	-	/home/luw/XDP3/data/paired/paired_4config_ring4096_20260824/cells/20260824T142036Z_xdp_drop_10500000.json
10500000	2	4	skb	read-data	1	True	1208773.7	0.88487	1.0	2642.1	5.5346	0.6645	0.9492	-	/home/luw/XDP3/data/paired/paired_4config_ring4096_20260824/cells/20260824T142124Z_xdp_drop_10500000.json
2500000	2	1	skb	read-data	1	True	1205069.4	0.51797	1.0	2650.24	5.5521	0.6638	0.9506	-	/home/luw/XDP3/data/paired/paired_4config_ring4096_20260824/cells/20260824T142211Z_xdp_drop_2500000.json
2500000	2	2	skb	no-touch	1	True	1208087.8	0.516765	1.0	2643.63	5.4856	0.6651	0.9498	-	/home/luw/XDP3/data/paired/paired_4config_ring4096_20260824/cells/20260824T142259Z_xdp_drop_2500000.json
2500000	2	3	native	read-data	1	True	2499984.1	0.0	1.0	599.12	0.5492	0.7118	0.9586	-	/home/luw/XDP3/data/paired/paired_4config_ring4096_20260824/cells/20260824T142347Z_xdp_drop_2500000.json
2500000	2	4	native	no-touch	1	True	2499990.0	0.0	1.0	457.4	0.5189	0.7582	0.2002	-	/home/luw/XDP3/data/paired/paired_4config_ring4096_20260824/cells/20260824T142434Z_xdp_drop_2500000.json
7500000	2	1	native	read-data	1	True	7499841.0	0.0	1.0	413.86	0.3542	0.8903	1.0368	-	/home/luw/XDP3/data/paired/paired_4config_ring4096_20260824/cells/20260824T142522Z_xdp_drop_7500000.json
7500000	2	2	skb	read-data	1	True	1205691.4	0.839231	1.0	2648.9	5.6474	0.7056	1.0003	-	/home/luw/XDP3/data/paired/paired_4config_ring4096_20260824/cells/20260824T142610Z_xdp_drop_7500000.json
7500000	2	3	skb	no-touch	1	True	1209384.4	0.83874	1.0	2640.76	4.7184	0.7054	0.9938	-	/home/luw/XDP3/data/paired/paired_4config_ring4096_20260824/cells/20260824T142658Z_xdp_drop_7500000.json
7500000	2	4	native	no-touch	1	True	7499686.8	0.0	1.0	310.55	0.5827	0.6982	0.1505	-	/home/luw/XDP3/data/paired/paired_4config_ring4096_20260824/cells/20260824T142745Z_xdp_drop_7500000.json
500000	2	1	skb	read-data	1	True	500002.6	0.0	1.0	2881.79	7.2236	0.7889	0.9063	-	/home/luw/XDP3/data/paired/paired_4config_ring4096_20260824/cells/20260824T142833Z_xdp_drop_500000.json
500000	2	2	native	read-data	1	True	500001.2	0.0	1.0	571.28	0.556	0.7967	1.0613	-	/home/luw/XDP3/data/paired/paired_4config_ring4096_20260824/cells/20260824T142921Z_xdp_drop_500000.json
500000	2	3	skb	no-touch	1	True	500001.7	0.0	1.0	2877.35	7.1971	0.7798	0.9133	-	/home/luw/XDP3/data/paired/paired_4config_ring4096_20260824/cells/20260824T143009Z_xdp_drop_500000.json
500000	2	4	native	no-touch	1	True	499999.1	0.0	1.0	392.78	0.49	0.7631	0.1552	-	/home/luw/XDP3/data/paired/paired_4config_ring4096_20260824/cells/20260824T143057Z_xdp_drop_500000.json
6000000	2	1	skb	no-touch	1	True	1208575.7	0.798576	1.0	2642.57	6.2597	0.6674	0.9548	-	/home/luw/XDP3/data/paired/paired_4config_ring4096_20260824/cells/20260824T143144Z_xdp_drop_6000000.json
6000000	2	2	skb	read-data	1	True	1205188.8	0.799142	1.0	2649.98	6.2512	0.6676	0.9555	-	/home/luw/XDP3/data/paired/paired_4config_ring4096_20260824/cells/20260824T143232Z_xdp_drop_6000000.json
6000000	2	3	native	no-touch	1	True	6000133.9	0.0	1.0	359.99	0.5208	0.6331	0.0768	-	/home/luw/XDP3/data/paired/paired_4config_ring4096_20260824/cells/20260824T143320Z_xdp_drop_6000000.json
6000000	2	4	native	read-data	1	True	6000154.4	0.0	1.0	436.11	0.5534	0.7755	1.0483	-	/home/luw/XDP3/data/paired/paired_4config_ring4096_20260824/cells/20260824T143407Z_xdp_drop_6000000.json
5000000	2	1	native	no-touch	1	True	4999971.1	0.0	1.0	388.14	0.5706	0.749	0.1979	-	/home/luw/XDP3/data/paired/paired_4config_ring4096_20260824/cells/20260824T143455Z_xdp_drop_5000000.json
5000000	2	2	skb	no-touch	1	True	1208177.6	0.758366	1.0	2643.47	6.2684	0.6813	0.9523	-	/home/luw/XDP3/data/paired/paired_4config_ring4096_20260824/cells/20260824T143543Z_xdp_drop_5000000.json
5000000	2	3	skb	read-data	1	True	1207922.6	0.758418	1.0	2643.96	5.8211	0.6693	0.9553	-	/home/luw/XDP3/data/paired/paired_4config_ring4096_20260824/cells/20260824T143631Z_xdp_drop_5000000.json
5000000	2	4	native	read-data	1	True	4999974.1	0.0	1.0	484.87	0.5618	0.7444	1.0177	-	/home/luw/XDP3/data/paired/paired_4config_ring4096_20260824/cells/20260824T143718Z_xdp_drop_5000000.json
3000000	2	1	skb	read-data	1	True	1204667.9	0.598455	1.0	2651.16	5.9757	0.7593	1.0539	-	/home/luw/XDP3/data/paired/paired_4config_ring4096_20260824/cells/20260824T143806Z_xdp_drop_3000000.json
3000000	2	2	native	no-touch	1	True	3000076.8	0.0	1.0	433.67	0.5127	0.7538	0.1646	-	/home/luw/XDP3/data/paired/paired_4config_ring4096_20260824/cells/20260824T143854Z_xdp_drop_3000000.json
3000000	2	3	skb	no-touch	1	True	1217033.0	0.594335	1.0	2624.26	5.9937	0.6533	0.9205	-	/home/luw/XDP3/data/paired/paired_4config_ring4096_20260824/cells/20260824T143942Z_xdp_drop_3000000.json
3000000	2	4	native	read-data	1	True	3000070.3	0.0	1.0	590.53	0.5608	0.7951	1.0513	-	/home/luw/XDP3/data/paired/paired_4config_ring4096_20260824/cells/20260824T144029Z_xdp_drop_3000000.json
750000	2	1	skb	no-touch	1	True	749996.2	0.0	1.0	2910.23	7.0184	0.7748	0.898	-	/home/luw/XDP3/data/paired/paired_4config_ring4096_20260824/cells/20260824T144117Z_xdp_drop_750000.json
750000	2	2	skb	read-data	1	True	749999.5	0.0	1.0	2916.43	7.1965	0.7782	0.898	-	/home/luw/XDP3/data/paired/paired_4config_ring4096_20260824/cells/20260824T144205Z_xdp_drop_750000.json
750000	2	3	native	no-touch	1	True	750002.1	0.0	1.0	415.51	0.5362	0.6994	0.106	-	/home/luw/XDP3/data/paired/paired_4config_ring4096_20260824/cells/20260824T144253Z_xdp_drop_750000.json
750000	2	4	native	read-data	1	True	749998.4	0.0	1.0	579.29	0.5485	0.7972	1.0657	-	/home/luw/XDP3/data/paired/paired_4config_ring4096_20260824/cells/20260824T144340Z_xdp_drop_750000.json
9500000	2	1	native	no-touch	1	True	9499536.8	0.0	1.0	266.91	0.5235	0.7502	0.1576	-	/home/luw/XDP3/data/paired/paired_4config_ring4096_20260824/cells/20260824T144428Z_xdp_drop_9500000.json
9500000	2	2	skb	no-touch	1	True	1206112.6	0.873032	1.0	2647.93	5.5167	0.7268	1.0263	-	/home/luw/XDP3/data/paired/paired_4config_ring4096_20260824/cells/20260824T144516Z_xdp_drop_9500000.json
9500000	2	3	skb	read-data	1	True	1210386.1	0.872588	1.0	2638.55	5.8215	0.7154	1.0213	-	/home/luw/XDP3/data/paired/paired_4config_ring4096_20260824/cells/20260824T144604Z_xdp_drop_9500000.json
9500000	2	4	native	read-data	1	True	7613134.1	0.198567	1.0	418.61	0.6557	0.4506	1.0413	-	/home/luw/XDP3/data/paired/paired_4config_ring4096_20260824/cells/20260824T144651Z_xdp_drop_9500000.json
1500000	2	1	native	no-touch	1	True	1500002.3	0.0	1.0	433.71	0.5285	0.8097	0.1281	-	/home/luw/XDP3/data/paired/paired_4config_ring4096_20260824/cells/20260824T144739Z_xdp_drop_1500000.json
1500000	2	2	skb	read-data	1	True	1210104.5	0.193261	1.0	2639.12	4.8916	0.6684	0.9448	-	/home/luw/XDP3/data/paired/paired_4config_ring4096_20260824/cells/20260824T144827Z_xdp_drop_1500000.json
1500000	2	3	native	read-data	1	True	1499998.5	0.0	1.0	600.31	0.5363	0.7586	1.0173	-	/home/luw/XDP3/data/paired/paired_4config_ring4096_20260824/cells/20260824T144914Z_xdp_drop_1500000.json
1500000	2	4	skb	no-touch	1	True	1204236.5	0.197175	1.0	2652.14	5.9606	0.7523	1.0326	-	/home/luw/XDP3/data/paired/paired_4config_ring4096_20260824/cells/20260824T145002Z_xdp_drop_1500000.json
14880952	2	1	native	read-data	1	True	7667652.5	0.481476	1.0	415.76	0.6491	0.4429	1.0069	-	/home/luw/XDP3/data/paired/paired_4config_ring4096_20260824/cells/20260824T145050Z_xdp_drop_14880952.json
14880952	2	2	native	no-touch	1	True	14000083.6	0.050569	1.0	228.12	0.5411	0.4039	0.1268	-	/home/luw/XDP3/data/paired/paired_4config_ring4096_20260824/cells/20260824T145138Z_xdp_drop_14880952.json
14880952	2	3	skb	no-touch	1	True	1212916.3	0.909262	1.0	2633.11	5.517	0.6814	0.937	-	/home/luw/XDP3/data/paired/paired_4config_ring4096_20260824/cells/20260824T145226Z_xdp_drop_14880952.json
14880952	2	4	skb	read-data	1	True	1207771.8	0.898769	1.0	2644.3	5.5246	0.6815	0.9475	-	/home/luw/XDP3/data/paired/paired_4config_ring4096_20260824/cells/20260824T145314Z_xdp_drop_14880952.json
14880952	2	1	skb	read-data	0	True	1212462.2	0.907029	1.0	0.0	0.0	0.0	0.0	-	/home/luw/XDP3/data/paired/paired_4config_ring4096_20260824/cells/20260824T145402Z_xdp_drop_14880952.json
14880952	2	2	skb	no-touch	0	True	1214356.5	0.897887	1.0	0.0	0.0	0.0	0.0	-	/home/luw/XDP3/data/paired/paired_4config_ring4096_20260824/cells/20260824T145451Z_xdp_drop_14880952.json
14880952	2	3	native	no-touch	0	True	13880551.0	0.052864	1.0	0.0	0.0	0.0	0.0	-	/home/luw/XDP3/data/paired/paired_4config_ring4096_20260824/cells/20260824T145539Z_xdp_drop_14880952.json
14880952	2	4	native	read-data	0	True	7667791.5	0.465037	1.0	0.0	0.0	0.0	0.0	-	/home/luw/XDP3/data/paired/paired_4config_ring4096_20260824/cells/20260824T145627Z_xdp_drop_14880952.json
4000000	2	1	skb	read-data	1	True	1209508.8	0.697624	1.0	2640.54	5.5277	0.6978	0.9676	-	/home/luw/XDP3/data/paired/paired_4config_ring4096_20260824/cells/20260824T145716Z_xdp_drop_4000000.json
4000000	2	2	native	no-touch	1	True	3999974.9	0.0	1.0	407.44	0.538	0.7577	0.1653	-	/home/luw/XDP3/data/paired/paired_4config_ring4096_20260824/cells/20260824T145804Z_xdp_drop_4000000.json
4000000	2	3	skb	no-touch	1	True	1208888.0	0.697777	1.0	2641.89	6.0152	0.6714	0.9555	-	/home/luw/XDP3/data/paired/paired_4config_ring4096_20260824/cells/20260824T145851Z_xdp_drop_4000000.json
4000000	2	4	native	read-data	1	True	3999972.0	0.0	1.0	539.04	0.5502	0.7627	1.0481	-	/home/luw/XDP3/data/paired/paired_4config_ring4096_20260824/cells/20260824T145939Z_xdp_drop_4000000.json
7000000	2	1	skb	no-touch	1	True	1208904.4	0.827302	1.0	2641.83	5.7039	0.6866	0.9746	-	/home/luw/XDP3/data/paired/paired_4config_ring4096_20260824/cells/20260824T150027Z_xdp_drop_7000000.json
7000000	2	2	native	no-touch	1	True	7000062.7	0.0	1.0	323.42	0.5608	0.7543	0.1602	-	/home/luw/XDP3/data/paired/paired_4config_ring4096_20260824/cells/20260824T150115Z_xdp_drop_7000000.json
7000000	2	3	native	read-data	1	True	6999995.8	0.0	1.0	425.14	0.4179	0.8901	1.038	-	/home/luw/XDP3/data/paired/paired_4config_ring4096_20260824/cells/20260824T150203Z_xdp_drop_7000000.json
7000000	2	4	skb	read-data	1	True	1201418.0	0.828371	1.0	2658.38	5.6391	0.7701	1.0875	-	/home/luw/XDP3/data/paired/paired_4config_ring4096_20260824/cells/20260824T150250Z_xdp_drop_7000000.json
2000000	2	1	skb	read-data	1	True	1205428.7	0.397282	1.0	2649.37	4.7558	0.7569	1.085	-	/home/luw/XDP3/data/paired/paired_4config_ring4096_20260824/cells/20260824T150338Z_xdp_drop_2000000.json
2000000	2	2	skb	no-touch	1	True	1207948.7	0.396025	1.0	2643.96	4.6569	0.7596	1.087	-	/home/luw/XDP3/data/paired/paired_4config_ring4096_20260824/cells/20260824T150426Z_xdp_drop_2000000.json
2000000	2	3	native	no-touch	1	True	1999986.4	0.0	1.0	422.97	0.5292	0.7432	0.1679	-	/home/luw/XDP3/data/paired/paired_4config_ring4096_20260824/cells/20260824T150513Z_xdp_drop_2000000.json
2000000	2	4	native	read-data	1	True	1999988.7	0.0	1.0	603.2	0.5667	0.7665	1.0535	-	/home/luw/XDP3/data/paired/paired_4config_ring4096_20260824/cells/20260824T150601Z_xdp_drop_2000000.json
8000000	2	1	skb	no-touch	1	True	1212443.1	0.848444	1.0	2634.16	4.9271	0.6558	0.9514	-	/home/luw/XDP3/data/paired/paired_4config_ring4096_20260824/cells/20260824T150649Z_xdp_drop_8000000.json
8000000	2	2	skb	read-data	1	True	1210428.4	0.848696	1.0	2638.57	5.143	0.6477	0.9453	-	/home/luw/XDP3/data/paired/paired_4config_ring4096_20260824/cells/20260824T150736Z_xdp_drop_8000000.json
8000000	2	3	native	no-touch	1	True	7999955.0	0.0	1.0	297.7	0.5123	0.6171	0.0596	-	/home/luw/XDP3/data/paired/paired_4config_ring4096_20260824/cells/20260824T150824Z_xdp_drop_8000000.json
8000000	2	4	native	read-data	1	True	7867545.5	0.016547	1.0	405.39	0.6701	0.4313	1.0201	-	/home/luw/XDP3/data/paired/paired_4config_ring4096_20260824/cells/20260824T150912Z_xdp_drop_8000000.json
3500000	2	1	native	no-touch	1	True	3500024.6	0.0	1.0	393.89	0.4836	0.7961	0.1487	-	/home/luw/XDP3/data/paired/paired_4config_ring4096_20260824/cells/20260824T151000Z_xdp_drop_3500000.json
3500000	2	2	native	read-data	1	True	3500030.6	0.0	1.0	575.29	0.5527	0.7758	1.0361	-	/home/luw/XDP3/data/paired/paired_4config_ring4096_20260824/cells/20260824T151047Z_xdp_drop_3500000.json
3500000	2	3	skb	no-touch	1	True	1206202.6	0.655348	1.0	2647.83	5.1592	0.7679	1.0639	-	/home/luw/XDP3/data/paired/paired_4config_ring4096_20260824/cells/20260824T151136Z_xdp_drop_3500000.json
3500000	2	4	skb	read-data	1	True	1203457.3	0.656158	1.0	2653.85	5.7178	0.7553	1.0716	-	/home/luw/XDP3/data/paired/paired_4config_ring4096_20260824/cells/20260824T151223Z_xdp_drop_3500000.json
9000000	2	1	native	no-touch	1	True	9000102.1	0.0	1.0	274.34	0.5229	0.7106	0.1508	-	/home/luw/XDP3/data/paired/paired_4config_ring4096_20260824/cells/20260824T151311Z_xdp_drop_9000000.json
9000000	2	2	skb	no-touch	1	True	1211427.8	0.865352	1.0	2636.36	5.8189	0.6717	0.9552	-	/home/luw/XDP3/data/paired/paired_4config_ring4096_20260824/cells/20260824T151359Z_xdp_drop_9000000.json
9000000	2	3	native	read-data	1	True	7904481.9	0.121782	1.0	403.33	0.6882	0.4096	1.0237	-	/home/luw/XDP3/data/paired/paired_4config_ring4096_20260824/cells/20260824T151446Z_xdp_drop_9000000.json
9000000	2	4	skb	read-data	1	True	1207307.4	0.865866	1.0	2645.27	5.8473	0.688	0.9476	-	/home/luw/XDP3/data/paired/paired_4config_ring4096_20260824/cells/20260824T151534Z_xdp_drop_9000000.json
10000000	2	1	native	no-touch	1	True	9999899.6	0.0	1.0	260.75	0.5757	0.6913	0.1405	-	/home/luw/XDP3/data/paired/paired_4config_ring4096_20260824/cells/20260824T151622Z_xdp_drop_10000000.json
10000000	2	2	native	read-data	1	True	7646579.7	0.235339	1.0	416.78	0.6611	0.4246	1.0114	-	/home/luw/XDP3/data/paired/paired_4config_ring4096_20260824/cells/20260824T151709Z_xdp_drop_10000000.json
10000000	2	3	skb	read-data	1	True	1200677.2	0.879934	1.0	2660.0	5.5533	0.7817	1.1227	-	/home/luw/XDP3/data/paired/paired_4config_ring4096_20260824/cells/20260824T151757Z_xdp_drop_10000000.json
10000000	2	4	skb	no-touch	1	True	1205408.9	0.87946	1.0	2649.5	5.2787	0.7709	1.1192	-	/home/luw/XDP3/data/paired/paired_4config_ring4096_20260824/cells/20260824T151845Z_xdp_drop_10000000.json
5500000	2	1	native	no-touch	1	True	5500196.4	0.0	1.0	365.32	0.5781	0.7433	0.1347	-	/home/luw/XDP3/data/paired/paired_4config_ring4096_20260824/cells/20260824T151932Z_xdp_drop_5500000.json
5500000	2	2	native	read-data	1	True	5500211.6	0.0	1.0	458.95	0.5644	0.7713	1.0219	-	/home/luw/XDP3/data/paired/paired_4config_ring4096_20260824/cells/20260824T152020Z_xdp_drop_5500000.json
5500000	2	3	skb	read-data	1	True	1205038.1	0.780862	1.0	2650.35	5.5583	0.7681	1.0817	-	/home/luw/XDP3/data/paired/paired_4config_ring4096_20260824/cells/20260824T152108Z_xdp_drop_5500000.json
5500000	2	4	skb	no-touch	1	True	1206784.2	0.780578	1.0	2646.49	5.1442	0.7603	1.0732	-	/home/luw/XDP3/data/paired/paired_4config_ring4096_20260824/cells/20260824T152156Z_xdp_drop_5500000.json
11000000	2	1	native	read-data	1	True	8050669.9	0.268151	1.0	395.77	0.6261	0.4334	0.9798	-	/home/luw/XDP3/data/paired/paired_4config_ring4096_20260824/cells/20260824T152243Z_xdp_drop_11000000.json
11000000	2	2	skb	read-data	1	True	1204433.4	0.890511	1.0	2651.63	5.2599	0.7826	1.0956	-	/home/luw/XDP3/data/paired/paired_4config_ring4096_20260824/cells/20260824T152331Z_xdp_drop_11000000.json
11000000	2	3	skb	no-touch	1	True	1205181.6	0.890283	1.0	2650.02	5.1835	0.7708	1.0948	-	/home/luw/XDP3/data/paired/paired_4config_ring4096_20260824/cells/20260824T152419Z_xdp_drop_11000000.json
11000000	2	4	native	no-touch	1	True	10998086.7	0.0	1.0	254.51	0.4651	0.7945	0.1427	-	/home/luw/XDP3/data/paired/paired_4config_ring4096_20260824/cells/20260824T152506Z_xdp_drop_11000000.json
11500000	2	1	native	read-data	1	True	7643440.2	0.335311	1.0	416.67	0.6674	0.4222	1.0122	-	/home/luw/XDP3/data/paired/paired_4config_ring4096_20260824/cells/20260824T152554Z_xdp_drop_11500000.json
11500000	2	2	skb	no-touch	1	True	1210354.1	0.89473	1.0	2638.72	5.5071	0.7285	1.034	-	/home/luw/XDP3/data/paired/paired_4config_ring4096_20260824/cells/20260824T152642Z_xdp_drop_11500000.json
11500000	2	3	native	no-touch	1	True	11498369.4	0.0	1.0	252.41	0.3927	0.8803	0.1193	-	/home/luw/XDP3/data/paired/paired_4config_ring4096_20260824/cells/20260824T152730Z_xdp_drop_11500000.json
11500000	2	4	skb	read-data	1	True	1205365.0	0.895042	1.0	2649.66	5.5544	0.7551	1.0506	-	/home/luw/XDP3/data/paired/paired_4config_ring4096_20260824/cells/20260824T152818Z_xdp_drop_11500000.json
14500000	2	1	skb	no-touch	1	True	1209556.9	0.91609	1.0	2640.41	5.5509	0.7435	1.0484	-	/home/luw/XDP3/data/paired/paired_4config_ring4096_20260824/cells/20260824T152905Z_xdp_drop_14500000.json
14500000	2	2	native	read-data	1	True	7893265.7	0.44873	1.0	404.06	0.6648	0.4354	1.0223	-	/home/luw/XDP3/data/paired/paired_4config_ring4096_20260824/cells/20260824T152953Z_xdp_drop_14500000.json
14500000	2	3	native	no-touch	1	True	14002338.8	0.028626	1.0	228.09	0.6985	0.3714	0.1431	-	/home/luw/XDP3/data/paired/paired_4config_ring4096_20260824/cells/20260824T153041Z_xdp_drop_14500000.json
14500000	2	4	skb	read-data	1	True	1208052.3	0.911036	1.0	2643.78	5.8114	0.7795	1.082	-	/home/luw/XDP3/data/paired/paired_4config_ring4096_20260824/cells/20260824T153129Z_xdp_drop_14500000.json
8500000	2	1	skb	read-data	1	True	1202930.4	0.858357	1.0	2654.94	5.7119	0.7625	1.0967	-	/home/luw/XDP3/data/paired/paired_4config_ring4096_20260824/cells/20260824T153217Z_xdp_drop_8500000.json
8500000	2	2	skb	no-touch	1	True	1202519.8	0.858437	1.0	2655.83	5.5985	0.7682	1.0967	-	/home/luw/XDP3/data/paired/paired_4config_ring4096_20260824/cells/20260824T153305Z_xdp_drop_8500000.json
8500000	2	3	native	read-data	1	True	7670135.0	0.0975	1.0	415.15	0.6611	0.4305	1.0155	-	/home/luw/XDP3/data/paired/paired_4config_ring4096_20260824/cells/20260824T153352Z_xdp_drop_8500000.json
8500000	2	4	native	no-touch	1	True	8498867.5	0.0	1.0	283.15	0.5468	0.7416	0.1199	-	/home/luw/XDP3/data/paired/paired_4config_ring4096_20260824/cells/20260824T153440Z_xdp_drop_8500000.json
14000000	2	1	skb	read-data	1	True	1205641.4	0.913465	1.0	2648.99	5.9248	0.6718	0.9748	-	/home/luw/XDP3/data/paired/paired_4config_ring4096_20260824/cells/20260824T153528Z_xdp_drop_14000000.json
14000000	2	2	skb	no-touch	1	True	1208545.7	0.913584	1.0	2642.67	5.6956	0.6695	0.9693	-	/home/luw/XDP3/data/paired/paired_4config_ring4096_20260824/cells/20260824T153615Z_xdp_drop_14000000.json
14000000	2	3	native	read-data	1	True	7965087.6	0.430845	1.0	400.29	0.6414	0.38	0.9322	-	/home/luw/XDP3/data/paired/paired_4config_ring4096_20260824/cells/20260824T153703Z_xdp_drop_14000000.json
14000000	2	4	native	no-touch	1	True	13890515.9	0.007592	1.0	229.92	0.6929	0.3888	0.1846	-	/home/luw/XDP3/data/paired/paired_4config_ring4096_20260824/cells/20260824T153751Z_xdp_drop_14000000.json
14000000	2	1	skb	no-touch	0	True	1208956.8	0.913381	1.0	0.0	0.0	0.0	0.0	-	/home/luw/XDP3/data/paired/paired_4config_ring4096_20260824/cells/20260824T153839Z_xdp_drop_14000000.json
14000000	2	2	skb	read-data	0	True	1201704.0	0.914008	1.0	0.0	0.0	0.0	0.0	-	/home/luw/XDP3/data/paired/paired_4config_ring4096_20260824/cells/20260824T153926Z_xdp_drop_14000000.json
14000000	2	3	native	no-touch	0	True	13981098.0	0.001224	1.0	0.0	0.0	0.0	0.0	-	/home/luw/XDP3/data/paired/paired_4config_ring4096_20260824/cells/20260824T154014Z_xdp_drop_14000000.json
14000000	2	4	native	read-data	0	True	7636902.5	0.454454	1.0	0.0	0.0	0.0	0.0	-	/home/luw/XDP3/data/paired/paired_4config_ring4096_20260824/cells/20260824T154102Z_xdp_drop_14000000.json
13500000	2	1	native	no-touch	1	True	13500892.6	0.0	1.0	234.97	0.2831	0.8398	0.1533	-	/home/luw/XDP3/data/paired/paired_4config_ring4096_20260824/cells/20260824T154149Z_xdp_drop_13500000.json
13500000	2	2	skb	no-touch	1	True	1212172.1	0.910197	1.0	2634.72	5.7942	0.6663	0.944	-	/home/luw/XDP3/data/paired/paired_4config_ring4096_20260824/cells/20260824T154237Z_xdp_drop_13500000.json
13500000	2	3	native	read-data	1	True	7864293.0	0.417498	1.0	405.48	0.6532	0.4526	1.0296	-	/home/luw/XDP3/data/paired/paired_4config_ring4096_20260824/cells/20260824T154325Z_xdp_drop_13500000.json
13500000	2	4	skb	read-data	1	True	1208026.2	0.910522	1.0	2643.74	5.7652	0.7509	1.0548	-	/home/luw/XDP3/data/paired/paired_4config_ring4096_20260824/cells/20260824T154413Z_xdp_drop_13500000.json
4500000	2	1	skb	no-touch	1	True	1210964.6	0.730899	1.0	2637.36	5.7957	0.7353	1.0522	-	/home/luw/XDP3/data/paired/paired_4config_ring4096_20260824/cells/20260824T154500Z_xdp_drop_4500000.json
4500000	2	2	native	no-touch	1	True	4500005.0	0.0	1.0	402.97	0.4956	0.74	0.0914	-	/home/luw/XDP3/data/paired/paired_4config_ring4096_20260824/cells/20260824T154548Z_xdp_drop_4500000.json
4500000	2	3	native	read-data	1	True	4500006.3	0.0	1.0	516.71	0.5221	0.749	1.0285	-	/home/luw/XDP3/data/paired/paired_4config_ring4096_20260824/cells/20260824T154636Z_xdp_drop_4500000.json
4500000	2	4	skb	read-data	1	True	1211615.9	0.73074	1.0	2635.98	5.725	0.6568	0.9173	-	/home/luw/XDP3/data/paired/paired_4config_ring4096_20260824/cells/20260824T154724Z_xdp_drop_4500000.json
12000000	3	1	skb	read-data	1	True	1207648.4	0.899348	1.0	2644.66	5.9284	0.6485	0.9263	-	/home/luw/XDP3/data/paired/paired_4config_ring4096_20260824/cells/20260824T154811Z_xdp_drop_12000000.json
12000000	3	2	native	read-data	1	True	8465320.8	0.294513	1.0	376.62	0.5207	0.3931	0.7894	-	/home/luw/XDP3/data/paired/paired_4config_ring4096_20260824/cells/20260824T154859Z_xdp_drop_12000000.json
12000000	3	3	native	no-touch	1	True	11999192.7	0.0	1.0	249.54	0.4511	0.8517	0.0899	-	/home/luw/XDP3/data/paired/paired_4config_ring4096_20260824/cells/20260824T154947Z_xdp_drop_12000000.json
12000000	3	4	skb	no-touch	1	True	1205447.9	0.89954	1.0	2649.51	5.5156	0.7601	1.0577	-	/home/luw/XDP3/data/paired/paired_4config_ring4096_20260824/cells/20260824T155034Z_xdp_drop_12000000.json
13500000	3	1	native	no-touch	1	True	13500912.7	0.0	1.0	234.99	0.2975	0.7641	0.1472	-	/home/luw/XDP3/data/paired/paired_4config_ring4096_20260824/cells/20260824T155122Z_xdp_drop_13500000.json
13500000	3	2	skb	read-data	1	True	1209705.6	0.9104	1.0	2640.09	5.8442	0.6883	0.9432	-	/home/luw/XDP3/data/paired/paired_4config_ring4096_20260824/cells/20260824T155210Z_xdp_drop_13500000.json
13500000	3	3	native	read-data	1	True	7618836.4	0.435681	1.0	417.85	0.6754	0.4258	1.0182	-	/home/luw/XDP3/data/paired/paired_4config_ring4096_20260824/cells/20260824T155258Z_xdp_drop_13500000.json
13500000	3	4	skb	no-touch	1	True	1212958.6	0.910157	1.0	2633.04	6.1365	0.7086	1.023	-	/home/luw/XDP3/data/paired/paired_4config_ring4096_20260824/cells/20260824T155345Z_xdp_drop_13500000.json
14880952	3	1	native	read-data	1	True	8036705.3	0.459856	1.0	396.28	0.591	0.4119	0.9109	-	/home/luw/XDP3/data/paired/paired_4config_ring4096_20260824/cells/20260824T155433Z_xdp_drop_14880952.json
14880952	3	2	native	no-touch	1	True	13958697.8	0.061843	1.0	228.81	0.6756	0.3984	0.1545	-	/home/luw/XDP3/data/paired/paired_4config_ring4096_20260824/cells/20260824T155521Z_xdp_drop_14880952.json
14880952	3	3	skb	read-data	1	True	1210604.7	0.918582	1.0	2638.15	5.8837	0.6776	0.9519	-	/home/luw/XDP3/data/paired/paired_4config_ring4096_20260824/cells/20260824T155608Z_xdp_drop_14880952.json
14880952	3	4	skb	no-touch	1	True	1210828.4	0.918559	1.0	2637.66	5.1001	0.664	0.9484	-	/home/luw/XDP3/data/paired/paired_4config_ring4096_20260824/cells/20260824T155656Z_xdp_drop_14880952.json
14880952	3	1	skb	read-data	0	True	1208401.8	0.918579	1.0	0.0	0.0	0.0	0.0	-	/home/luw/XDP3/data/paired/paired_4config_ring4096_20260824/cells/20260824T155744Z_xdp_drop_14880952.json
14880952	3	2	native	no-touch	0	True	13958255.7	0.06188	1.0	0.0	0.0	0.0	0.0	-	/home/luw/XDP3/data/paired/paired_4config_ring4096_20260824/cells/20260824T155831Z_xdp_drop_14880952.json
14880952	3	3	native	read-data	0	True	8063213.8	0.45806	1.0	0.0	0.0	0.0	0.0	-	/home/luw/XDP3/data/paired/paired_4config_ring4096_20260824/cells/20260824T155919Z_xdp_drop_14880952.json
14880952	3	4	skb	no-touch	0	True	1208223.2	0.918678	1.0	0.0	0.0	0.0	0.0	-	/home/luw/XDP3/data/paired/paired_4config_ring4096_20260824/cells/20260824T160007Z_xdp_drop_14880952.json
14000000	3	1	native	no-touch	1	True	13985485.9	0.00094	1.0	228.37	0.6561	0.4209	0.1309	-	/home/luw/XDP3/data/paired/paired_4config_ring4096_20260824/cells/20260824T160055Z_xdp_drop_14000000.json
14000000	3	2	native	read-data	1	True	7883049.2	0.436825	1.0	404.69	0.6618	0.4407	1.0305	-	/home/luw/XDP3/data/paired/paired_4config_ring4096_20260824/cells/20260824T160143Z_xdp_drop_14000000.json
14000000	3	3	skb	no-touch	1	True	1206769.2	0.913793	1.0	2646.54	4.9234	0.7738	1.0934	-	/home/luw/XDP3/data/paired/paired_4config_ring4096_20260824/cells/20260824T160230Z_xdp_drop_14000000.json
14000000	3	4	skb	read-data	1	True	1206740.4	0.913781	1.0	2646.59	5.7721	0.7689	1.0821	-	/home/luw/XDP3/data/paired/paired_4config_ring4096_20260824/cells/20260824T160318Z_xdp_drop_14000000.json
14000000	3	1	native	no-touch	0	True	13936864.6	0.0044	1.0	0.0	0.0	0.0	0.0	-	/home/luw/XDP3/data/paired/paired_4config_ring4096_20260824/cells/20260824T160406Z_xdp_drop_14000000.json
14000000	3	2	native	read-data	0	True	7815127.7	0.44171	1.0	0.0	0.0	0.0	0.0	-	/home/luw/XDP3/data/paired/paired_4config_ring4096_20260824/cells/20260824T160453Z_xdp_drop_14000000.json
14000000	3	3	skb	no-touch	0	True	1208863.8	0.913637	1.0	0.0	0.0	0.0	0.0	-	/home/luw/XDP3/data/paired/paired_4config_ring4096_20260824/cells/20260824T160541Z_xdp_drop_14000000.json
14000000	3	4	skb	read-data	0	True	1207510.0	0.913722	1.0	0.0	0.0	0.0	0.0	-	/home/luw/XDP3/data/paired/paired_4config_ring4096_20260824/cells/20260824T160629Z_xdp_drop_14000000.json
7000000	3	1	skb	read-data	1	True	1205656.7	0.827769	1.0	2648.99	4.7764	0.7296	1.0533	-	/home/luw/XDP3/data/paired/paired_4config_ring4096_20260824/cells/20260824T160716Z_xdp_drop_7000000.json
7000000	3	2	native	no-touch	1	True	7000062.2	0.0	1.0	322.8	0.5786	0.7226	0.1739	-	/home/luw/XDP3/data/paired/paired_4config_ring4096_20260824/cells/20260824T160804Z_xdp_drop_7000000.json
7000000	3	3	native	read-data	1	True	6999995.4	0.0	1.0	422.32	0.4126	0.8868	1.0212	-	/home/luw/XDP3/data/paired/paired_4config_ring4096_20260824/cells/20260824T160852Z_xdp_drop_7000000.json
7000000	3	4	skb	no-touch	1	True	1205831.9	0.827742	1.0	2648.62	4.903	0.7701	1.1081	-	/home/luw/XDP3/data/paired/paired_4config_ring4096_20260824/cells/20260824T160940Z_xdp_drop_7000000.json
3500000	3	1	native	no-touch	1	True	3500027.3	0.0	1.0	423.62	0.5297	0.7376	0.1314	-	/home/luw/XDP3/data/paired/paired_4config_ring4096_20260824/cells/20260824T161027Z_xdp_drop_3500000.json
3500000	3	2	skb	no-touch	1	True	1216469.4	0.652437	1.0	2625.37	6.0346	0.6349	0.9297	-	/home/luw/XDP3/data/paired/paired_4config_ring4096_20260824/cells/20260824T161115Z_xdp_drop_3500000.json
3500000	3	3	native	read-data	1	True	3500027.4	0.0	1.0	572.66	0.6455	0.7193	1.0355	-	/home/luw/XDP3/data/paired/paired_4config_ring4096_20260824/cells/20260824T161203Z_xdp_drop_3500000.json
3500000	3	4	skb	read-data	1	True	1210487.2	0.65415	1.0	2638.43	6.0032	0.6683	0.9419	-	/home/luw/XDP3/data/paired/paired_4config_ring4096_20260824/cells/20260824T161250Z_xdp_drop_3500000.json
9500000	3	1	native	read-data	1	True	8368052.4	0.119105	1.0	380.87	0.5313	0.3956	0.8186	-	/home/luw/XDP3/data/paired/paired_4config_ring4096_20260824/cells/20260824T161338Z_xdp_drop_9500000.json
9500000	3	2	skb	read-data	1	True	1209051.2	0.872722	1.0	2641.55	5.3719	0.6609	0.9554	-	/home/luw/XDP3/data/paired/paired_4config_ring4096_20260824/cells/20260824T161426Z_xdp_drop_9500000.json
9500000	3	3	skb	no-touch	1	True	1209461.9	0.872663	1.0	2640.63	6.0468	0.6666	0.9533	-	/home/luw/XDP3/data/paired/paired_4config_ring4096_20260824/cells/20260824T161513Z_xdp_drop_9500000.json
9500000	3	4	native	no-touch	1	True	9498187.3	0.0	1.0	266.16	0.5014	0.6044	0.1296	-	/home/luw/XDP3/data/paired/paired_4config_ring4096_20260824/cells/20260824T161601Z_xdp_drop_9500000.json
6000000	3	1	skb	read-data	1	True	1211275.9	0.798121	1.0	2636.7	5.137	0.6444	0.9428	-	/home/luw/XDP3/data/paired/paired_4config_ring4096_20260824/cells/20260824T161649Z_xdp_drop_6000000.json
6000000	3	2	native	no-touch	1	True	6000119.1	0.0	1.0	329.97	0.5122	0.6055	0.1101	-	/home/luw/XDP3/data/paired/paired_4config_ring4096_20260824/cells/20260824T161736Z_xdp_drop_6000000.json
6000000	3	3	skb	no-touch	1	True	1213608.0	0.797739	1.0	2631.6	5.3967	0.6087	0.9173	-	/home/luw/XDP3/data/paired/paired_4config_ring4096_20260824/cells/20260824T161824Z_xdp_drop_6000000.json
6000000	3	4	native	read-data	1	True	6000102.9	0.0	1.0	433.95	0.5791	0.7181	1.0294	-	/home/luw/XDP3/data/paired/paired_4config_ring4096_20260824/cells/20260824T161912Z_xdp_drop_6000000.json
2500000	3	1	native	read-data	1	True	2499985.8	0.0	1.0	605.9	0.606	0.697	0.9901	-	/home/luw/XDP3/data/paired/paired_4config_ring4096_20260824/cells/20260824T162000Z_xdp_drop_2500000.json
2500000	3	2	native	no-touch	1	True	2499986.9	0.0	1.0	458.76	0.5438	0.756	0.156	-	/home/luw/XDP3/data/paired/paired_4config_ring4096_20260824/cells/20260824T162048Z_xdp_drop_2500000.json
2500000	3	3	skb	no-touch	1	True	1215116.9	0.513953	1.0	2628.37	5.6512	0.6608	0.9359	-	/home/luw/XDP3/data/paired/paired_4config_ring4096_20260824/cells/20260824T162135Z_xdp_drop_2500000.json
2500000	3	4	skb	read-data	1	True	1213773.1	0.514489	1.0	2631.25	5.4682	0.653	0.9374	-	/home/luw/XDP3/data/paired/paired_4config_ring4096_20260824/cells/20260824T162223Z_xdp_drop_2500000.json
3000000	3	1	native	no-touch	1	True	3000007.2	0.0	1.0	434.15	0.5508	0.6885	0.1627	-	/home/luw/XDP3/data/paired/paired_4config_ring4096_20260824/cells/20260824T162311Z_xdp_drop_3000000.json
3000000	3	2	skb	read-data	1	True	1209357.1	0.596892	1.0	2640.84	6.1412	0.6331	0.9169	-	/home/luw/XDP3/data/paired/paired_4config_ring4096_20260824/cells/20260824T162359Z_xdp_drop_3000000.json
3000000	3	3	native	read-data	1	True	3000071.0	0.0	1.0	602.14	0.6144	0.7259	1.038	-	/home/luw/XDP3/data/paired/paired_4config_ring4096_20260824/cells/20260824T162446Z_xdp_drop_3000000.json
3000000	3	4	skb	no-touch	1	True	1214102.8	0.595309	1.0	2630.56	5.9386	0.6262	0.9276	-	/home/luw/XDP3/data/paired/paired_4config_ring4096_20260824/cells/20260824T162534Z_xdp_drop_3000000.json
1500000	3	1	native	no-touch	1	True	1499999.2	0.0	1.0	428.8	0.5402	0.7285	0.205	-	/home/luw/XDP3/data/paired/paired_4config_ring4096_20260824/cells/20260824T162622Z_xdp_drop_1500000.json
1500000	3	2	skb	read-data	1	True	1210585.8	0.192943	1.0	2638.23	5.895	0.6705	0.9465	-	/home/luw/XDP3/data/paired/paired_4config_ring4096_20260824/cells/20260824T162709Z_xdp_drop_1500000.json
1500000	3	3	skb	no-touch	1	True	1205114.5	0.196592	1.0	2650.18	6.3231	0.6671	0.9478	-	/home/luw/XDP3/data/paired/paired_4config_ring4096_20260824/cells/20260824T162757Z_xdp_drop_1500000.json
1500000	3	4	native	read-data	1	True	1500004.1	0.0	1.0	600.97	0.5826	0.7778	1.0528	-	/home/luw/XDP3/data/paired/paired_4config_ring4096_20260824/cells/20260824T162845Z_xdp_drop_1500000.json
500000	3	1	skb	read-data	1	True	500001.4	0.0	1.0	2893.82	6.9019	0.9399	1.0717	-	/home/luw/XDP3/data/paired/paired_4config_ring4096_20260824/cells/20260824T162932Z_xdp_drop_500000.json
500000	3	2	native	read-data	1	True	499999.3	0.0	1.0	569.79	0.5665	0.7701	1.0336	-	/home/luw/XDP3/data/paired/paired_4config_ring4096_20260824/cells/20260824T163020Z_xdp_drop_500000.json
500000	3	3	native	no-touch	1	True	500001.6	0.0	1.0	394.27	0.4774	0.7781	0.1666	-	/home/luw/XDP3/data/paired/paired_4config_ring4096_20260824/cells/20260824T163108Z_xdp_drop_500000.json
500000	3	4	skb	no-touch	1	True	500003.2	0.0	1.0	2876.96	7.0159	0.7892	0.9125	-	/home/luw/XDP3/data/paired/paired_4config_ring4096_20260824/cells/20260824T163156Z_xdp_drop_500000.json
8000000	3	1	native	no-touch	1	True	7999813.6	0.0	1.0	298.51	0.5422	0.7645	0.14	-	/home/luw/XDP3/data/paired/paired_4config_ring4096_20260824/cells/20260824T163243Z_xdp_drop_8000000.json
8000000	3	2	skb	read-data	1	True	1206276.7	0.849218	1.0	2647.66	5.412	0.7194	1.0082	-	/home/luw/XDP3/data/paired/paired_4config_ring4096_20260824/cells/20260824T163331Z_xdp_drop_8000000.json
8000000	3	3	skb	no-touch	1	True	1209942.3	0.848757	1.0	2639.62	5.0983	0.7149	0.9972	-	/home/luw/XDP3/data/paired/paired_4config_ring4096_20260824/cells/20260824T163419Z_xdp_drop_8000000.json
8000000	3	4	native	read-data	1	True	7667062.2	0.041613	1.0	415.77	0.64	0.4536	1.01	-	/home/luw/XDP3/data/paired/paired_4config_ring4096_20260824/cells/20260824T163507Z_xdp_drop_8000000.json
4000000	3	1	skb	read-data	1	True	1210970.2	0.697259	1.0	2637.32	5.5055	0.6441	0.9448	-	/home/luw/XDP3/data/paired/paired_4config_ring4096_20260824/cells/20260824T163554Z_xdp_drop_4000000.json
4000000	3	2	skb	no-touch	1	True	1211397.3	0.697149	1.0	2636.39	5.0768	0.6406	0.9383	-	/home/luw/XDP3/data/paired/paired_4config_ring4096_20260824/cells/20260824T163642Z_xdp_drop_4000000.json
4000000	3	3	native	no-touch	1	True	3999977.0	0.0	1.0	407.07	0.5416	0.667	0.1243	-	/home/luw/XDP3/data/paired/paired_4config_ring4096_20260824/cells/20260824T163730Z_xdp_drop_4000000.json
4000000	3	4	native	read-data	1	True	3999977.8	0.0	1.0	539.15	0.5348	0.7775	1.0427	-	/home/luw/XDP3/data/paired/paired_4config_ring4096_20260824/cells/20260824T163817Z_xdp_drop_4000000.json
10500000	3	1	skb	no-touch	1	True	1210166.4	0.884742	1.0	2639.06	5.3407	0.7326	1.0454	-	/home/luw/XDP3/data/paired/paired_4config_ring4096_20260824/cells/20260824T163905Z_xdp_drop_10500000.json
10500000	3	2	skb	read-data	1	True	1208147.1	0.884938	1.0	2643.48	4.8639	0.7302	1.0382	-	/home/luw/XDP3/data/paired/paired_4config_ring4096_20260824/cells/20260824T163953Z_xdp_drop_10500000.json
10500000	3	3	native	read-data	1	True	7638883.4	0.27246	1.0	417.2	0.6545	0.4388	1.0075	-	/home/luw/XDP3/data/paired/paired_4config_ring4096_20260824/cells/20260824T164040Z_xdp_drop_10500000.json
10500000	3	4	native	no-touch	1	True	10499525.8	0.0	1.0	257.48	0.4991	0.7613	0.1232	-	/home/luw/XDP3/data/paired/paired_4config_ring4096_20260824/cells/20260824T164128Z_xdp_drop_10500000.json
6500000	3	1	native	read-data	1	True	6500138.9	0.0	1.0	423.82	0.4855	0.8287	1.0517	-	/home/luw/XDP3/data/paired/paired_4config_ring4096_20260824/cells/20260824T164216Z_xdp_drop_6500000.json
6500000	3	2	skb	read-data	1	True	1210254.2	0.813818	1.0	2638.87	5.1186	0.6559	0.922	-	/home/luw/XDP3/data/paired/paired_4config_ring4096_20260824/cells/20260824T164304Z_xdp_drop_6500000.json
6500000	3	3	native	no-touch	1	True	6500017.4	0.0	1.0	333.28	0.5576	0.703	0.1205	-	/home/luw/XDP3/data/paired/paired_4config_ring4096_20260824/cells/20260824T164351Z_xdp_drop_6500000.json
6500000	3	4	skb	no-touch	1	True	1193106.1	0.816451	1.0	2676.78	5.2736	0.615	0.8683	-	/home/luw/XDP3/data/paired/paired_4config_ring4096_20260824/cells/20260824T164439Z_xdp_drop_6500000.json
8500000	3	1	skb	no-touch	1	True	1216322.2	0.8569	1.0	2625.73	5.3563	0.6047	0.8707	-	/home/luw/XDP3/data/paired/paired_4config_ring4096_20260824/cells/20260824T164527Z_xdp_drop_8500000.json
8500000	3	2	native	read-data	1	True	7873907.1	0.073622	1.0	405.1	0.6804	0.4458	1.0267	-	/home/luw/XDP3/data/paired/paired_4config_ring4096_20260824/cells/20260824T164614Z_xdp_drop_8500000.json
8500000	3	3	skb	read-data	1	True	1210296.0	0.857608	1.0	2638.8	6.146	0.7368	1.0266	-	/home/luw/XDP3/data/paired/paired_4config_ring4096_20260824/cells/20260824T164702Z_xdp_drop_8500000.json
8500000	3	4	native	no-touch	1	True	8499650.1	0.0	1.0	283.98	0.5439	0.7456	0.1391	-	/home/luw/XDP3/data/paired/paired_4config_ring4096_20260824/cells/20260824T164750Z_xdp_drop_8500000.json
5000000	3	1	skb	read-data	1	True	1202801.6	0.759439	1.0	2655.29	6.2573	0.7313	1.0346	-	/home/luw/XDP3/data/paired/paired_4config_ring4096_20260824/cells/20260824T164838Z_xdp_drop_5000000.json
5000000	3	2	native	no-touch	1	True	4999934.9	0.0	1.0	388.09	0.5351	0.7343	0.1297	-	/home/luw/XDP3/data/paired/paired_4config_ring4096_20260824/cells/20260824T164926Z_xdp_drop_5000000.json
5000000	3	3	native	read-data	1	True	4999968.3	0.0	1.0	484.62	0.5447	0.7712	1.0579	-	/home/luw/XDP3/data/paired/paired_4config_ring4096_20260824/cells/20260824T165013Z_xdp_drop_5000000.json
5000000	3	4	skb	no-touch	1	True	1211871.6	0.757625	1.0	2635.42	5.6637	0.69	0.9666	-	/home/luw/XDP3/data/paired/paired_4config_ring4096_20260824/cells/20260824T165101Z_xdp_drop_5000000.json
14500000	3	1	skb	read-data	1	True	1206982.3	0.916768	1.0	2646.05	5.1826	0.6855	0.9709	-	/home/luw/XDP3/data/paired/paired_4config_ring4096_20260824/cells/20260824T165149Z_xdp_drop_14500000.json
14500000	3	2	skb	no-touch	1	True	1210119.6	0.916517	1.0	2639.19	5.3882	0.6847	0.9702	-	/home/luw/XDP3/data/paired/paired_4config_ring4096_20260824/cells/20260824T165236Z_xdp_drop_14500000.json
14500000	3	3	native	no-touch	1	True	13945291.9	0.038311	1.0	229.02	0.6993	0.3621	0.1631	-	/home/luw/XDP3/data/paired/paired_4config_ring4096_20260824/cells/20260824T165324Z_xdp_drop_14500000.json
14500000	3	4	native	read-data	1	True	7891456.3	0.455796	1.0	403.99	0.6532	0.4462	1.0225	-	/home/luw/XDP3/data/paired/paired_4config_ring4096_20260824/cells/20260824T165412Z_xdp_drop_14500000.json
4500000	3	1	skb	no-touch	1	True	1205976.4	0.732005	1.0	2648.26	5.385	0.6992	0.9799	-	/home/luw/XDP3/data/paired/paired_4config_ring4096_20260824/cells/20260824T165500Z_xdp_drop_4500000.json
4500000	3	2	skb	read-data	1	True	1210157.7	0.731075	1.0	2639.06	4.9527	0.6892	0.9763	-	/home/luw/XDP3/data/paired/paired_4config_ring4096_20260824/cells/20260824T165547Z_xdp_drop_4500000.json
4500000	3	3	native	no-touch	1	True	4500012.1	0.0	1.0	404.53	0.5188	0.7561	0.1632	-	/home/luw/XDP3/data/paired/paired_4config_ring4096_20260824/cells/20260824T165635Z_xdp_drop_4500000.json
4500000	3	4	native	read-data	1	True	4500005.6	0.0	1.0	516.27	0.5024	0.7767	1.0501	-	/home/luw/XDP3/data/paired/paired_4config_ring4096_20260824/cells/20260824T165723Z_xdp_drop_4500000.json
12500000	3	1	native	read-data	1	True	7674295.2	0.386009	1.0	415.53	0.6645	0.4335	0.9995	-	/home/luw/XDP3/data/paired/paired_4config_ring4096_20260824/cells/20260824T165810Z_xdp_drop_12500000.json
12500000	3	2	skb	read-data	1	True	1206341.0	0.903485	1.0	2647.47	4.9939	0.7522	1.0906	-	/home/luw/XDP3/data/paired/paired_4config_ring4096_20260824/cells/20260824T165858Z_xdp_drop_12500000.json
12500000	3	3	native	no-touch	1	True	12499025.8	0.0	1.0	245.26	0.4141	0.8525	0.143	-	/home/luw/XDP3/data/paired/paired_4config_ring4096_20260824/cells/20260824T165946Z_xdp_drop_12500000.json
12500000	3	4	skb	no-touch	1	True	1208150.3	0.903338	1.0	2643.53	5.1907	0.6542	0.9274	-	/home/luw/XDP3/data/paired/paired_4config_ring4096_20260824/cells/20260824T170034Z_xdp_drop_12500000.json
2000000	3	1	native	read-data	1	True	1999994.1	0.0	1.0	603.37	0.5644	0.7685	1.0451	-	/home/luw/XDP3/data/paired/paired_4config_ring4096_20260824/cells/20260824T170121Z_xdp_drop_2000000.json
2000000	3	2	native	no-touch	1	True	1999988.3	0.0	1.0	423.27	0.5658	0.7605	0.1267	-	/home/luw/XDP3/data/paired/paired_4config_ring4096_20260824/cells/20260824T170209Z_xdp_drop_2000000.json
2000000	3	3	skb	no-touch	1	True	1209331.9	0.395287	1.0	2640.93	5.1733	0.7462	1.0665	-	/home/luw/XDP3/data/paired/paired_4config_ring4096_20260824/cells/20260824T170257Z_xdp_drop_2000000.json
2000000	3	4	skb	read-data	1	True	1206570.7	0.396712	1.0	2646.97	5.593	0.7369	1.065	-	/home/luw/XDP3/data/paired/paired_4config_ring4096_20260824/cells/20260824T170345Z_xdp_drop_2000000.json
11500000	3	1	skb	read-data	1	True	1206963.3	0.895043	1.0	2646.09	5.5918	0.7361	1.0646	-	/home/luw/XDP3/data/paired/paired_4config_ring4096_20260824/cells/20260824T170432Z_xdp_drop_11500000.json
11500000	3	2	native	read-data	1	True	7662247.0	0.333678	1.0	416.24	0.6659	0.4215	1.0091	-	/home/luw/XDP3/data/paired/paired_4config_ring4096_20260824/cells/20260824T170520Z_xdp_drop_11500000.json
11500000	3	3	native	no-touch	1	True	11499229.1	0.0	1.0	252.49	0.4046	0.8618	0.145	-	/home/luw/XDP3/data/paired/paired_4config_ring4096_20260824/cells/20260824T170608Z_xdp_drop_11500000.json
11500000	3	4	skb	no-touch	1	True	1212424.4	0.89457	1.0	2634.19	5.7913	0.6591	0.9395	-	/home/luw/XDP3/data/paired/paired_4config_ring4096_20260824/cells/20260824T170655Z_xdp_drop_11500000.json
11000000	3	1	native	read-data	1	True	7589650.9	0.310045	1.0	419.73	0.6756	0.4353	1.0317	-	/home/luw/XDP3/data/paired/paired_4config_ring4096_20260824/cells/20260824T170743Z_xdp_drop_11000000.json
11000000	3	2	native	no-touch	1	True	11000414.5	0.0	1.0	254.15	0.4528	0.8047	0.1557	-	/home/luw/XDP3/data/paired/paired_4config_ring4096_20260824/cells/20260824T170831Z_xdp_drop_11000000.json
11000000	3	3	skb	read-data	1	True	1213634.2	0.889676	1.0	2631.53	6.0762	0.7115	0.9895	-	/home/luw/XDP3/data/paired/paired_4config_ring4096_20260824/cells/20260824T170919Z_xdp_drop_11000000.json
11000000	3	4	skb	no-touch	1	True	1206676.1	0.890308	1.0	2646.69	6.2238	0.698	1.0078	-	/home/luw/XDP3/data/paired/paired_4config_ring4096_20260824/cells/20260824T171006Z_xdp_drop_11000000.json
750000	3	1	skb	read-data	1	True	750001.8	0.0	1.0	2920.89	7.1162	0.8339	0.9705	-	/home/luw/XDP3/data/paired/paired_4config_ring4096_20260824/cells/20260824T171054Z_xdp_drop_750000.json
750000	3	2	native	read-data	1	True	750002.9	0.0	1.0	590.39	0.5157	0.7923	1.0286	-	/home/luw/XDP3/data/paired/paired_4config_ring4096_20260824/cells/20260824T171142Z_xdp_drop_750000.json
750000	3	3	native	no-touch	1	True	749999.1	0.0	1.0	417.32	0.4749	0.7239	0.1271	-	/home/luw/XDP3/data/paired/paired_4config_ring4096_20260824/cells/20260824T171229Z_xdp_drop_750000.json
750000	3	4	skb	no-touch	1	True	750001.9	0.0	1.0	2926.74	7.2302	0.7376	0.8845	-	/home/luw/XDP3/data/paired/paired_4config_ring4096_20260824/cells/20260824T171317Z_xdp_drop_750000.json
1000000	3	1	skb	no-touch	1	True	1000010.8	0.0	1.0	2810.37	6.5159	0.7353	0.8898	-	/home/luw/XDP3/data/paired/paired_4config_ring4096_20260824/cells/20260824T171405Z_xdp_drop_1000000.json
1000000	3	2	native	read-data	1	True	1000009.9	0.0	1.0	580.69	0.5583	0.7489	1.0654	-	/home/luw/XDP3/data/paired/paired_4config_ring4096_20260824/cells/20260824T171452Z_xdp_drop_1000000.json
1000000	3	3	native	no-touch	1	True	1000007.0	0.0	1.0	416.3	0.4718	0.7689	0.1459	-	/home/luw/XDP3/data/paired/paired_4config_ring4096_20260824/cells/20260824T171540Z_xdp_drop_1000000.json
1000000	3	4	skb	read-data	1	True	1000005.8	0.0	1.0	2825.62	6.6483	0.9165	1.0601	-	/home/luw/XDP3/data/paired/paired_4config_ring4096_20260824/cells/20260824T171628Z_xdp_drop_1000000.json
10000000	3	1	native	no-touch	1	True	9999930.3	0.0	1.0	261.91	0.4985	0.7665	0.1225	-	/home/luw/XDP3/data/paired/paired_4config_ring4096_20260824/cells/20260824T171716Z_xdp_drop_10000000.json
10000000	3	2	skb	no-touch	1	True	1213654.1	0.878637	1.0	2631.53	5.295	0.6601	0.9479	-	/home/luw/XDP3/data/paired/paired_4config_ring4096_20260824/cells/20260824T171804Z_xdp_drop_10000000.json
10000000	3	3	native	read-data	1	True	7882774.0	0.211718	1.0	404.72	0.6472	0.4534	1.0241	-	/home/luw/XDP3/data/paired/paired_4config_ring4096_20260824/cells/20260824T171851Z_xdp_drop_10000000.json
10000000	3	4	skb	read-data	1	True	1209600.4	0.879037	1.0	2640.38	5.2429	0.6917	0.9816	-	/home/luw/XDP3/data/paired/paired_4config_ring4096_20260824/cells/20260824T171939Z_xdp_drop_10000000.json
7500000	3	1	skb	read-data	1	True	1209590.4	0.838716	1.0	2640.38	5.6337	0.6772	0.978	-	/home/luw/XDP3/data/paired/paired_4config_ring4096_20260824/cells/20260824T172027Z_xdp_drop_7500000.json
7500000	3	2	native	read-data	1	True	7499719.4	0.0	1.0	398.25	0.4074	0.7358	0.9007	-	/home/luw/XDP3/data/paired/paired_4config_ring4096_20260824/cells/20260824T172114Z_xdp_drop_7500000.json
7500000	3	3	skb	no-touch	1	True	1211989.3	0.838395	1.0	2635.11	5.8577	0.6404	0.92	-	/home/luw/XDP3/data/paired/paired_4config_ring4096_20260824/cells/20260824T172202Z_xdp_drop_7500000.json
7500000	3	4	native	no-touch	1	True	7499676.7	0.0	1.0	310.31	0.5726	0.7389	0.116	-	/home/luw/XDP3/data/paired/paired_4config_ring4096_20260824/cells/20260824T172250Z_xdp_drop_7500000.json
250000	3	1	native	no-touch	1	True	249999.3	0.0	1.0	528.02	0.5684	0.7617	0.1574	-	/home/luw/XDP3/data/paired/paired_4config_ring4096_20260824/cells/20260824T172337Z_xdp_drop_250000.json
250000	3	2	skb	no-touch	1	True	250000.3	0.0	1.0	2932.56	7.8487	0.7907	0.9145	-	/home/luw/XDP3/data/paired/paired_4config_ring4096_20260824/cells/20260824T172425Z_xdp_drop_250000.json
250000	3	3	native	read-data	1	True	250002.1	0.0	1.0	693.49	0.6529	0.7524	1.0437	-	/home/luw/XDP3/data/paired/paired_4config_ring4096_20260824/cells/20260824T172513Z_xdp_drop_250000.json
250000	3	4	skb	read-data	1	True	249999.9	0.0	1.0	2933.93	7.8713	0.7794	0.9239	-	/home/luw/XDP3/data/paired/paired_4config_ring4096_20260824/cells/20260824T172601Z_xdp_drop_250000.json
13000000	3	1	skb	read-data	1	True	1206771.2	0.907176	1.0	2646.52	6.4321	0.6638	0.9594	-	/home/luw/XDP3/data/paired/paired_4config_ring4096_20260824/cells/20260824T172648Z_xdp_drop_13000000.json
13000000	3	2	native	no-touch	1	True	12999859.8	0.0	1.0	239.56	0.3339	0.7049	0.1353	-	/home/luw/XDP3/data/paired/paired_4config_ring4096_20260824/cells/20260824T172736Z_xdp_drop_13000000.json
13000000	3	3	skb	no-touch	1	True	1210536.1	0.906884	1.0	2638.33	4.759	0.7214	1.0366	-	/home/luw/XDP3/data/paired/paired_4config_ring4096_20260824/cells/20260824T172824Z_xdp_drop_13000000.json
13000000	3	4	native	read-data	1	True	7674131.1	0.409697	1.0	415.29	0.6585	0.4309	1.0105	-	/home/luw/XDP3/data/paired/paired_4config_ring4096_20260824/cells/20260824T172911Z_xdp_drop_13000000.json
5500000	3	1	skb	no-touch	1	True	1215227.6	0.779057	1.0	2628.12	5.1716	0.6606	0.9439	-	/home/luw/XDP3/data/paired/paired_4config_ring4096_20260824/cells/20260824T172959Z_xdp_drop_5500000.json
5500000	3	2	native	read-data	1	True	5500203.7	0.0	1.0	457.09	0.5804	0.7453	1.0494	-	/home/luw/XDP3/data/paired/paired_4config_ring4096_20260824/cells/20260824T173047Z_xdp_drop_5500000.json
5500000	3	3	native	no-touch	1	True	5500203.8	0.0	1.0	364.76	0.5346	0.7735	0.1363	-	/home/luw/XDP3/data/paired/paired_4config_ring4096_20260824/cells/20260824T173134Z_xdp_drop_5500000.json
5500000	3	4	skb	read-data	1	True	1212477.3	0.779559	1.0	2634.07	5.9395	0.6661	0.9424	-	/home/luw/XDP3/data/paired/paired_4config_ring4096_20260824/cells/20260824T173222Z_xdp_drop_5500000.json
9000000	3	1	skb	no-touch	1	True	1214577.9	0.865058	1.0	2629.44	5.6811	0.6576	0.9388	-	/home/luw/XDP3/data/paired/paired_4config_ring4096_20260824/cells/20260824T173310Z_xdp_drop_9000000.json
9000000	3	2	native	read-data	1	True	7894059.9	0.122942	1.0	404.11	0.6744	0.426	1.023	-	/home/luw/XDP3/data/paired/paired_4config_ring4096_20260824/cells/20260824T173358Z_xdp_drop_9000000.json
9000000	3	3	skb	read-data	1	True	1208091.5	0.865778	1.0	2643.58	6.1813	0.7673	1.0978	-	/home/luw/XDP3/data/paired/paired_4config_ring4096_20260824/cells/20260824T173446Z_xdp_drop_9000000.json
9000000	3	4	native	no-touch	1	True	9000596.2	0.0	1.0	274.13	0.5463	0.7237	0.1832	-	/home/luw/XDP3/data/paired/paired_4config_ring4096_20260824/cells/20260824T173533Z_xdp_drop_9000000.json
1000000	4	1	native	no-touch	1	True	1000009.9	0.0	1.0	416.19	0.4619	0.7829	0.1471	-	/home/luw/XDP3/data/paired/paired_4config_ring4096_20260824/cells/20260824T173621Z_xdp_drop_1000000.json
1000000	4	2	skb	read-data	1	True	1000003.3	0.0	1.0	2818.43	6.5291	0.7844	0.9243	-	/home/luw/XDP3/data/paired/paired_4config_ring4096_20260824/cells/20260824T173709Z_xdp_drop_1000000.json
1000000	4	3	skb	no-touch	1	True	1000007.2	0.0	1.0	2813.78	6.6901	0.7841	0.9245	-	/home/luw/XDP3/data/paired/paired_4config_ring4096_20260824/cells/20260824T173756Z_xdp_drop_1000000.json
1000000	4	4	native	read-data	1	True	1000007.9	0.0	1.0	580.57	0.5656	0.7761	1.0594	-	/home/luw/XDP3/data/paired/paired_4config_ring4096_20260824/cells/20260824T173844Z_xdp_drop_1000000.json
4500000	4	1	native	no-touch	1	True	4499997.3	0.0	1.0	404.78	0.4871	0.7726	0.1258	-	/home/luw/XDP3/data/paired/paired_4config_ring4096_20260824/cells/20260824T173932Z_xdp_drop_4500000.json
4500000	4	2	skb	read-data	1	True	1207243.9	0.731724	1.0	2645.49	5.7988	0.7469	1.0373	-	/home/luw/XDP3/data/paired/paired_4config_ring4096_20260824/cells/20260824T174020Z_xdp_drop_4500000.json
4500000	4	3	skb	no-touch	1	True	1211242.5	0.730836	1.0	2636.75	5.5995	0.7349	1.0334	-	/home/luw/XDP3/data/paired/paired_4config_ring4096_20260824/cells/20260824T174107Z_xdp_drop_4500000.json
4500000	4	4	native	read-data	1	True	4500004.3	0.0	1.0	506.98	0.549	0.6639	0.9691	-	/home/luw/XDP3/data/paired/paired_4config_ring4096_20260824/cells/20260824T174155Z_xdp_drop_4500000.json
12500000	4	1	skb	read-data	1	True	1205396.8	0.903562	1.0	2649.55	5.9079	0.715	1.0096	-	/home/luw/XDP3/data/paired/paired_4config_ring4096_20260824/cells/20260824T174243Z_xdp_drop_12500000.json
12500000	4	2	native	read-data	1	True	7890165.7	0.368738	1.0	404.27	0.6648	0.432	1.0242	-	/home/luw/XDP3/data/paired/paired_4config_ring4096_20260824/cells/20260824T174330Z_xdp_drop_12500000.json
12500000	4	3	skb	no-touch	1	True	1208835.5	0.903283	1.0	2642.03	5.7796	0.6593	0.9499	-	/home/luw/XDP3/data/paired/paired_4config_ring4096_20260824/cells/20260824T174418Z_xdp_drop_12500000.json
12500000	4	4	native	no-touch	1	True	12499038.5	0.0	1.0	244.93	0.3953	0.6914	0.1207	-	/home/luw/XDP3/data/paired/paired_4config_ring4096_20260824/cells/20260824T174506Z_xdp_drop_12500000.json
11000000	4	1	skb	read-data	1	True	1208503.5	0.890141	1.0	2642.74	5.4134	0.619	0.8988	-	/home/luw/XDP3/data/paired/paired_4config_ring4096_20260824/cells/20260824T174553Z_xdp_drop_11000000.json
11000000	4	2	skb	no-touch	1	True	1211326.4	0.88988	1.0	2636.53	5.2791	0.6103	0.9034	-	/home/luw/XDP3/data/paired/paired_4config_ring4096_20260824/cells/20260824T174641Z_xdp_drop_11000000.json
11000000	4	3	native	no-touch	1	True	11000402.8	0.0	1.0	253.69	0.4781	0.7229	0.1454	-	/home/luw/XDP3/data/paired/paired_4config_ring4096_20260824/cells/20260824T174729Z_xdp_drop_11000000.json
11000000	4	4	native	read-data	1	True	7868294.9	0.284727	1.0	405.16	0.6553	0.442	1.0226	-	/home/luw/XDP3/data/paired/paired_4config_ring4096_20260824/cells/20260824T174816Z_xdp_drop_11000000.json
5000000	4	1	native	read-data	1	True	4999959.3	0.0	1.0	483.65	0.5234	0.7829	1.0389	-	/home/luw/XDP3/data/paired/paired_4config_ring4096_20260824/cells/20260824T174904Z_xdp_drop_5000000.json
5000000	4	2	native	no-touch	1	True	4999987.7	0.0	1.0	387.65	0.5794	0.7624	0.1507	-	/home/luw/XDP3/data/paired/paired_4config_ring4096_20260824/cells/20260824T174952Z_xdp_drop_5000000.json
5000000	4	3	skb	read-data	1	True	1206118.9	0.758777	1.0	2647.94	5.4456	0.6818	0.9537	-	/home/luw/XDP3/data/paired/paired_4config_ring4096_20260824/cells/20260824T175040Z_xdp_drop_5000000.json
5000000	4	4	skb	no-touch	1	True	1212935.0	0.757408	1.0	2633.03	4.4099	0.6844	0.9468	-	/home/luw/XDP3/data/paired/paired_4config_ring4096_20260824/cells/20260824T175128Z_xdp_drop_5000000.json
13500000	4	1	skb	read-data	1	True	1211863.2	0.910244	1.0	2635.31	4.5252	0.6808	0.9469	-	/home/luw/XDP3/data/paired/paired_4config_ring4096_20260824/cells/20260824T175215Z_xdp_drop_13500000.json
13500000	4	2	skb	no-touch	1	True	1211529.8	0.91027	1.0	2636.06	4.4214	0.6848	0.9474	-	/home/luw/XDP3/data/paired/paired_4config_ring4096_20260824/cells/20260824T175303Z_xdp_drop_13500000.json
13500000	4	3	native	no-touch	1	True	13500784.2	0.0	1.0	234.38	0.3113	0.8185	0.1761	-	/home/luw/XDP3/data/paired/paired_4config_ring4096_20260824/cells/20260824T175351Z_xdp_drop_13500000.json
13500000	4	4	native	read-data	1	True	7896358.0	0.415126	1.0	403.62	0.653	0.4426	1.0227	-	/home/luw/XDP3/data/paired/paired_4config_ring4096_20260824/cells/20260824T175438Z_xdp_drop_13500000.json
250000	4	1	native	read-data	1	True	249999.7	0.0	1.0	691.37	0.6061	0.7898	1.0457	-	/home/luw/XDP3/data/paired/paired_4config_ring4096_20260824/cells/20260824T175526Z_xdp_drop_250000.json
250000	4	2	skb	read-data	1	True	250001.0	0.0	1.0	2938.72	7.4761	0.7768	0.9249	-	/home/luw/XDP3/data/paired/paired_4config_ring4096_20260824/cells/20260824T175614Z_xdp_drop_250000.json
250000	4	3	native	no-touch	1	True	250001.2	0.0	1.0	526.98	0.5298	0.7744	0.1486	-	/home/luw/XDP3/data/paired/paired_4config_ring4096_20260824/cells/20260824T175702Z_xdp_drop_250000.json
250000	4	4	skb	no-touch	1	True	250002.2	0.0	1.0	2932.69	7.5981	0.7853	0.9257	-	/home/luw/XDP3/data/paired/paired_4config_ring4096_20260824/cells/20260824T175749Z_xdp_drop_250000.json
14500000	4	1	skb	no-touch	1	True	1214970.0	0.916214	1.0	2628.7	5.4192	0.6575	0.9389	-	/home/luw/XDP3/data/paired/paired_4config_ring4096_20260824/cells/20260824T175837Z_xdp_drop_14500000.json
14500000	4	2	native	no-touch	1	True	14067598.0	0.029878	1.0	227.01	0.7018	0.3684	0.1503	-	/home/luw/XDP3/data/paired/paired_4config_ring4096_20260824/cells/20260824T175925Z_xdp_drop_14500000.json
14500000	4	3	native	read-data	1	True	7654324.9	0.472148	1.0	416.56	0.6587	0.4323	1.0119	-	/home/luw/XDP3/data/paired/paired_4config_ring4096_20260824/cells/20260824T180012Z_xdp_drop_14500000.json
14500000	4	4	skb	read-data	1	True	1207452.4	0.916735	1.0	2645.01	5.7286	0.6738	0.9628	-	/home/luw/XDP3/data/paired/paired_4config_ring4096_20260824/cells/20260824T180100Z_xdp_drop_14500000.json
11500000	4	1	native	read-data	1	True	7866756.8	0.31589	1.0	405.41	0.6637	0.4342	1.0218	-	/home/luw/XDP3/data/paired/paired_4config_ring4096_20260824/cells/20260824T180148Z_xdp_drop_11500000.json
11500000	4	2	native	no-touch	1	True	11499276.2	0.0	1.0	252.58	0.4186	0.8522	0.1082	-	/home/luw/XDP3/data/paired/paired_4config_ring4096_20260824/cells/20260824T180236Z_xdp_drop_11500000.json
11500000	4	3	skb	no-touch	1	True	1207834.7	0.894963	1.0	2644.21	5.5508	0.6607	0.9517	-	/home/luw/XDP3/data/paired/paired_4config_ring4096_20260824/cells/20260824T180324Z_xdp_drop_11500000.json
11500000	4	4	skb	read-data	1	True	1211322.8	0.894663	1.0	2636.57	5.1059	0.6519	0.9474	-	/home/luw/XDP3/data/paired/paired_4config_ring4096_20260824/cells/20260824T180411Z_xdp_drop_11500000.json
14000000	4	1	skb	read-data	1	True	1208835.7	0.913649	1.0	2641.96	5.112	0.6526	0.9479	-	/home/luw/XDP3/data/paired/paired_4config_ring4096_20260824/cells/20260824T180459Z_xdp_drop_14000000.json
14000000	4	2	native	no-touch	1	True	13919767.6	0.005642	1.0	229.44	0.6743	0.3936	0.1807	-	/home/luw/XDP3/data/paired/paired_4config_ring4096_20260824/cells/20260824T180547Z_xdp_drop_14000000.json
14000000	4	3	native	read-data	1	True	7673561.4	0.45184	1.0	415.21	0.6652	0.422	1.0069	-	/home/luw/XDP3/data/paired/paired_4config_ring4096_20260824/cells/20260824T180634Z_xdp_drop_14000000.json
14000000	4	4	skb	no-touch	1	True	1212761.8	0.91336	1.0	2633.44	5.5566	0.6694	0.9438	-	/home/luw/XDP3/data/paired/paired_4config_ring4096_20260824/cells/20260824T180722Z_xdp_drop_14000000.json
14000000	4	1	native	no-touch	0	True	13948169.7	0.003605	1.0	0.0	0.0	0.0	0.0	-	/home/luw/XDP3/data/paired/paired_4config_ring4096_20260824/cells/20260824T180810Z_xdp_drop_14000000.json
14000000	4	2	native	read-data	0	True	7595255.8	0.457422	1.0	0.0	0.0	0.0	0.0	-	/home/luw/XDP3/data/paired/paired_4config_ring4096_20260824/cells/20260824T180858Z_xdp_drop_14000000.json
14000000	4	3	skb	no-touch	0	True	1212132.8	0.913412	1.0	0.0	0.0	0.0	0.0	-	/home/luw/XDP3/data/paired/paired_4config_ring4096_20260824/cells/20260824T180945Z_xdp_drop_14000000.json
14000000	4	4	skb	read-data	0	True	1209154.2	0.913627	1.0	0.0	0.0	0.0	0.0	-	/home/luw/XDP3/data/paired/paired_4config_ring4096_20260824/cells/20260824T181033Z_xdp_drop_14000000.json
3500000	4	1	skb	read-data	1	True	1214358.3	0.653045	1.0	2629.92	5.0851	0.6574	0.9339	-	/home/luw/XDP3/data/paired/paired_4config_ring4096_20260824/cells/20260824T181121Z_xdp_drop_3500000.json
3500000	4	2	skb	no-touch	1	True	1207975.0	0.654866	1.0	2643.88	5.6929	0.6573	0.9459	-	/home/luw/XDP3/data/paired/paired_4config_ring4096_20260824/cells/20260824T181208Z_xdp_drop_3500000.json
3500000	4	3	native	read-data	1	True	3499932.0	0.0	1.0	546.48	0.5035	0.637	0.8762	-	/home/luw/XDP3/data/paired/paired_4config_ring4096_20260824/cells/20260824T181256Z_xdp_drop_3500000.json
3500000	4	4	native	no-touch	1	True	3500024.4	0.0	1.0	423.08	0.546	0.7447	0.1698	-	/home/luw/XDP3/data/paired/paired_4config_ring4096_20260824/cells/20260824T181344Z_xdp_drop_3500000.json
13000000	4	1	native	read-data	1	True	7669279.0	0.410073	1.0	415.19	0.6447	0.4469	1.015	-	/home/luw/XDP3/data/paired/paired_4config_ring4096_20260824/cells/20260824T181431Z_xdp_drop_13000000.json
13000000	4	2	skb	no-touch	1	True	1211172.9	0.906837	1.0	2636.91	5.9443	0.708	0.9838	-	/home/luw/XDP3/data/paired/paired_4config_ring4096_20260824/cells/20260824T181519Z_xdp_drop_13000000.json
13000000	4	3	native	no-touch	1	True	13000172.1	0.0	1.0	239.23	0.3352	0.7923	0.1293	-	/home/luw/XDP3/data/paired/paired_4config_ring4096_20260824/cells/20260824T181607Z_xdp_drop_13000000.json
13000000	4	4	skb	read-data	1	True	1204172.3	0.907373	1.0	2652.21	5.8291	0.7795	1.0617	-	/home/luw/XDP3/data/paired/paired_4config_ring4096_20260824/cells/20260824T181655Z_xdp_drop_13000000.json
6500000	4	1	skb	no-touch	1	True	1206649.0	0.81437	1.0	2646.73	4.7713	0.7918	1.06	-	/home/luw/XDP3/data/paired/paired_4config_ring4096_20260824/cells/20260824T181743Z_xdp_drop_6500000.json
6500000	4	2	native	read-data	1	True	6500167.8	0.0	1.0	417.41	0.4816	0.755	0.9597	-	/home/luw/XDP3/data/paired/paired_4config_ring4096_20260824/cells/20260824T181830Z_xdp_drop_6500000.json
6500000	4	3	native	no-touch	1	True	6500156.0	0.0	1.0	334.37	0.5631	0.7486	0.1648	-	/home/luw/XDP3/data/paired/paired_4config_ring4096_20260824/cells/20260824T181918Z_xdp_drop_6500000.json
6500000	4	4	skb	read-data	1	True	1206188.1	0.814438	1.0	2647.72	4.8668	0.7273	1.013	-	/home/luw/XDP3/data/paired/paired_4config_ring4096_20260824/cells/20260824T182006Z_xdp_drop_6500000.json
2000000	4	1	skb	no-touch	1	True	1208638.6	0.395679	1.0	2642.48	4.8152	0.7197	1.0097	-	/home/luw/XDP3/data/paired/paired_4config_ring4096_20260824/cells/20260824T182053Z_xdp_drop_2000000.json
2000000	4	2	skb	read-data	1	True	1207953.0	0.396024	1.0	2643.93	4.8241	0.7199	1.0099	-	/home/luw/XDP3/data/paired/paired_4config_ring4096_20260824/cells/20260824T182141Z_xdp_drop_2000000.json
2000000	4	3	native	no-touch	1	True	1999984.0	0.0	1.0	423.08	0.5304	0.7111	0.1719	-	/home/luw/XDP3/data/paired/paired_4config_ring4096_20260824/cells/20260824T182229Z_xdp_drop_2000000.json
2000000	4	4	native	read-data	1	True	1999995.8	0.0	1.0	603.92	0.5866	0.7748	1.0375	-	/home/luw/XDP3/data/paired/paired_4config_ring4096_20260824/cells/20260824T182317Z_xdp_drop_2000000.json
10000000	4	1	native	no-touch	1	True	9999892.0	0.0	1.0	261.64	0.5328	0.7321	0.1422	-	/home/luw/XDP3/data/paired/paired_4config_ring4096_20260824/cells/20260824T182404Z_xdp_drop_10000000.json
10000000	4	2	skb	read-data	1	True	1208071.8	0.87919	1.0	2643.71	4.8684	0.707	0.9935	-	/home/luw/XDP3/data/paired/paired_4config_ring4096_20260824/cells/20260824T182452Z_xdp_drop_10000000.json
10000000	4	3	skb	no-touch	1	True	1211050.4	0.878896	1.0	2637.07	5.2653	0.696	0.9856	-	/home/luw/XDP3/data/paired/paired_4config_ring4096_20260824/cells/20260824T182540Z_xdp_drop_10000000.json
10000000	4	4	native	read-data	1	True	7686585.9	0.231312	1.0	414.54	0.6558	0.4272	1.0122	-	/home/luw/XDP3/data/paired/paired_4config_ring4096_20260824/cells/20260824T182627Z_xdp_drop_10000000.json
14880952	4	1	skb	no-touch	1	True	1212970.2	0.915536	1.0	2632.99	4.8134	0.6753	0.9469	-	/home/luw/XDP3/data/paired/paired_4config_ring4096_20260824/cells/20260824T182715Z_xdp_drop_14880952.json
14880952	4	2	native	read-data	1	True	8045753.7	0.45118	1.0	396.08	0.5485	0.4434	0.9107	-	/home/luw/XDP3/data/paired/paired_4config_ring4096_20260824/cells/20260824T182803Z_xdp_drop_14880952.json
14880952	4	3	skb	read-data	1	True	1215575.3	0.916225	1.0	2627.34	5.5	0.5851	0.8298	-	/home/luw/XDP3/data/paired/paired_4config_ring4096_20260824/cells/20260824T182851Z_xdp_drop_14880952.json
14880952	4	4	native	no-touch	1	True	13996779.4	0.054166	1.0	228.18	0.5997	0.3622	0.1587	-	/home/luw/XDP3/data/paired/paired_4config_ring4096_20260824/cells/20260824T182939Z_xdp_drop_14880952.json
14880952	4	1	skb	read-data	0	True	1213834.0	0.915949	1.0	0.0	0.0	0.0	0.0	-	/home/luw/XDP3/data/paired/paired_4config_ring4096_20260824/cells/20260824T183027Z_xdp_drop_14880952.json
14880952	4	2	skb	no-touch	0	True	1219051.4	0.915901	1.0	0.0	0.0	0.0	0.0	-	/home/luw/XDP3/data/paired/paired_4config_ring4096_20260824/cells/20260824T183115Z_xdp_drop_14880952.json
14880952	4	3	native	read-data	0	True	7968614.9	0.461583	1.0	0.0	0.0	0.0	0.0	-	/home/luw/XDP3/data/paired/paired_4config_ring4096_20260824/cells/20260824T183202Z_xdp_drop_14880952.json
14880952	4	4	native	no-touch	0	True	13970299.3	0.056447	1.0	0.0	0.0	0.0	0.0	-	/home/luw/XDP3/data/paired/paired_4config_ring4096_20260824/cells/20260824T183250Z_xdp_drop_14880952.json
500000	4	1	native	no-touch	1	True	499999.5	0.0	1.0	394.24	0.4703	0.7698	0.1144	-	/home/luw/XDP3/data/paired/paired_4config_ring4096_20260824/cells/20260824T183338Z_xdp_drop_500000.json
500000	4	2	skb	read-data	1	True	500000.5	0.0	1.0	2885.05	7.2247	0.8607	0.9948	-	/home/luw/XDP3/data/paired/paired_4config_ring4096_20260824/cells/20260824T183426Z_xdp_drop_500000.json
500000	4	3	native	read-data	1	True	500000.9	0.0	1.0	559.35	0.5058	0.7938	1.0588	-	/home/luw/XDP3/data/paired/paired_4config_ring4096_20260824/cells/20260824T183514Z_xdp_drop_500000.json
500000	4	4	skb	no-touch	1	True	500004.1	0.0	1.0	2871.94	7.0135	0.7819	0.9191	-	/home/luw/XDP3/data/paired/paired_4config_ring4096_20260824/cells/20260824T183601Z_xdp_drop_500000.json
4000000	4	1	skb	read-data	1	True	1212024.4	0.696995	1.0	2635.08	3.847	0.6698	0.9521	-	/home/luw/XDP3/data/paired/paired_4config_ring4096_20260824/cells/20260824T183649Z_xdp_drop_4000000.json
4000000	4	2	native	no-touch	1	True	3999978.4	0.0	1.0	408.02	0.5518	0.7652	0.1479	-	/home/luw/XDP3/data/paired/paired_4config_ring4096_20260824/cells/20260824T183737Z_xdp_drop_4000000.json
4000000	4	3	native	read-data	1	True	3999967.6	0.0	1.0	536.03	0.5389	0.7849	1.0519	-	/home/luw/XDP3/data/paired/paired_4config_ring4096_20260824/cells/20260824T183825Z_xdp_drop_4000000.json
4000000	4	4	skb	no-touch	1	True	1208450.6	0.697886	1.0	2642.79	4.3127	0.7785	1.0977	-	/home/luw/XDP3/data/paired/paired_4config_ring4096_20260824/cells/20260824T183913Z_xdp_drop_4000000.json
12000000	4	1	native	read-data	1	True	7867021.4	0.344331	1.0	405.45	0.6627	0.4303	1.0286	-	/home/luw/XDP3/data/paired/paired_4config_ring4096_20260824/cells/20260824T184000Z_xdp_drop_12000000.json
12000000	4	2	skb	read-data	1	True	1207803.7	0.899331	1.0	2644.28	4.1117	0.7599	1.0767	-	/home/luw/XDP3/data/paired/paired_4config_ring4096_20260824/cells/20260824T184048Z_xdp_drop_12000000.json
12000000	4	3	skb	no-touch	1	True	1207891.9	0.899331	1.0	2644.1	4.1247	0.7559	1.071	-	/home/luw/XDP3/data/paired/paired_4config_ring4096_20260824/cells/20260824T184136Z_xdp_drop_12000000.json
12000000	4	4	native	no-touch	1	True	11999241.9	0.0	1.0	251.15	0.4451	0.8547	0.1437	-	/home/luw/XDP3/data/paired/paired_4config_ring4096_20260824/cells/20260824T184223Z_xdp_drop_12000000.json
9500000	4	1	native	read-data	1	True	7678779.8	0.191668	1.0	414.89	0.654	0.4349	1.0151	-	/home/luw/XDP3/data/paired/paired_4config_ring4096_20260824/cells/20260824T184311Z_xdp_drop_9500000.json
9500000	4	2	skb	no-touch	1	True	1199154.7	0.873766	1.0	2663.35	4.3266	0.7677	1.0571	-	/home/luw/XDP3/data/paired/paired_4config_ring4096_20260824/cells/20260824T184359Z_xdp_drop_9500000.json
9500000	4	3	native	no-touch	1	True	9499095.9	0.0	1.0	267.45	0.5276	0.7365	0.1235	-	/home/luw/XDP3/data/paired/paired_4config_ring4096_20260824/cells/20260824T184447Z_xdp_drop_9500000.json
9500000	4	4	skb	read-data	1	True	1213095.4	0.872294	1.0	2632.71	4.7004	0.6771	0.9405	-	/home/luw/XDP3/data/paired/paired_4config_ring4096_20260824/cells/20260824T184534Z_xdp_drop_9500000.json
7500000	4	1	native	read-data	1	True	7499722.5	0.0	1.0	419.2	0.2964	0.87	1.0359	-	/home/luw/XDP3/data/paired/paired_4config_ring4096_20260824/cells/20260824T184622Z_xdp_drop_7500000.json
7500000	4	2	skb	read-data	1	True	1198618.8	0.840179	1.0	2664.47	5.0606	0.7609	1.0496	-	/home/luw/XDP3/data/paired/paired_4config_ring4096_20260824/cells/20260824T184710Z_xdp_drop_7500000.json
7500000	4	3	native	no-touch	1	True	7499653.8	0.0	1.0	310.2	0.5555	0.7311	0.1341	-	/home/luw/XDP3/data/paired/paired_4config_ring4096_20260824/cells/20260824T184757Z_xdp_drop_7500000.json
7500000	4	4	skb	no-touch	1	True	1215790.5	0.837891	1.0	2626.92	6.1176	0.6629	0.9425	-	/home/luw/XDP3/data/paired/paired_4config_ring4096_20260824/cells/20260824T184845Z_xdp_drop_7500000.json
8500000	4	1	native	no-touch	1	True	8499624.0	0.0	1.0	283.98	0.5971	0.6895	0.1649	-	/home/luw/XDP3/data/paired/paired_4config_ring4096_20260824/cells/20260824T184933Z_xdp_drop_8500000.json
8500000	4	2	skb	read-data	1	True	1205772.7	0.858141	1.0	2648.74	6.1195	0.6753	0.9561	-	/home/luw/XDP3/data/paired/paired_4config_ring4096_20260824/cells/20260824T185021Z_xdp_drop_8500000.json
8500000	4	3	skb	no-touch	1	True	1208476.4	0.85782	1.0	2642.79	5.7748	0.6675	0.9541	-	/home/luw/XDP3/data/paired/paired_4config_ring4096_20260824/cells/20260824T185108Z_xdp_drop_8500000.json
8500000	4	4	native	read-data	1	True	8364467.0	0.015905	1.0	381.4	0.5566	0.4246	0.8966	-	/home/luw/XDP3/data/paired/paired_4config_ring4096_20260824/cells/20260824T185156Z_xdp_drop_8500000.json
5500000	4	1	skb	read-data	1	True	1212405.9	0.779572	1.0	2634.24	6.0612	0.5787	0.851	-	/home/luw/XDP3/data/paired/paired_4config_ring4096_20260824/cells/20260824T185244Z_xdp_drop_5500000.json
5500000	4	2	native	read-data	1	True	5500195.3	0.0	1.0	441.19	0.5247	0.6092	0.81	-	/home/luw/XDP3/data/paired/paired_4config_ring4096_20260824/cells/20260824T185332Z_xdp_drop_5500000.json
5500000	4	3	skb	no-touch	1	True	1208310.4	0.780318	1.0	2643.13	5.8186	0.6604	0.9658	-	/home/luw/XDP3/data/paired/paired_4config_ring4096_20260824/cells/20260824T185419Z_xdp_drop_5500000.json
5500000	4	4	native	no-touch	1	True	5500194.5	0.0	1.0	365.98	0.5671	0.7361	0.1571	-	/home/luw/XDP3/data/paired/paired_4config_ring4096_20260824/cells/20260824T185507Z_xdp_drop_5500000.json
6000000	4	1	native	no-touch	1	True	6000140.9	0.0	1.0	347.11	0.5492	0.7565	0.1395	-	/home/luw/XDP3/data/paired/paired_4config_ring4096_20260824/cells/20260824T185555Z_xdp_drop_6000000.json
6000000	4	2	skb	no-touch	1	True	1213350.2	0.79778	1.0	2632.17	6.0129	0.665	0.9408	-	/home/luw/XDP3/data/paired/paired_4config_ring4096_20260824/cells/20260824T185643Z_xdp_drop_6000000.json
6000000	4	3	skb	read-data	1	True	1200270.9	0.799962	1.0	2660.87	6.0984	0.6549	0.9502	-	/home/luw/XDP3/data/paired/paired_4config_ring4096_20260824/cells/20260824T185730Z_xdp_drop_6000000.json
6000000	4	4	native	read-data	1	True	6000143.0	0.0	1.0	435.02	0.5521	0.7695	1.0443	-	/home/luw/XDP3/data/paired/paired_4config_ring4096_20260824/cells/20260824T185818Z_xdp_drop_6000000.json
1500000	4	1	native	no-touch	1	True	1500006.9	0.0	1.0	429.01	0.5332	0.7402	0.1335	-	/home/luw/XDP3/data/paired/paired_4config_ring4096_20260824/cells/20260824T185906Z_xdp_drop_1500000.json
1500000	4	2	skb	no-touch	1	True	1208864.0	0.194093	1.0	2641.98	6.066	0.697	0.9857	-	/home/luw/XDP3/data/paired/paired_4config_ring4096_20260824/cells/20260824T185953Z_xdp_drop_1500000.json
1500000	4	3	native	read-data	1	True	1500004.5	0.0	1.0	596.1	0.5317	0.7479	1.0202	-	/home/luw/XDP3/data/paired/paired_4config_ring4096_20260824/cells/20260824T190041Z_xdp_drop_1500000.json
1500000	4	4	skb	read-data	1	True	1207420.7	0.195054	1.0	2645.09	6.0981	0.6666	0.9453	-	/home/luw/XDP3/data/paired/paired_4config_ring4096_20260824/cells/20260824T190129Z_xdp_drop_1500000.json
7000000	4	1	skb	read-data	1	True	1212601.1	0.826774	1.0	2633.83	5.4941	0.6596	0.9407	-	/home/luw/XDP3/data/paired/paired_4config_ring4096_20260824/cells/20260824T190216Z_xdp_drop_7000000.json
7000000	4	2	skb	no-touch	1	True	1210278.1	0.827096	1.0	2638.89	5.9068	0.6614	0.9476	-	/home/luw/XDP3/data/paired/paired_4config_ring4096_20260824/cells/20260824T190304Z_xdp_drop_7000000.json
7000000	4	3	native	no-touch	1	True	7000067.6	0.0	1.0	322.61	0.5113	0.7268	0.1166	-	/home/luw/XDP3/data/paired/paired_4config_ring4096_20260824/cells/20260824T190352Z_xdp_drop_7000000.json
7000000	4	4	native	read-data	1	True	7000059.5	0.0	1.0	412.67	0.4421	0.8211	1.0407	-	/home/luw/XDP3/data/paired/paired_4config_ring4096_20260824/cells/20260824T190439Z_xdp_drop_7000000.json
9000000	4	1	native	no-touch	1	True	9000626.3	0.0	1.0	274.33	0.5403	0.7444	0.182	-	/home/luw/XDP3/data/paired/paired_4config_ring4096_20260824/cells/20260824T190527Z_xdp_drop_9000000.json
9000000	4	2	skb	no-touch	1	True	1202505.0	0.866401	1.0	2655.94	5.7472	0.7984	1.1177	-	/home/luw/XDP3/data/paired/paired_4config_ring4096_20260824/cells/20260824T190615Z_xdp_drop_9000000.json
9000000	4	3	skb	read-data	1	True	1205046.5	0.866117	1.0	2650.32	5.6875	0.7882	1.115	-	/home/luw/XDP3/data/paired/paired_4config_ring4096_20260824/cells/20260824T190703Z_xdp_drop_9000000.json
9000000	4	4	native	read-data	1	True	7881355.1	0.124349	1.0	404.83	0.6749	0.4345	1.0327	-	/home/luw/XDP3/data/paired/paired_4config_ring4096_20260824/cells/20260824T190750Z_xdp_drop_9000000.json
2500000	4	1	native	no-touch	1	True	2499986.4	0.0	1.0	457.75	0.5199	0.7599	0.1314	-	/home/luw/XDP3/data/paired/paired_4config_ring4096_20260824/cells/20260824T190838Z_xdp_drop_2500000.json
2500000	4	2	skb	read-data	1	True	1208937.4	0.516423	1.0	2641.83	5.9373	0.7199	1.0254	-	/home/luw/XDP3/data/paired/paired_4config_ring4096_20260824/cells/20260824T190926Z_xdp_drop_2500000.json
2500000	4	3	native	read-data	1	True	2499979.3	0.0	1.0	586.12	0.5652	0.7086	0.9558	-	/home/luw/XDP3/data/paired/paired_4config_ring4096_20260824/cells/20260824T191014Z_xdp_drop_2500000.json
2500000	4	4	skb	no-touch	1	True	1211418.0	0.515432	1.0	2636.41	5.4554	0.6643	0.9379	-	/home/luw/XDP3/data/paired/paired_4config_ring4096_20260824/cells/20260824T191101Z_xdp_drop_2500000.json
750000	4	1	skb	no-touch	1	True	750001.5	0.0	1.0	2906.76	7.1006	0.7826	0.9186	-	/home/luw/XDP3/data/paired/paired_4config_ring4096_20260824/cells/20260824T191149Z_xdp_drop_750000.json
750000	4	2	native	read-data	1	True	749999.9	0.0	1.0	554.9	0.4716	0.6846	0.9115	-	/home/luw/XDP3/data/paired/paired_4config_ring4096_20260824/cells/20260824T191237Z_xdp_drop_750000.json
750000	4	3	skb	read-data	1	True	750002.1	0.0	1.0	2922.83	6.7917	0.9202	1.0522	-	/home/luw/XDP3/data/paired/paired_4config_ring4096_20260824/cells/20260824T191324Z_xdp_drop_750000.json
750000	4	4	native	no-touch	1	True	750000.2	0.0	1.0	417.23	0.4957	0.77	0.1477	-	/home/luw/XDP3/data/paired/paired_4config_ring4096_20260824/cells/20260824T191412Z_xdp_drop_750000.json
8000000	4	1	native	no-touch	1	True	7999959.1	0.0	1.0	297.95	0.5499	0.7439	0.1452	-	/home/luw/XDP3/data/paired/paired_4config_ring4096_20260824/cells/20260824T191500Z_xdp_drop_8000000.json
8000000	4	2	skb	no-touch	1	True	1212785.0	0.848409	1.0	2633.44	4.2383	0.7007	0.9668	-	/home/luw/XDP3/data/paired/paired_4config_ring4096_20260824/cells/20260824T191548Z_xdp_drop_8000000.json
8000000	4	3	skb	read-data	1	True	1211894.2	0.848518	1.0	2635.31	4.3486	0.689	0.9641	-	/home/luw/XDP3/data/paired/paired_4config_ring4096_20260824/cells/20260824T191635Z_xdp_drop_8000000.json
8000000	4	4	native	read-data	1	True	7904844.8	0.011888	1.0	403.63	0.6652	0.4324	1.0233	-	/home/luw/XDP3/data/paired/paired_4config_ring4096_20260824/cells/20260824T191723Z_xdp_drop_8000000.json
3000000	4	1	native	read-data	1	True	3000068.6	0.0	1.0	590.04	0.6066	0.7718	1.0499	-	/home/luw/XDP3/data/paired/paired_4config_ring4096_20260824/cells/20260824T191811Z_xdp_drop_3000000.json
3000000	4	2	skb	no-touch	1	True	1214134.9	0.595304	1.0	2630.44	4.4949	0.659	0.9224	-	/home/luw/XDP3/data/paired/paired_4config_ring4096_20260824/cells/20260824T191859Z_xdp_drop_3000000.json
3000000	4	3	native	no-touch	1	True	3000070.9	0.0	1.0	432.73	0.583	0.7229	0.1342	-	/home/luw/XDP3/data/paired/paired_4config_ring4096_20260824/cells/20260824T191946Z_xdp_drop_3000000.json
3000000	4	4	skb	read-data	1	True	1207303.2	0.597576	1.0	2645.44	4.5798	0.6917	0.9521	-	/home/luw/XDP3/data/paired/paired_4config_ring4096_20260824/cells/20260824T192034Z_xdp_drop_3000000.json
10500000	4	1	native	read-data	1	True	7696291.0	0.266994	1.0	414.37	0.682	0.4075	1.0189	-	/home/luw/XDP3/data/paired/paired_4config_ring4096_20260824/cells/20260824T192122Z_xdp_drop_10500000.json
10500000	4	2	native	no-touch	1	True	10499550.1	0.0	1.0	257.66	0.4961	0.7576	0.1288	-	/home/luw/XDP3/data/paired/paired_4config_ring4096_20260824/cells/20260824T192210Z_xdp_drop_10500000.json
10500000	4	3	skb	read-data	1	True	1206233.0	0.885118	1.0	2647.76	5.5527	0.7666	1.1069	-	/home/luw/XDP3/data/paired/paired_4config_ring4096_20260824/cells/20260824T192257Z_xdp_drop_10500000.json
10500000	4	4	skb	no-touch	1	True	1209236.1	0.884831	1.0	2641.15	5.6942	0.7652	1.1047	-	/home/luw/XDP3/data/paired/paired_4config_ring4096_20260824/cells/20260824T192345Z_xdp_drop_10500000.json
250000	5	1	skb	no-touch	1	True	250001.3	0.0	1.0	2949.39	7.5851	0.9484	1.0871	-	/home/luw/XDP3/data/paired/paired_4config_ring4096_20260824/cells/20260824T192433Z_xdp_drop_250000.json
250000	5	2	native	no-touch	1	True	250000.0	0.0	1.0	528.16	0.5652	0.7611	0.1421	-	/home/luw/XDP3/data/paired/paired_4config_ring4096_20260824/cells/20260824T192520Z_xdp_drop_250000.json
250000	5	3	native	read-data	1	True	249999.6	0.0	1.0	680.2	0.6347	0.7814	1.0797	-	/home/luw/XDP3/data/paired/paired_4config_ring4096_20260824/cells/20260824T192608Z_xdp_drop_250000.json
250000	5	4	skb	read-data	1	True	250000.7	0.0	1.0	2952.54	7.7123	0.9434	1.0815	-	/home/luw/XDP3/data/paired/paired_4config_ring4096_20260824/cells/20260824T192656Z_xdp_drop_250000.json
1500000	5	1	skb	no-touch	1	True	1203933.3	0.197379	1.0	2652.83	5.9684	0.7723	1.1127	-	/home/luw/XDP3/data/paired/paired_4config_ring4096_20260824/cells/20260824T192744Z_xdp_drop_1500000.json
1500000	5	2	native	no-touch	1	True	1500003.3	0.0	1.0	429.28	0.5436	0.7626	0.1232	-	/home/luw/XDP3/data/paired/paired_4config_ring4096_20260824/cells/20260824T192831Z_xdp_drop_1500000.json
1500000	5	3	skb	read-data	1	True	1203921.1	0.197387	1.0	2652.84	6.0597	0.7304	1.0485	-	/home/luw/XDP3/data/paired/paired_4config_ring4096_20260824/cells/20260824T192919Z_xdp_drop_1500000.json
1500000	5	4	native	read-data	1	True	1500001.9	0.0	1.0	590.45	0.5371	0.7721	1.0347	-	/home/luw/XDP3/data/paired/paired_4config_ring4096_20260824/cells/20260824T193007Z_xdp_drop_1500000.json
11500000	5	1	skb	read-data	1	True	1213642.3	0.894461	1.0	2631.59	5.6607	0.6739	0.9381	-	/home/luw/XDP3/data/paired/paired_4config_ring4096_20260824/cells/20260824T193054Z_xdp_drop_11500000.json
11500000	5	2	skb	no-touch	1	True	1215899.3	0.894264	1.0	2626.74	4.382	0.6678	0.9394	-	/home/luw/XDP3/data/paired/paired_4config_ring4096_20260824/cells/20260824T193142Z_xdp_drop_11500000.json
11500000	5	3	native	read-data	1	True	7694992.1	0.330831	1.0	414.39	0.6734	0.4133	1.0155	-	/home/luw/XDP3/data/paired/paired_4config_ring4096_20260824/cells/20260824T193230Z_xdp_drop_11500000.json
11500000	5	4	native	no-touch	1	True	11499241.6	0.0	1.0	251.3	0.4	0.8652	0.1261	-	/home/luw/XDP3/data/paired/paired_4config_ring4096_20260824/cells/20260824T193317Z_xdp_drop_11500000.json
10500000	5	1	native	read-data	1	True	7664993.3	0.269973	1.0	416.01	0.6657	0.4291	0.9963	-	/home/luw/XDP3/data/paired/paired_4config_ring4096_20260824/cells/20260824T193405Z_xdp_drop_10500000.json
10500000	5	2	skb	read-data	1	True	1212908.1	0.884482	1.0	2633.21	6.0031	0.6753	0.9449	-	/home/luw/XDP3/data/paired/paired_4config_ring4096_20260824/cells/20260824T193453Z_xdp_drop_10500000.json
10500000	5	3	skb	no-touch	1	True	1208708.3	0.884883	1.0	2642.27	5.9119	0.6685	0.9551	-	/home/luw/XDP3/data/paired/paired_4config_ring4096_20260824/cells/20260824T193541Z_xdp_drop_10500000.json
10500000	5	4	native	no-touch	1	True	10499560.3	0.0	1.0	255.73	0.4817	0.5913	0.1071	-	/home/luw/XDP3/data/paired/paired_4config_ring4096_20260824/cells/20260824T193629Z_xdp_drop_10500000.json
7000000	5	1	native	read-data	1	True	7000064.3	0.0	1.0	413.63	0.4512	0.8081	1.0447	-	/home/luw/XDP3/data/paired/paired_4config_ring4096_20260824/cells/20260824T193716Z_xdp_drop_7000000.json
7000000	5	2	native	no-touch	1	True	7000061.0	0.0	1.0	321.84	0.5585	0.7466	0.1222	-	/home/luw/XDP3/data/paired/paired_4config_ring4096_20260824/cells/20260824T193804Z_xdp_drop_7000000.json
7000000	5	3	skb	read-data	1	True	1209586.4	0.827206	1.0	2640.38	6.1433	0.667	0.9531	-	/home/luw/XDP3/data/paired/paired_4config_ring4096_20260824/cells/20260824T193852Z_xdp_drop_7000000.json
7000000	5	4	skb	no-touch	1	True	1211081.0	0.826992	1.0	2637.09	5.3205	0.6569	0.9451	-	/home/luw/XDP3/data/paired/paired_4config_ring4096_20260824/cells/20260824T193939Z_xdp_drop_7000000.json
14500000	5	1	native	no-touch	1	True	13959991.5	0.037298	1.0	228.79	0.6754	0.3958	0.1759	-	/home/luw/XDP3/data/paired/paired_4config_ring4096_20260824/cells/20260824T194027Z_xdp_drop_14500000.json
14500000	5	2	skb	no-touch	1	True	1203857.5	0.916981	1.0	2652.94	5.433	0.7768	1.1227	-	/home/luw/XDP3/data/paired/paired_4config_ring4096_20260824/cells/20260824T194115Z_xdp_drop_14500000.json
14500000	5	3	skb	read-data	1	True	1201045.4	0.917175	1.0	2659.17	4.5872	0.7707	1.1206	-	/home/luw/XDP3/data/paired/paired_4config_ring4096_20260824/cells/20260824T194203Z_xdp_drop_14500000.json
14500000	5	4	native	read-data	1	True	7879885.1	0.456596	1.0	404.96	0.6935	0.4278	1.0263	-	/home/luw/XDP3/data/paired/paired_4config_ring4096_20260824/cells/20260824T194250Z_xdp_drop_14500000.json
750000	5	1	skb	no-touch	1	True	749999.8	0.0	1.0	2909.78	6.9593	0.7851	0.9205	-	/home/luw/XDP3/data/paired/paired_4config_ring4096_20260824/cells/20260824T194338Z_xdp_drop_750000.json
750000	5	2	native	read-data	1	True	750001.6	0.0	1.0	578.21	0.5305	0.7721	1.0657	-	/home/luw/XDP3/data/paired/paired_4config_ring4096_20260824/cells/20260824T194426Z_xdp_drop_750000.json
750000	5	3	skb	read-data	1	True	750000.3	0.0	1.0	2908.47	6.8928	0.7964	0.9146	-	/home/luw/XDP3/data/paired/paired_4config_ring4096_20260824/cells/20260824T194513Z_xdp_drop_750000.json
750000	5	4	native	no-touch	1	True	750000.0	0.0	1.0	416.5	0.5384	0.7709	0.1672	-	/home/luw/XDP3/data/paired/paired_4config_ring4096_20260824/cells/20260824T194601Z_xdp_drop_750000.json
6500000	5	1	native	no-touch	1	True	6500143.9	0.0	1.0	334.29	0.515	0.7797	0.1661	-	/home/luw/XDP3/data/paired/paired_4config_ring4096_20260824/cells/20260824T194649Z_xdp_drop_6500000.json
6500000	5	2	skb	no-touch	1	True	1203340.8	0.814877	1.0	2654.12	5.9104	0.7707	1.103	-	/home/luw/XDP3/data/paired/paired_4config_ring4096_20260824/cells/20260824T194737Z_xdp_drop_6500000.json
6500000	5	3	skb	read-data	1	True	1201331.6	0.815184	1.0	2658.55	5.4974	0.7839	1.1037	-	/home/luw/XDP3/data/paired/paired_4config_ring4096_20260824/cells/20260824T194825Z_xdp_drop_6500000.json
6500000	5	4	native	read-data	1	True	6500152.0	0.0	1.0	425.64	0.4775	0.8114	1.0193	-	/home/luw/XDP3/data/paired/paired_4config_ring4096_20260824/cells/20260824T194912Z_xdp_drop_6500000.json
3500000	5	1	native	no-touch	1	True	3500027.6	0.0	1.0	423.4	0.5025	0.7531	0.1643	-	/home/luw/XDP3/data/paired/paired_4config_ring4096_20260824/cells/20260824T195000Z_xdp_drop_3500000.json
3500000	5	2	skb	no-touch	1	True	1209957.2	0.654303	1.0	2639.61	5.9131	0.6668	0.9438	-	/home/luw/XDP3/data/paired/paired_4config_ring4096_20260824/cells/20260824T195048Z_xdp_drop_3500000.json
3500000	5	3	skb	read-data	1	True	1209478.8	0.654437	1.0	2640.62	5.3164	0.6602	0.9473	-	/home/luw/XDP3/data/paired/paired_4config_ring4096_20260824/cells/20260824T195135Z_xdp_drop_3500000.json
3500000	5	4	native	read-data	1	True	3500026.4	0.0	1.0	547.21	0.5386	0.6491	0.8828	-	/home/luw/XDP3/data/paired/paired_4config_ring4096_20260824/cells/20260824T195223Z_xdp_drop_3500000.json
12000000	5	1	native	no-touch	1	True	11999223.7	0.0	1.0	250.55	0.4397	0.858	0.1649	-	/home/luw/XDP3/data/paired/paired_4config_ring4096_20260824/cells/20260824T195311Z_xdp_drop_12000000.json
12000000	5	2	skb	no-touch	1	True	1204490.4	0.899619	1.0	2651.55	5.673	0.7534	1.0577	-	/home/luw/XDP3/data/paired/paired_4config_ring4096_20260824/cells/20260824T195359Z_xdp_drop_12000000.json
12000000	5	3	native	read-data	1	True	7950169.1	0.337445	1.0	401.25	0.6397	0.4478	1.0056	-	/home/luw/XDP3/data/paired/paired_4config_ring4096_20260824/cells/20260824T195446Z_xdp_drop_12000000.json
12000000	5	4	skb	read-data	1	True	1202952.9	0.89975	1.0	2654.91	5.5807	0.7511	1.0844	-	/home/luw/XDP3/data/paired/paired_4config_ring4096_20260824/cells/20260824T195534Z_xdp_drop_12000000.json
3000000	5	1	skb	read-data	1	True	1205201.0	0.598281	1.0	2649.97	4.451	0.7556	1.0827	-	/home/luw/XDP3/data/paired/paired_4config_ring4096_20260824/cells/20260824T195622Z_xdp_drop_3000000.json
3000000	5	2	skb	no-touch	1	True	1205376.7	0.598218	1.0	2649.58	4.7401	0.7437	1.0856	-	/home/luw/XDP3/data/paired/paired_4config_ring4096_20260824/cells/20260824T195709Z_xdp_drop_3000000.json
3000000	5	3	native	read-data	1	True	3000081.1	0.0	1.0	599.38	0.5828	0.7674	1.049	-	/home/luw/XDP3/data/paired/paired_4config_ring4096_20260824/cells/20260824T195757Z_xdp_drop_3000000.json
3000000	5	4	native	no-touch	1	True	3000075.7	0.0	1.0	435.41	0.529	0.7956	0.1535	-	/home/luw/XDP3/data/paired/paired_4config_ring4096_20260824/cells/20260824T195845Z_xdp_drop_3000000.json
1000000	5	1	skb	no-touch	1	True	1000009.0	0.0	1.0	2815.01	6.6819	0.7926	0.9262	-	/home/luw/XDP3/data/paired/paired_4config_ring4096_20260824/cells/20260824T195932Z_xdp_drop_1000000.json
1000000	5	2	native	no-touch	1	True	1000004.2	0.0	1.0	416.23	0.5376	0.7631	0.1446	-	/home/luw/XDP3/data/paired/paired_4config_ring4096_20260824/cells/20260824T200020Z_xdp_drop_1000000.json
1000000	5	3	skb	read-data	1	True	1000010.3	0.0	1.0	2825.6	6.5326	0.9095	1.0437	-	/home/luw/XDP3/data/paired/paired_4config_ring4096_20260824/cells/20260824T200108Z_xdp_drop_1000000.json
1000000	5	4	native	read-data	1	True	1000009.8	0.0	1.0	580.62	0.5284	0.7789	1.0607	-	/home/luw/XDP3/data/paired/paired_4config_ring4096_20260824/cells/20260824T200156Z_xdp_drop_1000000.json
5500000	5	1	skb	read-data	1	True	1206811.2	0.780595	1.0	2646.5	5.422	0.7014	0.9969	-	/home/luw/XDP3/data/paired/paired_4config_ring4096_20260824/cells/20260824T200243Z_xdp_drop_5500000.json
5500000	5	2	native	read-data	1	True	5500213.7	0.0	1.0	457.61	0.5385	0.7811	1.0264	-	/home/luw/XDP3/data/paired/paired_4config_ring4096_20260824/cells/20260824T200331Z_xdp_drop_5500000.json
5500000	5	3	skb	no-touch	1	True	1208657.6	0.780253	1.0	2642.38	5.0267	0.6965	0.9809	-	/home/luw/XDP3/data/paired/paired_4config_ring4096_20260824/cells/20260824T200419Z_xdp_drop_5500000.json
5500000	5	4	native	no-touch	1	True	5500209.2	0.0	1.0	365.36	0.4887	0.7383	0.1061	-	/home/luw/XDP3/data/paired/paired_4config_ring4096_20260824/cells/20260824T200507Z_xdp_drop_5500000.json
14880952	5	1	native	no-touch	1	True	13948551.1	0.062634	1.0	228.97	0.6929	0.3726	0.1309	-	/home/luw/XDP3/data/paired/paired_4config_ring4096_20260824/cells/20260824T200554Z_xdp_drop_14880952.json
14880952	5	2	skb	read-data	1	True	1213004.4	0.918467	1.0	2632.95	4.4294	0.6898	0.9495	-	/home/luw/XDP3/data/paired/paired_4config_ring4096_20260824/cells/20260824T200642Z_xdp_drop_14880952.json
14880952	5	3	skb	no-touch	1	True	1209923.7	0.918676	1.0	2639.66	5.0573	0.6909	0.9551	-	/home/luw/XDP3/data/paired/paired_4config_ring4096_20260824/cells/20260824T200730Z_xdp_drop_14880952.json
14880952	5	4	native	read-data	1	True	8013257.2	0.461488	1.0	398.02	0.5825	0.4287	0.9246	-	/home/luw/XDP3/data/paired/paired_4config_ring4096_20260824/cells/20260824T200817Z_xdp_drop_14880952.json
14880952	5	1	skb	read-data	0	True	1213245.4	0.918367	1.0	0.0	0.0	0.0	0.0	-	/home/luw/XDP3/data/paired/paired_4config_ring4096_20260824/cells/20260824T200905Z_xdp_drop_14880952.json
14880952	5	2	native	no-touch	0	True	13942236.9	0.063053	1.0	0.0	0.0	0.0	0.0	-	/home/luw/XDP3/data/paired/paired_4config_ring4096_20260824/cells/20260824T200953Z_xdp_drop_14880952.json
14880952	5	3	native	read-data	0	True	7657662.0	0.485385	1.0	0.0	0.0	0.0	0.0	-	/home/luw/XDP3/data/paired/paired_4config_ring4096_20260824/cells/20260824T201041Z_xdp_drop_14880952.json
14880952	5	4	skb	no-touch	0	True	1213887.7	0.91841	1.0	0.0	0.0	0.0	0.0	-	/home/luw/XDP3/data/paired/paired_4config_ring4096_20260824/cells/20260824T201128Z_xdp_drop_14880952.json
13000000	5	1	skb	no-touch	1	True	1215128.9	0.906531	1.0	2628.32	5.2567	0.6565	0.9476	-	/home/luw/XDP3/data/paired/paired_4config_ring4096_20260824/cells/20260824T201216Z_xdp_drop_13000000.json
13000000	5	2	native	read-data	1	True	7876854.9	0.394096	1.0	405.21	0.6145	0.4805	1.0276	-	/home/luw/XDP3/data/paired/paired_4config_ring4096_20260824/cells/20260824T201304Z_xdp_drop_13000000.json
13000000	5	3	native	no-touch	1	True	13000306.9	0.0	1.0	239.88	0.3276	0.8517	0.1731	-	/home/luw/XDP3/data/paired/paired_4config_ring4096_20260824/cells/20260824T201352Z_xdp_drop_13000000.json
13000000	5	4	skb	read-data	1	True	1209616.7	0.906956	1.0	2640.35	5.4362	0.7125	1.0018	-	/home/luw/XDP3/data/paired/paired_4config_ring4096_20260824/cells/20260824T201440Z_xdp_drop_13000000.json
4000000	5	1	native	no-touch	1	True	3999980.3	0.0	1.0	407.62	0.5324	0.7343	0.2014	-	/home/luw/XDP3/data/paired/paired_4config_ring4096_20260824/cells/20260824T201527Z_xdp_drop_4000000.json
4000000	5	2	native	read-data	1	True	3999980.5	0.0	1.0	540.41	0.633	0.7505	1.0521	-	/home/luw/XDP3/data/paired/paired_4config_ring4096_20260824/cells/20260824T201615Z_xdp_drop_4000000.json
4000000	5	3	skb	no-touch	1	True	1208562.3	0.697859	1.0	2642.65	5.8729	0.7861	1.0937	-	/home/luw/XDP3/data/paired/paired_4config_ring4096_20260824/cells/20260824T201703Z_xdp_drop_4000000.json
4000000	5	4	skb	read-data	1	True	1202402.3	0.699399	1.0	2656.2	4.9861	0.7727	1.104	-	/home/luw/XDP3/data/paired/paired_4config_ring4096_20260824/cells/20260824T201750Z_xdp_drop_4000000.json
8500000	5	1	native	no-touch	1	True	8499624.3	0.0	1.0	283.1	0.5644	0.7079	0.153	-	/home/luw/XDP3/data/paired/paired_4config_ring4096_20260824/cells/20260824T201838Z_xdp_drop_8500000.json
8500000	5	2	native	read-data	1	True	7829698.4	0.078821	1.0	407.3	0.692	0.4294	1.0469	-	/home/luw/XDP3/data/paired/paired_4config_ring4096_20260824/cells/20260824T201926Z_xdp_drop_8500000.json
8500000	5	3	skb	read-data	1	True	1207336.7	0.857944	1.0	2645.34	5.4772	0.6531	0.9368	-	/home/luw/XDP3/data/paired/paired_4config_ring4096_20260824/cells/20260824T202014Z_xdp_drop_8500000.json
8500000	5	4	skb	no-touch	1	True	1210568.6	0.857577	1.0	2638.18	5.0025	0.6469	0.9332	-	/home/luw/XDP3/data/paired/paired_4config_ring4096_20260824/cells/20260824T202101Z_xdp_drop_8500000.json
7500000	5	1	native	no-touch	1	True	7499691.4	0.0	1.0	309.15	0.5244	0.6083	0.1299	-	/home/luw/XDP3/data/paired/paired_4config_ring4096_20260824/cells/20260824T202149Z_xdp_drop_7500000.json
7500000	5	2	native	read-data	1	True	7499958.5	5e-06	1.0	415.23	0.3534	0.8932	1.0407	-	/home/luw/XDP3/data/paired/paired_4config_ring4096_20260824/cells/20260824T202237Z_xdp_drop_7500000.json
7500000	5	3	skb	no-touch	1	True	1209294.4	0.838753	1.0	2641.08	5.375	0.6554	0.949	-	/home/luw/XDP3/data/paired/paired_4config_ring4096_20260824/cells/20260824T202324Z_xdp_drop_7500000.json
7500000	5	4	skb	read-data	1	True	1214185.4	0.838103	1.0	2630.41	4.9681	0.6541	0.938	-	/home/luw/XDP3/data/paired/paired_4config_ring4096_20260824/cells/20260824T202412Z_xdp_drop_7500000.json
500000	5	1	skb	no-touch	1	True	500002.5	0.0	1.0	2874.19	7.0093	0.77	0.9168	-	/home/luw/XDP3/data/paired/paired_4config_ring4096_20260824/cells/20260824T202500Z_xdp_drop_500000.json
500000	5	2	native	no-touch	1	True	500001.4	0.0	1.0	391.29	0.4959	0.7455	0.0933	-	/home/luw/XDP3/data/paired/paired_4config_ring4096_20260824/cells/20260824T202547Z_xdp_drop_500000.json
500000	5	3	native	read-data	1	True	500003.2	0.0	1.0	556.09	0.5475	0.7658	1.0691	-	/home/luw/XDP3/data/paired/paired_4config_ring4096_20260824/cells/20260824T202635Z_xdp_drop_500000.json
500000	5	4	skb	read-data	1	True	500002.6	0.0	1.0	2875.86	7.0315	0.8116	0.9458	-	/home/luw/XDP3/data/paired/paired_4config_ring4096_20260824/cells/20260824T202723Z_xdp_drop_500000.json
6000000	5	1	native	read-data	1	True	6000128.8	0.0	1.0	435.95	0.5432	0.7743	1.0509	-	/home/luw/XDP3/data/paired/paired_4config_ring4096_20260824/cells/20260824T202810Z_xdp_drop_6000000.json
6000000	5	2	skb	no-touch	1	True	1205503.8	0.799089	1.0	2649.35	5.3668	0.6544	0.9284	-	/home/luw/XDP3/data/paired/paired_4config_ring4096_20260824/cells/20260824T202858Z_xdp_drop_6000000.json
6000000	5	3	skb	read-data	1	True	1216615.6	0.797238	1.0	2625.1	5.5225	0.6314	0.922	-	/home/luw/XDP3/data/paired/paired_4config_ring4096_20260824/cells/20260824T202946Z_xdp_drop_6000000.json
6000000	5	4	native	no-touch	1	True	6000125.6	0.0	1.0	348.01	0.6009	0.7274	0.1619	-	/home/luw/XDP3/data/paired/paired_4config_ring4096_20260824/cells/20260824T203033Z_xdp_drop_6000000.json
10000000	5	1	skb	read-data	1	True	1213945.7	0.878607	1.0	2630.88	4.8348	0.6513	0.9231	-	/home/luw/XDP3/data/paired/paired_4config_ring4096_20260824/cells/20260824T203121Z_xdp_drop_10000000.json
10000000	5	2	native	read-data	1	True	7617444.2	0.238252	1.0	418.68	0.6802	0.4158	1.0398	-	/home/luw/XDP3/data/paired/paired_4config_ring4096_20260824/cells/20260824T203209Z_xdp_drop_10000000.json
10000000	5	3	skb	no-touch	1	True	1209179.6	0.879079	1.0	2641.28	5.3848	0.7022	1.0005	-	/home/luw/XDP3/data/paired/paired_4config_ring4096_20260824/cells/20260824T203257Z_xdp_drop_10000000.json
10000000	5	4	native	no-touch	1	True	9999950.7	0.0	1.0	261.54	0.5313	0.7312	0.1811	-	/home/luw/XDP3/data/paired/paired_4config_ring4096_20260824/cells/20260824T203345Z_xdp_drop_10000000.json
9000000	5	1	skb	read-data	1	True	1210923.7	0.865465	1.0	2637.53	5.9454	0.7243	1.0096	-	/home/luw/XDP3/data/paired/paired_4config_ring4096_20260824/cells/20260824T203432Z_xdp_drop_9000000.json
9000000	5	2	native	no-touch	1	True	9000602.4	0.0	1.0	274.48	0.5569	0.7333	0.1435	-	/home/luw/XDP3/data/paired/paired_4config_ring4096_20260824/cells/20260824T203520Z_xdp_drop_9000000.json
9000000	5	3	native	read-data	1	True	7914933.4	0.120623	1.0	403.14	0.6534	0.4424	1.0261	-	/home/luw/XDP3/data/paired/paired_4config_ring4096_20260824/cells/20260824T203608Z_xdp_drop_9000000.json
9000000	5	4	skb	no-touch	1	True	1209714.4	0.865599	1.0	2640.12	6.3053	0.6509	0.9481	-	/home/luw/XDP3/data/paired/paired_4config_ring4096_20260824/cells/20260824T203656Z_xdp_drop_9000000.json
2000000	5	1	skb	read-data	1	True	1208006.3	0.395998	1.0	2643.84	5.4578	0.6386	0.943	-	/home/luw/XDP3/data/paired/paired_4config_ring4096_20260824/cells/20260824T203743Z_xdp_drop_2000000.json
2000000	5	2	native	no-touch	1	True	1999990.3	0.0	1.0	422.48	0.5148	0.7541	0.1711	-	/home/luw/XDP3/data/paired/paired_4config_ring4096_20260824/cells/20260824T203831Z_xdp_drop_2000000.json
2000000	5	3	skb	no-touch	1	True	1212833.7	0.393581	1.0	2633.31	5.7067	0.645	0.9431	-	/home/luw/XDP3/data/paired/paired_4config_ring4096_20260824/cells/20260824T203919Z_xdp_drop_2000000.json
2000000	5	4	native	read-data	1	True	1999988.0	0.0	1.0	592.2	0.6415	0.7684	1.0559	-	/home/luw/XDP3/data/paired/paired_4config_ring4096_20260824/cells/20260824T204006Z_xdp_drop_2000000.json
9500000	5	1	skb	read-data	1	True	1206469.4	0.873	1.0	2647.25	5.2172	0.6267	0.9475	-	/home/luw/XDP3/data/paired/paired_4config_ring4096_20260824/cells/20260824T204054Z_xdp_drop_9500000.json
9500000	5	2	native	read-data	1	True	8589298.8	0.095827	1.0	371.63	0.5347	0.407	0.8258	-	/home/luw/XDP3/data/paired/paired_4config_ring4096_20260824/cells/20260824T204142Z_xdp_drop_9500000.json
9500000	5	3	native	no-touch	1	True	9499542.5	0.0	1.0	267.29	0.5416	0.7347	0.1543	-	/home/luw/XDP3/data/paired/paired_4config_ring4096_20260824/cells/20260824T204229Z_xdp_drop_9500000.json
9500000	5	4	skb	no-touch	1	True	1214152.8	0.87219	1.0	2630.42	4.4807	0.6481	0.9427	-	/home/luw/XDP3/data/paired/paired_4config_ring4096_20260824/cells/20260824T204317Z_xdp_drop_9500000.json
11000000	5	1	skb	no-touch	1	True	1211794.9	0.889844	1.0	2635.59	4.582	0.6385	0.9403	-	/home/luw/XDP3/data/paired/paired_4config_ring4096_20260824/cells/20260824T204405Z_xdp_drop_11000000.json
11000000	5	2	skb	read-data	1	True	1210811.7	0.889932	1.0	2637.72	4.9177	0.6356	0.94	-	/home/luw/XDP3/data/paired/paired_4config_ring4096_20260824/cells/20260824T204452Z_xdp_drop_11000000.json
11000000	5	3	native	no-touch	1	True	11000401.3	0.0	1.0	255.29	0.4384	0.6413	0.1152	-	/home/luw/XDP3/data/paired/paired_4config_ring4096_20260824/cells/20260824T204540Z_xdp_drop_11000000.json
11000000	5	4	native	read-data	1	True	7698142.0	0.300193	1.0	414.27	0.6952	0.3895	1.0206	-	/home/luw/XDP3/data/paired/paired_4config_ring4096_20260824/cells/20260824T204628Z_xdp_drop_11000000.json
2500000	5	1	skb	read-data	1	True	1209206.7	0.516317	1.0	2641.19	4.7641	0.6645	0.9451	-	/home/luw/XDP3/data/paired/paired_4config_ring4096_20260824/cells/20260824T204716Z_xdp_drop_2500000.json
2500000	5	2	skb	no-touch	1	True	1212846.1	0.514861	1.0	2633.3	4.8486	0.6569	0.9426	-	/home/luw/XDP3/data/paired/paired_4config_ring4096_20260824/cells/20260824T204804Z_xdp_drop_2500000.json
2500000	5	3	native	no-touch	1	True	2499988.5	0.0	1.0	456.4	0.5368	0.7224	0.1653	-	/home/luw/XDP3/data/paired/paired_4config_ring4096_20260824/cells/20260824T204851Z_xdp_drop_2500000.json
2500000	5	4	native	read-data	1	True	2499986.3	0.0	1.0	599.63	0.5558	0.7746	1.0575	-	/home/luw/XDP3/data/paired/paired_4config_ring4096_20260824/cells/20260824T204939Z_xdp_drop_2500000.json
13500000	5	1	native	read-data	1	True	7881070.7	0.416261	1.0	404.94	0.6783	0.4331	1.0206	-	/home/luw/XDP3/data/paired/paired_4config_ring4096_20260824/cells/20260824T205027Z_xdp_drop_13500000.json
13500000	5	2	skb	read-data	1	True	1203604.7	0.910853	1.0	2653.58	5.1387	0.7485	1.0753	-	/home/luw/XDP3/data/paired/paired_4config_ring4096_20260824/cells/20260824T205114Z_xdp_drop_13500000.json
13500000	5	3	skb	no-touch	1	True	1204845.3	0.91076	1.0	2650.81	5.1831	0.725	1.0651	-	/home/luw/XDP3/data/paired/paired_4config_ring4096_20260824/cells/20260824T205202Z_xdp_drop_13500000.json
13500000	5	4	native	no-touch	1	True	13500886.0	0.0	1.0	234.83	0.3355	0.7934	0.1294	-	/home/luw/XDP3/data/paired/paired_4config_ring4096_20260824/cells/20260824T205250Z_xdp_drop_13500000.json
8000000	5	1	skb	read-data	1	True	1200067.8	0.849994	1.0	2661.33	5.3716	0.7683	1.1142	-	/home/luw/XDP3/data/paired/paired_4config_ring4096_20260824/cells/20260824T205338Z_xdp_drop_8000000.json
8000000	5	2	skb	no-touch	1	True	1205502.8	0.849314	1.0	2649.3	4.4465	0.7589	1.1136	-	/home/luw/XDP3/data/paired/paired_4config_ring4096_20260824/cells/20260824T205425Z_xdp_drop_8000000.json
8000000	5	3	native	read-data	1	True	7690652.3	0.038663	1.0	414.79	0.6495	0.44	1.017	-	/home/luw/XDP3/data/paired/paired_4config_ring4096_20260824/cells/20260824T205513Z_xdp_drop_8000000.json
8000000	5	4	native	no-touch	1	True	7999972.5	0.0	1.0	297.64	0.5375	0.7609	0.094	-	/home/luw/XDP3/data/paired/paired_4config_ring4096_20260824/cells/20260824T205601Z_xdp_drop_8000000.json
4500000	5	1	native	no-touch	1	True	4500002.9	0.0	1.0	405.02	0.5176	0.7362	0.1891	-	/home/luw/XDP3/data/paired/paired_4config_ring4096_20260824/cells/20260824T205648Z_xdp_drop_4500000.json
4500000	5	2	skb	no-touch	1	True	1213596.8	0.730314	1.0	2631.67	4.6834	0.6535	0.9281	-	/home/luw/XDP3/data/paired/paired_4config_ring4096_20260824/cells/20260824T205736Z_xdp_drop_4500000.json
4500000	5	3	native	read-data	1	True	4500016.4	0.0	1.0	518.25	0.5537	0.7386	1.0213	-	/home/luw/XDP3/data/paired/paired_4config_ring4096_20260824/cells/20260824T205824Z_xdp_drop_4500000.json
4500000	5	4	skb	read-data	1	True	1208638.4	0.731417	1.0	2642.47	4.923	0.7058	0.9975	-	/home/luw/XDP3/data/paired/paired_4config_ring4096_20260824/cells/20260824T205912Z_xdp_drop_4500000.json
5000000	5	1	native	no-touch	1	True	4999962.8	0.0	1.0	387.45	0.4953	0.6746	0.1179	-	/home/luw/XDP3/data/paired/paired_4config_ring4096_20260824/cells/20260824T210000Z_xdp_drop_5000000.json
5000000	5	2	native	read-data	1	True	4999973.4	0.0	1.0	484.95	0.5527	0.7609	1.0426	-	/home/luw/XDP3/data/paired/paired_4config_ring4096_20260824/cells/20260824T210047Z_xdp_drop_5000000.json
5000000	5	3	skb	no-touch	1	True	1215478.2	0.756906	1.0	2627.59	5.1822	0.7075	0.9696	-	/home/luw/XDP3/data/paired/paired_4config_ring4096_20260824/cells/20260824T210135Z_xdp_drop_5000000.json
5000000	5	4	skb	read-data	1	True	1212389.4	0.757523	1.0	2634.29	5.5138	0.6974	0.9674	-	/home/luw/XDP3/data/paired/paired_4config_ring4096_20260824/cells/20260824T210223Z_xdp_drop_5000000.json
12500000	5	1	skb	read-data	1	True	1211376.5	0.903086	1.0	2636.54	5.2527	0.712	0.9715	-	/home/luw/XDP3/data/paired/paired_4config_ring4096_20260824/cells/20260824T210310Z_xdp_drop_12500000.json
12500000	5	2	native	read-data	1	True	7627308.8	0.389768	1.0	418.25	0.6952	0.4027	1.0218	-	/home/luw/XDP3/data/paired/paired_4config_ring4096_20260824/cells/20260824T210358Z_xdp_drop_12500000.json
12500000	5	3	native	no-touch	1	True	12499035.9	0.0	1.0	245.51	0.4152	0.8359	0.1417	-	/home/luw/XDP3/data/paired/paired_4config_ring4096_20260824/cells/20260824T210446Z_xdp_drop_12500000.json
12500000	5	4	skb	no-touch	1	True	1212869.7	0.902966	1.0	2633.24	5.96	0.6496	0.9269	-	/home/luw/XDP3/data/paired/paired_4config_ring4096_20260824/cells/20260824T210533Z_xdp_drop_12500000.json
14000000	5	1	native	read-data	1	True	7671110.3	0.452016	1.0	415.78	0.6589	0.4344	1.0061	-	/home/luw/XDP3/data/paired/paired_4config_ring4096_20260824/cells/20260824T210621Z_xdp_drop_14000000.json
14000000	5	2	skb	no-touch	1	True	1214365.9	0.913254	1.0	2630.03	5.9023	0.6636	0.9464	-	/home/luw/XDP3/data/paired/paired_4config_ring4096_20260824/cells/20260824T210709Z_xdp_drop_14000000.json
14000000	5	3	skb	read-data	1	True	1210954.2	0.913428	1.0	2637.42	4.7495	0.6633	0.95	-	/home/luw/XDP3/data/paired/paired_4config_ring4096_20260824/cells/20260824T210757Z_xdp_drop_14000000.json
14000000	5	4	native	no-touch	1	True	13927174.1	0.00511	1.0	229.32	0.6888	0.3785	0.1592	-	/home/luw/XDP3/data/paired/paired_4config_ring4096_20260824/cells/20260824T210844Z_xdp_drop_14000000.json
14000000	5	1	native	no-touch	0	True	13939795.6	0.004207	1.0	0.0	0.0	0.0	0.0	-	/home/luw/XDP3/data/paired/paired_4config_ring4096_20260824/cells/20260824T210932Z_xdp_drop_14000000.json
14000000	5	2	skb	no-touch	0	True	1210490.0	0.913509	1.0	0.0	0.0	0.0	0.0	-	/home/luw/XDP3/data/paired/paired_4config_ring4096_20260824/cells/20260824T211020Z_xdp_drop_14000000.json
14000000	5	3	skb	read-data	0	True	1209538.6	0.913598	1.0	0.0	0.0	0.0	0.0	-	/home/luw/XDP3/data/paired/paired_4config_ring4096_20260824/cells/20260824T211107Z_xdp_drop_14000000.json
14000000	5	4	native	read-data	0	True	7645770.7	0.453825	1.0	0.0	0.0	0.0	0.0	-	/home/luw/XDP3/data/paired/paired_4config_ring4096_20260824/cells/20260824T211155Z_xdp_drop_14000000.json
8500000	6	1	skb	read-data	1	True	1208359.2	0.857836	1.0	2643.11	4.8675	0.7211	1.0135	-	/home/luw/XDP3/data/paired/paired_4config_ring4096_20260824/cells/20260824T211243Z_xdp_drop_8500000.json
8500000	6	2	native	read-data	1	True	7956147.7	0.063944	1.0	401.04	0.6398	0.3817	0.9463	-	/home/luw/XDP3/data/paired/paired_4config_ring4096_20260824/cells/20260824T211330Z_xdp_drop_8500000.json
8500000	6	3	skb	no-touch	1	True	1204137.7	0.858333	1.0	2652.33	4.646	0.7845	1.1106	-	/home/luw/XDP3/data/paired/paired_4config_ring4096_20260824/cells/20260824T211418Z_xdp_drop_8500000.json
8500000	6	4	native	no-touch	1	True	8499662.8	0.0	1.0	283.39	0.58	0.7104	0.1157	-	/home/luw/XDP3/data/paired/paired_4config_ring4096_20260824/cells/20260824T211506Z_xdp_drop_8500000.json
3500000	6	1	native	read-data	1	True	3500038.6	0.0	1.0	572.66	0.5398	0.7695	1.0387	-	/home/luw/XDP3/data/paired/paired_4config_ring4096_20260824/cells/20260824T211554Z_xdp_drop_3500000.json
3500000	6	2	skb	no-touch	1	True	1209308.8	0.654488	1.0	2640.98	6.079	0.6584	0.9505	-	/home/luw/XDP3/data/paired/paired_4config_ring4096_20260824/cells/20260824T211642Z_xdp_drop_3500000.json
3500000	6	3	skb	read-data	1	True	1209732.9	0.654368	1.0	2640.11	4.8689	0.654	0.9435	-	/home/luw/XDP3/data/paired/paired_4config_ring4096_20260824/cells/20260824T211729Z_xdp_drop_3500000.json
3500000	6	4	native	no-touch	1	True	3500028.5	0.0	1.0	423.95	0.5075	0.6868	0.1242	-	/home/luw/XDP3/data/paired/paired_4config_ring4096_20260824/cells/20260824T211817Z_xdp_drop_3500000.json
5500000	6	1	skb	no-touch	1	True	1209988.8	0.780014	1.0	2639.52	5.1021	0.7394	1.0251	-	/home/luw/XDP3/data/paired/paired_4config_ring4096_20260824/cells/20260824T211905Z_xdp_drop_5500000.json
5500000	6	2	native	read-data	1	True	5500195.6	0.0	1.0	457.27	0.55	0.7723	1.0441	-	/home/luw/XDP3/data/paired/paired_4config_ring4096_20260824/cells/20260824T211952Z_xdp_drop_5500000.json
5500000	6	3	skb	read-data	1	True	1204592.1	0.780992	1.0	2651.36	5.6092	0.7677	1.0752	-	/home/luw/XDP3/data/paired/paired_4config_ring4096_20260824/cells/20260824T212040Z_xdp_drop_5500000.json
5500000	6	4	native	no-touch	1	True	5500218.3	0.0	1.0	365.59	0.5962	0.7294	0.1616	-	/home/luw/XDP3/data/paired/paired_4config_ring4096_20260824/cells/20260824T212128Z_xdp_drop_5500000.json
1500000	6	1	native	no-touch	1	True	1500004.8	0.0	1.0	428.62	0.5178	0.7359	0.1191	-	/home/luw/XDP3/data/paired/paired_4config_ring4096_20260824/cells/20260824T212215Z_xdp_drop_1500000.json
1500000	6	2	native	read-data	1	True	1500004.2	0.0	1.0	601.15	0.6055	0.7439	1.0371	-	/home/luw/XDP3/data/paired/paired_4config_ring4096_20260824/cells/20260824T212303Z_xdp_drop_1500000.json
1500000	6	3	skb	read-data	1	True	1197710.3	0.201524	1.0	2666.6	5.1627	0.7166	1.0001	-	/home/luw/XDP3/data/paired/paired_4config_ring4096_20260824/cells/20260824T212351Z_xdp_drop_1500000.json
1500000	6	4	skb	no-touch	1	True	1212451.8	0.191703	1.0	2634.19	5.9688	0.7051	0.9898	-	/home/luw/XDP3/data/paired/paired_4config_ring4096_20260824/cells/20260824T212439Z_xdp_drop_1500000.json
12500000	6	1	native	no-touch	1	True	12498967.4	0.0	1.0	245.2	0.3865	0.8041	0.1404	-	/home/luw/XDP3/data/paired/paired_4config_ring4096_20260824/cells/20260824T212526Z_xdp_drop_12500000.json
12500000	6	2	skb	read-data	1	True	1216431.9	0.902676	1.0	2625.55	5.9872	0.6173	0.8984	-	/home/luw/XDP3/data/paired/paired_4config_ring4096_20260824/cells/20260824T212614Z_xdp_drop_12500000.json
12500000	6	3	native	read-data	1	True	8013188.7	0.358896	1.0	398.2	0.6493	0.4066	0.9908	-	/home/luw/XDP3/data/paired/paired_4config_ring4096_20260824/cells/20260824T212702Z_xdp_drop_12500000.json
12500000	6	4	skb	no-touch	1	True	1208372.3	0.90329	1.0	2643.05	5.213	0.7057	0.9983	-	/home/luw/XDP3/data/paired/paired_4config_ring4096_20260824/cells/20260824T212750Z_xdp_drop_12500000.json
11500000	6	1	skb	read-data	1	True	1208866.2	0.894877	1.0	2641.96	4.9919	0.6914	0.9957	-	/home/luw/XDP3/data/paired/paired_4config_ring4096_20260824/cells/20260824T212837Z_xdp_drop_11500000.json
11500000	6	2	native	read-data	1	True	7848074.3	0.317517	1.0	406.55	0.688	0.4259	1.0284	-	/home/luw/XDP3/data/paired/paired_4config_ring4096_20260824/cells/20260824T212925Z_xdp_drop_11500000.json
11500000	6	3	skb	no-touch	1	True	1209530.2	0.894819	1.0	2640.49	5.1942	0.668	0.9443	-	/home/luw/XDP3/data/paired/paired_4config_ring4096_20260824/cells/20260824T213013Z_xdp_drop_11500000.json
11500000	6	4	native	no-touch	1	True	11499299.9	0.0	1.0	251.1	0.427	0.8429	0.1453	-	/home/luw/XDP3/data/paired/paired_4config_ring4096_20260824/cells/20260824T213100Z_xdp_drop_11500000.json
10000000	6	1	native	read-data	1	True	7679667.3	0.232031	1.0	415.35	0.6861	0.4005	1.0096	-	/home/luw/XDP3/data/paired/paired_4config_ring4096_20260824/cells/20260824T213148Z_xdp_drop_10000000.json
10000000	6	2	skb	no-touch	1	True	1208459.7	0.879155	1.0	2642.83	5.1957	0.656	0.9546	-	/home/luw/XDP3/data/paired/paired_4config_ring4096_20260824/cells/20260824T213236Z_xdp_drop_10000000.json
10000000	6	3	native	no-touch	1	True	9999954.6	0.0	1.0	259.67	0.4699	0.6361	0.075	-	/home/luw/XDP3/data/paired/paired_4config_ring4096_20260824/cells/20260824T213324Z_xdp_drop_10000000.json
10000000	6	4	skb	read-data	1	True	1209861.7	0.879012	1.0	2639.77	4.4298	0.696	0.9798	-	/home/luw/XDP3/data/paired/paired_4config_ring4096_20260824/cells/20260824T213411Z_xdp_drop_10000000.json
750000	6	1	skb	read-data	1	True	750003.8	0.0	1.0	2917.19	6.9759	0.8179	0.9506	-	/home/luw/XDP3/data/paired/paired_4config_ring4096_20260824/cells/20260824T213459Z_xdp_drop_750000.json
750000	6	2	skb	no-touch	1	True	750002.0	0.0	1.0	2913.29	6.9736	0.8186	0.9504	-	/home/luw/XDP3/data/paired/paired_4config_ring4096_20260824/cells/20260824T213547Z_xdp_drop_750000.json
750000	6	3	native	no-touch	1	True	750002.3	0.0	1.0	418.23	0.5104	0.7294	0.1716	-	/home/luw/XDP3/data/paired/paired_4config_ring4096_20260824/cells/20260824T213634Z_xdp_drop_750000.json
750000	6	4	native	read-data	1	True	750001.2	0.0	1.0	582.17	0.5324	0.8067	1.0818	-	/home/luw/XDP3/data/paired/paired_4config_ring4096_20260824/cells/20260824T213722Z_xdp_drop_750000.json
4000000	6	1	native	read-data	1	True	3999964.5	0.0	1.0	539.95	0.5493	0.7765	1.0313	-	/home/luw/XDP3/data/paired/paired_4config_ring4096_20260824/cells/20260824T213810Z_xdp_drop_4000000.json
4000000	6	2	skb	read-data	1	True	1205053.5	0.698738	1.0	2650.33	4.6625	0.7391	1.0379	-	/home/luw/XDP3/data/paired/paired_4config_ring4096_20260824/cells/20260824T213858Z_xdp_drop_4000000.json
4000000	6	3	native	no-touch	1	True	3999972.0	0.0	1.0	407.09	0.5602	0.7398	0.1687	-	/home/luw/XDP3/data/paired/paired_4config_ring4096_20260824/cells/20260824T213945Z_xdp_drop_4000000.json
4000000	6	4	skb	no-touch	1	True	1213005.0	0.696749	1.0	2632.99	4.4045	0.6917	0.9463	-	/home/luw/XDP3/data/paired/paired_4config_ring4096_20260824/cells/20260824T214033Z_xdp_drop_4000000.json
9500000	6	1	skb	no-touch	1	True	1212869.9	0.872323	1.0	2633.22	4.1727	0.6827	0.9455	-	/home/luw/XDP3/data/paired/paired_4config_ring4096_20260824/cells/20260824T214121Z_xdp_drop_9500000.json
9500000	6	2	native	read-data	1	True	7682105.6	0.191321	1.0	415.42	0.6958	0.3857	1.0141	-	/home/luw/XDP3/data/paired/paired_4config_ring4096_20260824/cells/20260824T214208Z_xdp_drop_9500000.json
9500000	6	3	skb	read-data	1	True	1210362.9	0.87259	1.0	2638.78	4.2778	0.7016	0.9821	-	/home/luw/XDP3/data/paired/paired_4config_ring4096_20260824/cells/20260824T214256Z_xdp_drop_9500000.json
9500000	6	4	native	no-touch	1	True	9499532.4	0.0	1.0	267.25	0.5173	0.7524	0.1421	-	/home/luw/XDP3/data/paired/paired_4config_ring4096_20260824/cells/20260824T214344Z_xdp_drop_9500000.json
14000000	6	1	skb	no-touch	1	True	1214452.9	0.913244	1.0	2629.72	4.3678	0.707	0.9449	-	/home/luw/XDP3/data/paired/paired_4config_ring4096_20260824/cells/20260824T214432Z_xdp_drop_14000000.json
14000000	6	2	skb	read-data	1	True	1211623.3	0.913448	1.0	2635.96	4.3937	0.6899	0.9418	-	/home/luw/XDP3/data/paired/paired_4config_ring4096_20260824/cells/20260824T214519Z_xdp_drop_14000000.json
14000000	6	3	native	read-data	1	True	7852772.5	0.439041	1.0	406.52	0.667	0.4365	1.0325	-	/home/luw/XDP3/data/paired/paired_4config_ring4096_20260824/cells/20260824T214607Z_xdp_drop_14000000.json
14000000	6	4	native	no-touch	1	True	13998702.4	0.0	1.0	228.14	0.5139	0.5643	0.148	-	/home/luw/XDP3/data/paired/paired_4config_ring4096_20260824/cells/20260824T214655Z_xdp_drop_14000000.json
14000000	6	1	native	no-touch	0	True	13962865.8	0.002506	1.0	0.0	0.0	0.0	0.0	-	/home/luw/XDP3/data/paired/paired_4config_ring4096_20260824/cells/20260824T214743Z_xdp_drop_14000000.json
14000000	6	2	skb	no-touch	0	True	1210137.4	0.913555	1.0	0.0	0.0	0.0	0.0	-	/home/luw/XDP3/data/paired/paired_4config_ring4096_20260824/cells/20260824T214830Z_xdp_drop_14000000.json
14000000	6	3	native	read-data	0	True	8315405.8	0.40599	1.0	0.0	0.0	0.0	0.0	-	/home/luw/XDP3/data/paired/paired_4config_ring4096_20260824/cells/20260824T214918Z_xdp_drop_14000000.json
14000000	6	4	skb	read-data	0	True	1206955.2	0.913783	1.0	0.0	0.0	0.0	0.0	-	/home/luw/XDP3/data/paired/paired_4config_ring4096_20260824/cells/20260824T215006Z_xdp_drop_14000000.json
5000000	6	1	skb	no-touch	1	True	1207940.5	0.758413	1.0	2644.02	4.2765	0.7425	1.0547	-	/home/luw/XDP3/data/paired/paired_4config_ring4096_20260824/cells/20260824T215053Z_xdp_drop_5000000.json
5000000	6	2	skb	read-data	1	True	1206096.9	0.758784	1.0	2648.04	4.2748	0.7442	1.0546	-	/home/luw/XDP3/data/paired/paired_4config_ring4096_20260824/cells/20260824T215141Z_xdp_drop_5000000.json
5000000	6	3	native	no-touch	1	True	4999976.2	0.0	1.0	385.92	0.5136	0.7517	0.1637	-	/home/luw/XDP3/data/paired/paired_4config_ring4096_20260824/cells/20260824T215229Z_xdp_drop_5000000.json
5000000	6	4	native	read-data	1	True	4999968.5	0.0	1.0	484.04	0.5872	0.7299	1.0528	-	/home/luw/XDP3/data/paired/paired_4config_ring4096_20260824/cells/20260824T215316Z_xdp_drop_5000000.json
500000	6	1	skb	no-touch	1	True	500000.9	0.0	1.0	2871.61	7.1231	0.7511	0.9132	-	/home/luw/XDP3/data/paired/paired_4config_ring4096_20260824/cells/20260824T215404Z_xdp_drop_500000.json
500000	6	2	native	no-touch	1	True	500001.6	0.0	1.0	394.36	0.5308	0.761	0.1389	-	/home/luw/XDP3/data/paired/paired_4config_ring4096_20260824/cells/20260824T215452Z_xdp_drop_500000.json
500000	6	3	skb	read-data	1	True	500002.5	0.0	1.0	2886.06	7.374	0.8393	0.9535	-	/home/luw/XDP3/data/paired/paired_4config_ring4096_20260824/cells/20260824T215540Z_xdp_drop_500000.json
500000	6	4	native	read-data	1	True	500001.3	0.0	1.0	569.67	0.5498	0.7745	1.0452	-	/home/luw/XDP3/data/paired/paired_4config_ring4096_20260824/cells/20260824T215627Z_xdp_drop_500000.json
250000	6	1	skb	read-data	1	True	250001.0	0.0	1.0	2941.0	7.7408	0.786	0.9245	-	/home/luw/XDP3/data/paired/paired_4config_ring4096_20260824/cells/20260824T215715Z_xdp_drop_250000.json
250000	6	2	native	no-touch	1	True	249999.7	0.0	1.0	529.73	0.538	0.7684	0.1444	-	/home/luw/XDP3/data/paired/paired_4config_ring4096_20260824/cells/20260824T215803Z_xdp_drop_250000.json
250000	6	3	skb	no-touch	1	True	249999.5	0.0	1.0	2933.02	7.6425	0.7937	0.9212	-	/home/luw/XDP3/data/paired/paired_4config_ring4096_20260824/cells/20260824T215850Z_xdp_drop_250000.json
250000	6	4	native	read-data	1	True	250000.2	0.0	1.0	692.9	0.6389	0.7694	1.0449	-	/home/luw/XDP3/data/paired/paired_4config_ring4096_20260824/cells/20260824T215938Z_xdp_drop_250000.json
12000000	6	1	skb	no-touch	1	True	1207064.6	0.899408	1.0	2645.9	5.2721	0.6832	0.9526	-	/home/luw/XDP3/data/paired/paired_4config_ring4096_20260824/cells/20260824T220026Z_xdp_drop_12000000.json
12000000	6	2	native	read-data	1	True	7887840.5	0.342636	1.0	404.65	0.6835	0.4162	1.0221	-	/home/luw/XDP3/data/paired/paired_4config_ring4096_20260824/cells/20260824T220113Z_xdp_drop_12000000.json
12000000	6	3	native	no-touch	1	True	11999235.0	0.0	1.0	250.61	0.4432	0.8523	0.1663	-	/home/luw/XDP3/data/paired/paired_4config_ring4096_20260824/cells/20260824T220202Z_xdp_drop_12000000.json
12000000	6	4	skb	read-data	1	True	1207762.1	0.89935	1.0	2644.42	6.0308	0.767	1.0925	-	/home/luw/XDP3/data/paired/paired_4config_ring4096_20260824/cells/20260824T220249Z_xdp_drop_12000000.json
6500000	6	1	skb	read-data	1	True	1201477.7	0.815165	1.0	2658.2	6.0684	0.7568	1.0972	-	/home/luw/XDP3/data/paired/paired_4config_ring4096_20260824/cells/20260824T220337Z_xdp_drop_6500000.json
6500000	6	2	skb	no-touch	1	True	1202078.5	0.815071	1.0	2656.85	6.2043	0.759	1.099	-	/home/luw/XDP3/data/paired/paired_4config_ring4096_20260824/cells/20260824T220425Z_xdp_drop_6500000.json
6500000	6	3	native	no-touch	1	True	6500158.9	0.0	1.0	334.08	0.5401	0.7518	0.161	-	/home/luw/XDP3/data/paired/paired_4config_ring4096_20260824/cells/20260824T220512Z_xdp_drop_6500000.json
6500000	6	4	native	read-data	1	True	6500160.2	0.0	1.0	427.23	0.4786	0.8006	1.0242	-	/home/luw/XDP3/data/paired/paired_4config_ring4096_20260824/cells/20260824T220600Z_xdp_drop_6500000.json
14500000	6	1	skb	read-data	1	True	1207645.6	0.916713	1.0	2644.66	6.351	0.6988	0.9909	-	/home/luw/XDP3/data/paired/paired_4config_ring4096_20260824/cells/20260824T220648Z_xdp_drop_14500000.json
14500000	6	2	native	no-touch	1	True	13986363.1	0.035322	1.0	228.35	0.6825	0.3901	0.1643	-	/home/luw/XDP3/data/paired/paired_4config_ring4096_20260824/cells/20260824T220735Z_xdp_drop_14500000.json
14500000	6	3	native	read-data	1	True	7669651.0	0.471093	1.0	416.03	0.6663	0.4306	1.0104	-	/home/luw/XDP3/data/paired/paired_4config_ring4096_20260824/cells/20260824T220823Z_xdp_drop_14500000.json
14500000	6	4	skb	no-touch	1	True	1209399.3	0.9166	1.0	2640.83	6.0094	0.6733	0.9493	-	/home/luw/XDP3/data/paired/paired_4config_ring4096_20260824/cells/20260824T220911Z_xdp_drop_14500000.json
2500000	6	1	native	no-touch	1	True	2499990.7	0.0	1.0	457.26	0.557	0.7466	0.1715	-	/home/luw/XDP3/data/paired/paired_4config_ring4096_20260824/cells/20260824T220959Z_xdp_drop_2500000.json
2500000	6	2	skb	no-touch	1	True	1213874.8	0.514449	1.0	2631.11	5.4684	0.6695	0.9695	-	/home/luw/XDP3/data/paired/paired_4config_ring4096_20260824/cells/20260824T221046Z_xdp_drop_2500000.json
2500000	6	3	native	read-data	1	True	2499980.3	0.0	1.0	600.78	0.6065	0.7615	1.0618	-	/home/luw/XDP3/data/paired/paired_4config_ring4096_20260824/cells/20260824T221134Z_xdp_drop_2500000.json
2500000	6	4	skb	read-data	1	True	1202835.3	0.518861	1.0	2655.26	6.0233	0.722	1.0185	-	/home/luw/XDP3/data/paired/paired_4config_ring4096_20260824/cells/20260824T221222Z_xdp_drop_2500000.json
9000000	6	1	skb	read-data	1	True	1201266.9	0.866519	1.0	2658.62	6.1031	0.7164	1.0195	-	/home/luw/XDP3/data/paired/paired_4config_ring4096_20260824/cells/20260824T221310Z_xdp_drop_9000000.json
9000000	6	2	native	read-data	1	True	7650842.1	0.149968	1.0	417.09	0.656	0.4353	1.0214	-	/home/luw/XDP3/data/paired/paired_4config_ring4096_20260824/cells/20260824T221357Z_xdp_drop_9000000.json
9000000	6	3	native	no-touch	1	True	9000615.3	0.0	1.0	274.41	0.5358	0.7471	0.1594	-	/home/luw/XDP3/data/paired/paired_4config_ring4096_20260824/cells/20260824T221445Z_xdp_drop_9000000.json
9000000	6	4	skb	no-touch	1	True	1215268.3	0.864981	1.0	2628.0	6.0257	0.7512	1.057	-	/home/luw/XDP3/data/paired/paired_4config_ring4096_20260824/cells/20260824T221533Z_xdp_drop_9000000.json
8000000	6	1	skb	no-touch	1	True	1204164.3	0.849481	1.0	2652.23	5.6308	0.7317	1.0567	-	/home/luw/XDP3/data/paired/paired_4config_ring4096_20260824/cells/20260824T221621Z_xdp_drop_8000000.json
8000000	6	2	skb	read-data	1	True	1205233.1	0.849347	1.0	2649.94	5.6311	0.7327	1.0568	-	/home/luw/XDP3/data/paired/paired_4config_ring4096_20260824/cells/20260824T221708Z_xdp_drop_8000000.json
8000000	6	3	native	read-data	1	True	7681546.1	0.039802	1.0	415.41	0.6923	0.3978	1.0088	-	/home/luw/XDP3/data/paired/paired_4config_ring4096_20260824/cells/20260824T221756Z_xdp_drop_8000000.json
8000000	6	4	native	no-touch	1	True	7999954.7	0.0	1.0	298.7	0.5603	0.7333	0.1412	-	/home/luw/XDP3/data/paired/paired_4config_ring4096_20260824/cells/20260824T221844Z_xdp_drop_8000000.json
6000000	6	1	native	read-data	1	True	6000136.9	0.0	1.0	437.27	0.5415	0.7817	1.0469	-	/home/luw/XDP3/data/paired/paired_4config_ring4096_20260824/cells/20260824T221931Z_xdp_drop_6000000.json
6000000	6	2	native	no-touch	1	True	6000069.6	0.0	1.0	348.84	0.5438	0.7726	0.1562	-	/home/luw/XDP3/data/paired/paired_4config_ring4096_20260824/cells/20260824T222019Z_xdp_drop_6000000.json
6000000	6	3	skb	read-data	1	True	1209733.0	0.798383	1.0	2640.06	5.8991	0.643	0.9291	-	/home/luw/XDP3/data/paired/paired_4config_ring4096_20260824/cells/20260824T222107Z_xdp_drop_6000000.json
6000000	6	4	skb	no-touch	1	True	1213385.2	0.797776	1.0	2632.12	5.4856	0.6331	0.9225	-	/home/luw/XDP3/data/paired/paired_4config_ring4096_20260824/cells/20260824T222155Z_xdp_drop_6000000.json
11000000	6	1	native	no-touch	1	True	11000415.1	0.0	1.0	254.29	0.4753	0.7882	0.1443	-	/home/luw/XDP3/data/paired/paired_4config_ring4096_20260824/cells/20260824T222242Z_xdp_drop_11000000.json
11000000	6	2	skb	read-data	1	True	1206804.4	0.890298	1.0	2646.46	5.9233	0.6843	0.9454	-	/home/luw/XDP3/data/paired/paired_4config_ring4096_20260824/cells/20260824T222330Z_xdp_drop_11000000.json
11000000	6	3	skb	no-touch	1	True	1211459.9	0.889875	1.0	2636.31	5.5681	0.6815	0.9396	-	/home/luw/XDP3/data/paired/paired_4config_ring4096_20260824/cells/20260824T222418Z_xdp_drop_11000000.json
11000000	6	4	native	read-data	1	True	8218933.7	0.252852	1.0	388.4	0.554	0.4545	0.9251	-	/home/luw/XDP3/data/paired/paired_4config_ring4096_20260824/cells/20260824T222505Z_xdp_drop_11000000.json
13500000	6	1	native	read-data	1	True	7685990.5	0.430707	1.0	415.13	0.6683	0.421	1.0135	-	/home/luw/XDP3/data/paired/paired_4config_ring4096_20260824/cells/20260824T222553Z_xdp_drop_13500000.json
13500000	6	2	native	no-touch	1	True	13500880.5	0.0	1.0	234.91	0.3177	0.8085	0.1724	-	/home/luw/XDP3/data/paired/paired_4config_ring4096_20260824/cells/20260824T222641Z_xdp_drop_13500000.json
13500000	6	3	skb	read-data	1	True	1206278.4	0.910655	1.0	2647.68	5.8648	0.6862	0.9425	-	/home/luw/XDP3/data/paired/paired_4config_ring4096_20260824/cells/20260824T222729Z_xdp_drop_13500000.json
13500000	6	4	skb	no-touch	1	True	1207221.1	0.910584	1.0	2645.57	6.2079	0.6849	0.9528	-	/home/luw/XDP3/data/paired/paired_4config_ring4096_20260824/cells/20260824T222816Z_xdp_drop_13500000.json
3000000	6	1	skb	no-touch	1	True	1210606.1	0.596476	1.0	2638.14	5.4961	0.6752	0.94	-	/home/luw/XDP3/data/paired/paired_4config_ring4096_20260824/cells/20260824T222904Z_xdp_drop_3000000.json
3000000	6	2	native	read-data	1	True	3000067.5	0.0	1.0	588.63	0.5598	0.7823	1.0461	-	/home/luw/XDP3/data/paired/paired_4config_ring4096_20260824/cells/20260824T222951Z_xdp_drop_3000000.json
3000000	6	3	native	no-touch	1	True	3000077.8	0.0	1.0	433.11	0.5241	0.6587	0.1499	-	/home/luw/XDP3/data/paired/paired_4config_ring4096_20260824/cells/20260824T223040Z_xdp_drop_3000000.json
3000000	6	4	skb	read-data	1	True	1198041.1	0.600662	1.0	2665.76	5.9432	0.7433	1.0422	-	/home/luw/XDP3/data/paired/paired_4config_ring4096_20260824/cells/20260824T223127Z_xdp_drop_3000000.json
4500000	6	1	skb	read-data	1	True	1203051.0	0.732659	1.0	2654.74	6.1317	0.7363	1.0526	-	/home/luw/XDP3/data/paired/paired_4config_ring4096_20260824/cells/20260824T223215Z_xdp_drop_4500000.json
4500000	6	2	native	read-data	1	True	4500008.4	0.0	1.0	505.79	0.5253	0.6933	0.9705	-	/home/luw/XDP3/data/paired/paired_4config_ring4096_20260824/cells/20260824T223303Z_xdp_drop_4500000.json
4500000	6	3	native	no-touch	1	True	4500002.1	0.0	1.0	403.36	0.5046	0.7451	0.147	-	/home/luw/XDP3/data/paired/paired_4config_ring4096_20260824/cells/20260824T223350Z_xdp_drop_4500000.json
4500000	6	4	skb	no-touch	1	True	1212478.7	0.730563	1.0	2634.07	5.9889	0.6911	0.9506	-	/home/luw/XDP3/data/paired/paired_4config_ring4096_20260824/cells/20260824T223438Z_xdp_drop_4500000.json
7500000	6	1	native	no-touch	1	True	7499671.1	0.0	1.0	309.48	0.5249	0.6443	0.1436	-	/home/luw/XDP3/data/paired/paired_4config_ring4096_20260824/cells/20260824T223526Z_xdp_drop_7500000.json
7500000	6	2	skb	read-data	1	True	1212745.2	0.838295	1.0	2633.54	5.9402	0.6616	0.9397	-	/home/luw/XDP3/data/paired/paired_4config_ring4096_20260824/cells/20260824T223614Z_xdp_drop_7500000.json
7500000	6	3	skb	no-touch	1	True	1210088.2	0.838651	1.0	2639.25	5.5132	0.6535	0.9588	-	/home/luw/XDP3/data/paired/paired_4config_ring4096_20260824/cells/20260824T223701Z_xdp_drop_7500000.json
7500000	6	4	native	read-data	1	True	7499665.2	0.0	1.0	400.3	0.3899	0.7592	0.9037	-	/home/luw/XDP3/data/paired/paired_4config_ring4096_20260824/cells/20260824T223749Z_xdp_drop_7500000.json
1000000	6	1	native	no-touch	1	True	1000008.5	0.0	1.0	415.24	0.5183	0.747	0.143	-	/home/luw/XDP3/data/paired/paired_4config_ring4096_20260824/cells/20260824T223837Z_xdp_drop_1000000.json
1000000	6	2	native	read-data	1	True	1000009.2	0.0	1.0	555.81	0.4765	0.6836	0.9005	-	/home/luw/XDP3/data/paired/paired_4config_ring4096_20260824/cells/20260824T223924Z_xdp_drop_1000000.json
1000000	6	3	skb	read-data	1	True	1000011.7	0.0	1.0	2817.39	6.4868	0.8381	0.9745	-	/home/luw/XDP3/data/paired/paired_4config_ring4096_20260824/cells/20260824T224012Z_xdp_drop_1000000.json
1000000	6	4	skb	no-touch	1	True	1000006.7	0.0	1.0	2816.89	6.7229	0.8406	0.9763	-	/home/luw/XDP3/data/paired/paired_4config_ring4096_20260824/cells/20260824T224100Z_xdp_drop_1000000.json
2000000	6	1	native	read-data	1	True	1999992.8	0.0	1.0	591.36	0.5545	0.7593	1.0601	-	/home/luw/XDP3/data/paired/paired_4config_ring4096_20260824/cells/20260824T224147Z_xdp_drop_2000000.json
2000000	6	2	skb	read-data	1	True	1211398.8	0.394299	1.0	2636.45	5.2973	0.6655	0.9443	-	/home/luw/XDP3/data/paired/paired_4config_ring4096_20260824/cells/20260824T224235Z_xdp_drop_2000000.json
2000000	6	3	skb	no-touch	1	True	1214996.5	0.392503	1.0	2628.6	5.7518	0.6554	0.9409	-	/home/luw/XDP3/data/paired/paired_4config_ring4096_20260824/cells/20260824T224323Z_xdp_drop_2000000.json
2000000	6	4	native	no-touch	1	True	1999994.0	0.0	1.0	423.8	0.5285	0.7697	0.1722	-	/home/luw/XDP3/data/paired/paired_4config_ring4096_20260824/cells/20260824T224410Z_xdp_drop_2000000.json
13000000	6	1	skb	read-data	1	True	1208145.9	0.907073	1.0	2643.56	6.1723	0.744	1.0355	-	/home/luw/XDP3/data/paired/paired_4config_ring4096_20260824/cells/20260824T224458Z_xdp_drop_13000000.json
13000000	6	2	native	no-touch	1	True	13000238.8	0.0	1.0	240.62	0.3067	0.7982	0.0971	-	/home/luw/XDP3/data/paired/paired_4config_ring4096_20260824/cells/20260824T224546Z_xdp_drop_13000000.json
13000000	6	3	native	read-data	1	True	7903222.8	0.392076	1.0	403.87	0.6908	0.4013	1.028	-	/home/luw/XDP3/data/paired/paired_4config_ring4096_20260824/cells/20260824T224634Z_xdp_drop_13000000.json
13000000	6	4	skb	no-touch	1	True	1209566.9	0.906962	1.0	2640.44	6.3029	0.6471	0.9469	-	/home/luw/XDP3/data/paired/paired_4config_ring4096_20260824/cells/20260824T224722Z_xdp_drop_13000000.json
7000000	6	1	skb	read-data	1	True	1209767.4	0.827181	1.0	2639.99	5.6093	0.6404	0.9425	-	/home/luw/XDP3/data/paired/paired_4config_ring4096_20260824/cells/20260824T224809Z_xdp_drop_7000000.json
7000000	6	2	native	read-data	1	True	7000057.0	0.0	1.0	425.89	0.4217	0.8816	1.0363	-	/home/luw/XDP3/data/paired/paired_4config_ring4096_20260824/cells/20260824T224857Z_xdp_drop_7000000.json
7000000	6	3	skb	no-touch	1	True	1207912.2	0.827443	1.0	2644.05	6.0288	0.6734	0.9506	-	/home/luw/XDP3/data/paired/paired_4config_ring4096_20260824/cells/20260824T224945Z_xdp_drop_7000000.json
7000000	6	4	native	no-touch	1	True	7000069.4	0.0	1.0	322.76	0.5036	0.7339	0.1532	-	/home/luw/XDP3/data/paired/paired_4config_ring4096_20260824/cells/20260824T225032Z_xdp_drop_7000000.json
10500000	6	1	skb	read-data	1	True	1199018.6	0.885804	1.0	2663.69	5.0976	0.7444	1.081	-	/home/luw/XDP3/data/paired/paired_4config_ring4096_20260824/cells/20260824T225120Z_xdp_drop_10500000.json
10500000	6	2	skb	no-touch	1	True	1205499.4	0.885188	1.0	2649.3	4.7112	0.751	1.0819	-	/home/luw/XDP3/data/paired/paired_4config_ring4096_20260824/cells/20260824T225208Z_xdp_drop_10500000.json
10500000	6	3	native	no-touch	1	True	10499554.0	0.0	1.0	256.72	0.5251	0.696	0.1561	-	/home/luw/XDP3/data/paired/paired_4config_ring4096_20260824/cells/20260824T225255Z_xdp_drop_10500000.json
10500000	6	4	native	read-data	1	True	7916374.2	0.24603	1.0	402.97	0.6516	0.4437	1.0228	-	/home/luw/XDP3/data/paired/paired_4config_ring4096_20260824/cells/20260824T225343Z_xdp_drop_10500000.json
14880952	6	1	native	no-touch	1	True	14003331.2	0.058949	1.0	228.07	0.6741	0.4016	0.1709	-	/home/luw/XDP3/data/paired/paired_4config_ring4096_20260824/cells/20260824T225431Z_xdp_drop_14880952.json
14880952	6	2	skb	read-data	1	True	1212713.7	0.918489	1.0	2633.58	4.7053	0.683	0.9526	-	/home/luw/XDP3/data/paired/paired_4config_ring4096_20260824/cells/20260824T225519Z_xdp_drop_14880952.json
14880952	6	3	skb	no-touch	1	True	1211886.3	0.918544	1.0	2635.34	4.8227	0.6763	0.9493	-	/home/luw/XDP3/data/paired/paired_4config_ring4096_20260824/cells/20260824T225606Z_xdp_drop_14880952.json
14880952	6	4	native	read-data	1	True	7909736.5	0.468444	1.0	403.52	0.6622	0.4358	1.0188	-	/home/luw/XDP3/data/paired/paired_4config_ring4096_20260824/cells/20260824T225654Z_xdp_drop_14880952.json
14880952	6	1	skb	read-data	0	True	1211265.4	0.91838	1.0	0.0	0.0	0.0	0.0	-	/home/luw/XDP3/data/paired/paired_4config_ring4096_20260824/cells/20260824T225742Z_xdp_drop_14880952.json
14880952	6	2	native	no-touch	0	True	13974820.9	0.060866	1.0	0.0	0.0	0.0	0.0	-	/home/luw/XDP3/data/paired/paired_4config_ring4096_20260824/cells/20260824T225829Z_xdp_drop_14880952.json
14880952	6	3	native	read-data	0	True	7652884.9	0.485705	1.0	0.0	0.0	0.0	0.0	-	/home/luw/XDP3/data/paired/paired_4config_ring4096_20260824/cells/20260824T225917Z_xdp_drop_14880952.json
14880952	6	4	skb	no-touch	0	True	1211129.2	0.918589	1.0	0.0	0.0	0.0	0.0	-	/home/luw/XDP3/data/paired/paired_4config_ring4096_20260824/cells/20260824T230005Z_xdp_drop_14880952.json
1500000	7	1	skb	no-touch	1	True	1215362.4	0.18976	1.0	2627.81	5.3533	0.6966	0.9956	-	/home/luw/XDP3/data/paired/paired_4config_ring4096_20260824/cells/20260824T230052Z_xdp_drop_1500000.json
1500000	7	2	native	no-touch	1	True	1500002.2	0.0	1.0	427.99	0.5169	0.7449	0.167	-	/home/luw/XDP3/data/paired/paired_4config_ring4096_20260824/cells/20260824T230140Z_xdp_drop_1500000.json
1500000	7	3	skb	read-data	1	True	1206791.3	0.195474	1.0	2646.52	5.821	0.7187	1.0375	-	/home/luw/XDP3/data/paired/paired_4config_ring4096_20260824/cells/20260824T230228Z_xdp_drop_1500000.json
1500000	7	4	native	read-data	1	True	1500005.3	0.0	1.0	600.19	0.5252	0.7725	1.0488	-	/home/luw/XDP3/data/paired/paired_4config_ring4096_20260824/cells/20260824T230316Z_xdp_drop_1500000.json
2500000	7	1	native	read-data	1	True	2499983.1	0.0	1.0	590.93	0.558	0.8124	1.034	-	/home/luw/XDP3/data/paired/paired_4config_ring4096_20260824/cells/20260824T230404Z_xdp_drop_2500000.json
2500000	7	2	native	no-touch	1	True	2499981.1	0.0	1.0	456.77	0.576	0.7441	0.1283	-	/home/luw/XDP3/data/paired/paired_4config_ring4096_20260824/cells/20260824T230451Z_xdp_drop_2500000.json
2500000	7	3	skb	no-touch	1	True	1205012.6	0.517992	1.0	2650.44	6.2607	0.6863	0.9628	-	/home/luw/XDP3/data/paired/paired_4config_ring4096_20260824/cells/20260824T230539Z_xdp_drop_2500000.json
2500000	7	4	skb	read-data	1	True	1206143.0	0.517542	1.0	2647.9	5.8118	0.6613	0.9698	-	/home/luw/XDP3/data/paired/paired_4config_ring4096_20260824/cells/20260824T230627Z_xdp_drop_2500000.json
6000000	7	1	native	no-touch	1	True	6000048.4	0.0	1.0	347.46	0.5097	0.6744	0.116	-	/home/luw/XDP3/data/paired/paired_4config_ring4096_20260824/cells/20260824T230714Z_xdp_drop_6000000.json
6000000	7	2	native	read-data	1	True	6000147.7	0.0	1.0	439.5	0.5478	0.7787	1.0215	-	/home/luw/XDP3/data/paired/paired_4config_ring4096_20260824/cells/20260824T230802Z_xdp_drop_6000000.json
6000000	7	3	skb	no-touch	1	True	1213660.8	0.797732	1.0	2631.52	6.0104	0.6707	0.9295	-	/home/luw/XDP3/data/paired/paired_4config_ring4096_20260824/cells/20260824T230850Z_xdp_drop_6000000.json
6000000	7	4	skb	read-data	1	True	1210170.7	0.798289	1.0	2639.03	5.8351	0.656	0.924	-	/home/luw/XDP3/data/paired/paired_4config_ring4096_20260824/cells/20260824T230938Z_xdp_drop_6000000.json
5500000	7	1	skb	no-touch	1	True	1212907.8	0.779483	1.0	2633.15	5.9737	0.6698	0.9314	-	/home/luw/XDP3/data/paired/paired_4config_ring4096_20260824/cells/20260824T231025Z_xdp_drop_5500000.json
5500000	7	2	native	read-data	1	True	5500194.5	0.0	1.0	455.34	0.5963	0.758	1.0464	-	/home/luw/XDP3/data/paired/paired_4config_ring4096_20260824/cells/20260824T231113Z_xdp_drop_5500000.json
5500000	7	3	native	no-touch	1	True	5500214.5	0.0	1.0	365.69	0.5483	0.7366	0.1668	-	/home/luw/XDP3/data/paired/paired_4config_ring4096_20260824/cells/20260824T231201Z_xdp_drop_5500000.json
5500000	7	4	skb	read-data	1	True	1206565.5	0.780618	1.0	2646.99	5.5164	0.6918	0.9617	-	/home/luw/XDP3/data/paired/paired_4config_ring4096_20260824/cells/20260824T231248Z_xdp_drop_5500000.json
6500000	7	1	native	read-data	1	True	6500103.4	0.0	1.0	407.69	0.4533	0.688	0.8836	-	/home/luw/XDP3/data/paired/paired_4config_ring4096_20260824/cells/20260824T231336Z_xdp_drop_6500000.json
6500000	7	2	skb	no-touch	1	True	1212832.0	0.813416	1.0	2633.29	5.3791	0.6179	0.895	-	/home/luw/XDP3/data/paired/paired_4config_ring4096_20260824/cells/20260824T231424Z_xdp_drop_6500000.json
6500000	7	3	native	no-touch	1	True	6500147.1	0.0	1.0	333.92	0.5674	0.7536	0.1611	-	/home/luw/XDP3/data/paired/paired_4config_ring4096_20260824/cells/20260824T231511Z_xdp_drop_6500000.json
6500000	7	4	skb	read-data	1	True	1208480.4	0.814085	1.0	2642.8	5.1604	0.7216	1.0439	-	/home/luw/XDP3/data/paired/paired_4config_ring4096_20260824/cells/20260824T231559Z_xdp_drop_6500000.json
9500000	7	1	skb	no-touch	1	True	1208749.1	0.872759	1.0	2642.15	5.0164	0.7235	1.0376	-	/home/luw/XDP3/data/paired/paired_4config_ring4096_20260824/cells/20260824T231647Z_xdp_drop_9500000.json
9500000	7	2	skb	read-data	1	True	1202688.8	0.873398	1.0	2655.54	4.785	0.727	1.0373	-	/home/luw/XDP3/data/paired/paired_4config_ring4096_20260824/cells/20260824T231734Z_xdp_drop_9500000.json
9500000	7	3	native	read-data	1	True	7814466.9	0.177383	1.0	408.29	0.6751	0.4369	1.0527	-	/home/luw/XDP3/data/paired/paired_4config_ring4096_20260824/cells/20260824T231822Z_xdp_drop_9500000.json
9500000	7	4	native	no-touch	1	True	9499539.3	0.0	1.0	266.23	0.5014	0.6587	0.1047	-	/home/luw/XDP3/data/paired/paired_4config_ring4096_20260824/cells/20260824T231910Z_xdp_drop_9500000.json
750000	7	1	native	no-touch	1	True	750002.7	0.0	1.0	417.62	0.5226	0.757	0.1349	-	/home/luw/XDP3/data/paired/paired_4config_ring4096_20260824/cells/20260824T231958Z_xdp_drop_750000.json
750000	7	2	skb	read-data	1	True	750000.5	0.0	1.0	2910.85	7.2219	0.7995	0.9204	-	/home/luw/XDP3/data/paired/paired_4config_ring4096_20260824/cells/20260824T232046Z_xdp_drop_750000.json
750000	7	3	native	read-data	1	True	750002.5	0.0	1.0	589.63	0.5261	0.7749	1.0443	-	/home/luw/XDP3/data/paired/paired_4config_ring4096_20260824/cells/20260824T232133Z_xdp_drop_750000.json
750000	7	4	skb	no-touch	1	True	750001.6	0.0	1.0	2910.87	6.7956	0.8436	0.9729	-	/home/luw/XDP3/data/paired/paired_4config_ring4096_20260824/cells/20260824T232221Z_xdp_drop_750000.json
4500000	7	1	native	no-touch	1	True	4499992.4	0.0	1.0	403.53	0.5019	0.7659	0.2017	-	/home/luw/XDP3/data/paired/paired_4config_ring4096_20260824/cells/20260824T232309Z_xdp_drop_4500000.json
4500000	7	2	skb	read-data	1	True	1201357.4	0.733033	1.0	2658.44	5.5463	0.7667	1.1118	-	/home/luw/XDP3/data/paired/paired_4config_ring4096_20260824/cells/20260824T232356Z_xdp_drop_4500000.json
4500000	7	3	native	read-data	1	True	4499999.8	0.0	1.0	514.53	0.5608	0.7611	1.0561	-	/home/luw/XDP3/data/paired/paired_4config_ring4096_20260824/cells/20260824T232444Z_xdp_drop_4500000.json
4500000	7	4	skb	no-touch	1	True	1212391.2	0.730563	1.0	2634.22	4.7633	0.6842	0.951	-	/home/luw/XDP3/data/paired/paired_4config_ring4096_20260824/cells/20260824T232532Z_xdp_drop_4500000.json
14880952	7	1	skb	no-touch	1	True	1214266.5	0.918384	1.0	2630.13	4.8711	0.6706	0.9473	-	/home/luw/XDP3/data/paired/paired_4config_ring4096_20260824/cells/20260824T232620Z_xdp_drop_14880952.json
14880952	7	2	native	no-touch	1	True	13884984.3	0.066903	1.0	230.02	0.7088	0.3794	0.1658	-	/home/luw/XDP3/data/paired/paired_4config_ring4096_20260824/cells/20260824T232707Z_xdp_drop_14880952.json
14880952	7	3	native	read-data	1	True	7674964.1	0.48411	1.0	415.72	0.6609	0.4257	1.0147	-	/home/luw/XDP3/data/paired/paired_4config_ring4096_20260824/cells/20260824T232755Z_xdp_drop_14880952.json
14880952	7	4	skb	read-data	1	True	1210774.9	0.918615	1.0	2637.83	5.1444	0.6662	0.94	-	/home/luw/XDP3/data/paired/paired_4config_ring4096_20260824/cells/20260824T232843Z_xdp_drop_14880952.json
14880952	7	1	skb	read-data	0	True	1212485.9	0.918504	1.0	0.0	0.0	0.0	0.0	-	/home/luw/XDP3/data/paired/paired_4config_ring4096_20260824/cells/20260824T232930Z_xdp_drop_14880952.json
14880952	7	2	native	no-touch	0	True	13950228.7	0.062511	1.0	0.0	0.0	0.0	0.0	-	/home/luw/XDP3/data/paired/paired_4config_ring4096_20260824/cells/20260824T233018Z_xdp_drop_14880952.json
14880952	7	3	skb	no-touch	0	True	1212064.5	0.918533	1.0	0.0	0.0	0.0	0.0	-	/home/luw/XDP3/data/paired/paired_4config_ring4096_20260824/cells/20260824T233106Z_xdp_drop_14880952.json
14880952	7	4	native	read-data	0	True	7659089.6	0.485286	1.0	0.0	0.0	0.0	0.0	-	/home/luw/XDP3/data/paired/paired_4config_ring4096_20260824/cells/20260824T233153Z_xdp_drop_14880952.json
500000	7	1	skb	read-data	1	True	500001.4	0.0	1.0	2880.29	7.0818	0.8272	0.9569	-	/home/luw/XDP3/data/paired/paired_4config_ring4096_20260824/cells/20260824T233241Z_xdp_drop_500000.json
500000	7	2	native	read-data	1	True	499998.3	0.0	1.0	556.15	0.5029	0.7876	1.0602	-	/home/luw/XDP3/data/paired/paired_4config_ring4096_20260824/cells/20260824T233329Z_xdp_drop_500000.json
500000	7	3	native	no-touch	1	True	499999.3	0.0	1.0	395.4	0.5169	0.7502	0.1363	-	/home/luw/XDP3/data/paired/paired_4config_ring4096_20260824/cells/20260824T233417Z_xdp_drop_500000.json
500000	7	4	skb	no-touch	1	True	500001.5	0.0	1.0	2882.23	6.9436	0.9141	1.0445	-	/home/luw/XDP3/data/paired/paired_4config_ring4096_20260824/cells/20260824T233505Z_xdp_drop_500000.json
13000000	7	1	native	read-data	1	True	7671604.7	0.409886	1.0	416.03	0.6643	0.4243	1.0131	-	/home/luw/XDP3/data/paired/paired_4config_ring4096_20260824/cells/20260824T233552Z_xdp_drop_13000000.json
13000000	7	2	native	no-touch	1	True	13000300.3	0.0	1.0	240.29	0.3355	0.8469	0.1034	-	/home/luw/XDP3/data/paired/paired_4config_ring4096_20260824/cells/20260824T233640Z_xdp_drop_13000000.json
13000000	7	3	skb	no-touch	1	True	1204716.8	0.907333	1.0	2650.96	6.0253	0.7312	1.0531	-	/home/luw/XDP3/data/paired/paired_4config_ring4096_20260824/cells/20260824T233728Z_xdp_drop_13000000.json
13000000	7	4	skb	read-data	1	True	1196759.1	0.907943	1.0	2668.62	4.9857	0.7279	1.0513	-	/home/luw/XDP3/data/paired/paired_4config_ring4096_20260824/cells/20260824T233815Z_xdp_drop_13000000.json
3500000	7	1	skb	read-data	1	True	1204666.3	0.655816	1.0	2651.01	5.0572	0.7224	1.0519	-	/home/luw/XDP3/data/paired/paired_4config_ring4096_20260824/cells/20260824T233903Z_xdp_drop_3500000.json
3500000	7	2	skb	no-touch	1	True	1205057.0	0.655702	1.0	2650.27	5.8515	0.7295	1.0492	-	/home/luw/XDP3/data/paired/paired_4config_ring4096_20260824/cells/20260824T233951Z_xdp_drop_3500000.json
3500000	7	3	native	read-data	1	True	3500045.4	0.0	1.0	562.15	0.5859	0.6891	0.9883	-	/home/luw/XDP3/data/paired/paired_4config_ring4096_20260824/cells/20260824T234038Z_xdp_drop_3500000.json
3500000	7	4	native	no-touch	1	True	3500035.8	0.0	1.0	423.07	0.4959	0.7685	0.163	-	/home/luw/XDP3/data/paired/paired_4config_ring4096_20260824/cells/20260824T234126Z_xdp_drop_3500000.json
4000000	7	1	native	no-touch	1	True	3999986.2	0.0	1.0	406.8	0.5597	0.704	0.1319	-	/home/luw/XDP3/data/paired/paired_4config_ring4096_20260824/cells/20260824T234214Z_xdp_drop_4000000.json
4000000	7	2	native	read-data	1	True	3999989.5	0.0	1.0	540.28	0.551	0.757	1.0336	-	/home/luw/XDP3/data/paired/paired_4config_ring4096_20260824/cells/20260824T234302Z_xdp_drop_4000000.json
4000000	7	3	skb	no-touch	1	True	1212697.4	0.696827	1.0	2633.55	4.8605	0.6537	0.943	-	/home/luw/XDP3/data/paired/paired_4config_ring4096_20260824/cells/20260824T234349Z_xdp_drop_4000000.json
4000000	7	4	skb	read-data	1	True	1214066.1	0.696485	1.0	2630.58	5.4443	0.6483	0.9378	-	/home/luw/XDP3/data/paired/paired_4config_ring4096_20260824/cells/20260824T234437Z_xdp_drop_4000000.json
7000000	7	1	native	read-data	1	True	7000082.8	0.0	1.0	426.45	0.4527	0.8534	1.0329	-	/home/luw/XDP3/data/paired/paired_4config_ring4096_20260824/cells/20260824T234525Z_xdp_drop_7000000.json
7000000	7	2	skb	read-data	1	True	1212108.1	0.826845	1.0	2634.88	5.4361	0.6743	0.9578	-	/home/luw/XDP3/data/paired/paired_4config_ring4096_20260824/cells/20260824T234612Z_xdp_drop_7000000.json
7000000	7	3	native	no-touch	1	True	7000037.4	0.0	1.0	322.52	0.5973	0.7183	0.1152	-	/home/luw/XDP3/data/paired/paired_4config_ring4096_20260824/cells/20260824T234700Z_xdp_drop_7000000.json
7000000	7	4	skb	no-touch	1	True	1211122.4	0.826986	1.0	2637.02	5.7881	0.7121	1.0275	-	/home/luw/XDP3/data/paired/paired_4config_ring4096_20260824/cells/20260824T234748Z_xdp_drop_7000000.json
13500000	7	1	native	no-touch	1	True	13500957.4	0.0	1.0	234.68	0.3401	0.7648	0.1544	-	/home/luw/XDP3/data/paired/paired_4config_ring4096_20260824/cells/20260824T234835Z_xdp_drop_13500000.json
13500000	7	2	skb	no-touch	1	True	1212601.9	0.910187	1.0	2633.75	5.9443	0.6513	0.9432	-	/home/luw/XDP3/data/paired/paired_4config_ring4096_20260824/cells/20260824T234923Z_xdp_drop_13500000.json
13500000	7	3	skb	read-data	1	True	1214674.2	0.910032	1.0	2629.29	5.7556	0.6375	0.9369	-	/home/luw/XDP3/data/paired/paired_4config_ring4096_20260824/cells/20260824T235011Z_xdp_drop_13500000.json
13500000	7	4	native	read-data	1	True	7865550.5	0.41741	1.0	405.79	0.7269	0.4307	1.0255	-	/home/luw/XDP3/data/paired/paired_4config_ring4096_20260824/cells/20260824T235058Z_xdp_drop_13500000.json
7500000	7	1	skb	no-touch	1	True	1210428.4	0.838605	1.0	2638.53	5.3805	0.6634	0.943	-	/home/luw/XDP3/data/paired/paired_4config_ring4096_20260824/cells/20260824T235146Z_xdp_drop_7500000.json
7500000	7	2	skb	read-data	1	True	1209736.9	0.838697	1.0	2640.05	5.0643	0.6598	0.936	-	/home/luw/XDP3/data/paired/paired_4config_ring4096_20260824/cells/20260824T235234Z_xdp_drop_7500000.json
7500000	7	3	native	read-data	1	True	7499707.7	0.0	1.0	420.89	0.331	0.8502	1.0043	-	/home/luw/XDP3/data/paired/paired_4config_ring4096_20260824/cells/20260824T235322Z_xdp_drop_7500000.json
7500000	7	4	native	no-touch	1	True	7499688.9	0.0	1.0	309.31	0.5539	0.7536	0.1464	-	/home/luw/XDP3/data/paired/paired_4config_ring4096_20260824/cells/20260824T235410Z_xdp_drop_7500000.json
10000000	7	1	native	read-data	1	True	7681204.3	0.231879	1.0	415.42	0.6801	0.4149	1.0133	-	/home/luw/XDP3/data/paired/paired_4config_ring4096_20260824/cells/20260824T235457Z_xdp_drop_10000000.json
10000000	7	2	skb	no-touch	1	True	1209518.3	0.879051	1.0	2640.5	4.4503	0.6566	0.9267	-	/home/luw/XDP3/data/paired/paired_4config_ring4096_20260824/cells/20260824T235545Z_xdp_drop_10000000.json
10000000	7	3	native	no-touch	1	True	9999929.3	0.0	1.0	260.78	0.5244	0.6941	0.1317	-	/home/luw/XDP3/data/paired/paired_4config_ring4096_20260824/cells/20260824T235633Z_xdp_drop_10000000.json
10000000	7	4	skb	read-data	1	True	1208883.4	0.879114	1.0	2641.9	6.0853	0.7511	1.0658	-	/home/luw/XDP3/data/paired/paired_4config_ring4096_20260824/cells/20260824T235720Z_xdp_drop_10000000.json
14500000	7	1	native	no-touch	1	True	14062378.2	0.03023	1.0	227.12	0.7026	0.3727	0.1604	-	/home/luw/XDP3/data/paired/paired_4config_ring4096_20260824/cells/20260824T235808Z_xdp_drop_14500000.json
14500000	7	2	native	read-data	1	True	7897010.3	0.455413	1.0	404.11	0.6633	0.4267	1.0277	-	/home/luw/XDP3/data/paired/paired_4config_ring4096_20260824/cells/20260824T235856Z_xdp_drop_14500000.json
14500000	7	3	skb	read-data	1	True	1208256.0	0.91668	1.0	2643.17	5.3417	0.6812	0.961	-	/home/luw/XDP3/data/paired/paired_4config_ring4096_20260824/cells/20260824T235944Z_xdp_drop_14500000.json
14500000	7	4	skb	no-touch	1	True	1211889.3	0.91641	1.0	2635.36	4.3335	0.6759	0.9559	-	/home/luw/XDP3/data/paired/paired_4config_ring4096_20260824/cells/20260825T000031Z_xdp_drop_14500000.json
9000000	7	1	skb	no-touch	1	True	1210254.5	0.865539	1.0	2638.93	5.1559	0.6698	0.9568	-	/home/luw/XDP3/data/paired/paired_4config_ring4096_20260824/cells/20260825T000119Z_xdp_drop_9000000.json
9000000	7	2	native	no-touch	1	True	9000634.1	0.0	1.0	274.23	0.5625	0.7372	0.1412	-	/home/luw/XDP3/data/paired/paired_4config_ring4096_20260824/cells/20260825T000207Z_xdp_drop_9000000.json
9000000	7	3	native	read-data	1	True	7873187.1	0.125262	1.0	405.43	0.7019	0.4506	1.0205	-	/home/luw/XDP3/data/paired/paired_4config_ring4096_20260824/cells/20260825T000254Z_xdp_drop_9000000.json
9000000	7	4	skb	read-data	1	True	1206847.0	0.865916	1.0	2646.39	5.4203	0.6669	0.9541	-	/home/luw/XDP3/data/paired/paired_4config_ring4096_20260824/cells/20260825T000342Z_xdp_drop_9000000.json
3000000	7	1	native	read-data	1	True	3000065.7	0.0	1.0	563.18	0.57	0.6326	0.8798	-	/home/luw/XDP3/data/paired/paired_4config_ring4096_20260824/cells/20260825T000430Z_xdp_drop_3000000.json
3000000	7	2	skb	no-touch	1	True	1209700.6	0.596778	1.0	2640.11	5.4668	0.6427	0.92	-	/home/luw/XDP3/data/paired/paired_4config_ring4096_20260824/cells/20260825T000518Z_xdp_drop_3000000.json
3000000	7	3	native	no-touch	1	True	3000073.5	0.0	1.0	433.15	0.5806	0.7353	0.1416	-	/home/luw/XDP3/data/paired/paired_4config_ring4096_20260824/cells/20260825T000605Z_xdp_drop_3000000.json
3000000	7	4	skb	read-data	1	True	1207778.9	0.597418	1.0	2644.34	5.5466	0.6515	0.9335	-	/home/luw/XDP3/data/paired/paired_4config_ring4096_20260824/cells/20260825T000653Z_xdp_drop_3000000.json
11000000	7	1	skb	read-data	1	True	1211320.7	0.889877	1.0	2636.5	4.9183	0.6487	0.9274	-	/home/luw/XDP3/data/paired/paired_4config_ring4096_20260824/cells/20260825T000741Z_xdp_drop_11000000.json
11000000	7	2	skb	no-touch	1	True	1212466.7	0.889784	1.0	2634.01	4.8987	0.6482	0.9272	-	/home/luw/XDP3/data/paired/paired_4config_ring4096_20260824/cells/20260825T000828Z_xdp_drop_11000000.json
11000000	7	3	native	no-touch	1	True	11000411.6	0.0	1.0	254.08	0.4162	0.6753	0.1013	-	/home/luw/XDP3/data/paired/paired_4config_ring4096_20260824/cells/20260825T000916Z_xdp_drop_11000000.json
11000000	7	4	native	read-data	1	True	7890557.2	0.282705	1.0	404.43	0.6671	0.4313	1.0265	-	/home/luw/XDP3/data/paired/paired_4config_ring4096_20260824/cells/20260825T001004Z_xdp_drop_11000000.json
14000000	7	1	native	no-touch	1	True	13907471.5	0.006516	1.0	229.59	0.4934	0.5813	0.0859	-	/home/luw/XDP3/data/paired/paired_4config_ring4096_20260824/cells/20260825T001052Z_xdp_drop_14000000.json
14000000	7	2	skb	read-data	1	True	1205084.3	0.913917	1.0	2650.24	4.9641	0.7422	1.0763	-	/home/luw/XDP3/data/paired/paired_4config_ring4096_20260824/cells/20260825T001139Z_xdp_drop_14000000.json
14000000	7	3	native	read-data	1	True	7903826.9	0.43539	1.0	403.65	0.6482	0.4457	1.029	-	/home/luw/XDP3/data/paired/paired_4config_ring4096_20260824/cells/20260825T001227Z_xdp_drop_14000000.json
14000000	7	4	skb	no-touch	1	True	1216359.4	0.913053	1.0	2625.66	5.0119	0.6848	0.9447	-	/home/luw/XDP3/data/paired/paired_4config_ring4096_20260824/cells/20260825T001315Z_xdp_drop_14000000.json
14000000	7	1	native	no-touch	0	True	13941090.9	0.004116	1.0	0.0	0.0	0.0	0.0	-	/home/luw/XDP3/data/paired/paired_4config_ring4096_20260824/cells/20260825T001402Z_xdp_drop_14000000.json
14000000	7	2	skb	read-data	0	True	1206616.2	0.913802	1.0	0.0	0.0	0.0	0.0	-	/home/luw/XDP3/data/paired/paired_4config_ring4096_20260824/cells/20260825T001450Z_xdp_drop_14000000.json
14000000	7	3	skb	no-touch	0	True	1211286.0	0.913473	1.0	0.0	0.0	0.0	0.0	-	/home/luw/XDP3/data/paired/paired_4config_ring4096_20260824/cells/20260825T001538Z_xdp_drop_14000000.json
14000000	7	4	native	read-data	0	True	7882961.7	0.436879	1.0	0.0	0.0	0.0	0.0	-	/home/luw/XDP3/data/paired/paired_4config_ring4096_20260824/cells/20260825T001625Z_xdp_drop_14000000.json
12000000	7	1	skb	read-data	1	True	1209050.6	0.899239	1.0	2641.52	5.2356	0.6996	0.9949	-	/home/luw/XDP3/data/paired/paired_4config_ring4096_20260824/cells/20260825T001713Z_xdp_drop_12000000.json
12000000	7	2	native	read-data	1	True	8176930.1	0.318515	1.0	390.09	0.5644	0.4042	0.8803	-	/home/luw/XDP3/data/paired/paired_4config_ring4096_20260824/cells/20260825T001801Z_xdp_drop_12000000.json
12000000	7	3	native	no-touch	1	True	11999246.6	0.0	1.0	250.44	0.4452	0.849	0.1849	-	/home/luw/XDP3/data/paired/paired_4config_ring4096_20260824/cells/20260825T001849Z_xdp_drop_12000000.json
12000000	7	4	skb	no-touch	1	True	1214016.4	0.898829	1.0	2630.74	5.9179	0.6685	0.9416	-	/home/luw/XDP3/data/paired/paired_4config_ring4096_20260824/cells/20260825T001936Z_xdp_drop_12000000.json
10500000	7	1	native	read-data	1	True	7886419.8	0.248882	1.0	404.78	0.6698	0.4307	1.0205	-	/home/luw/XDP3/data/paired/paired_4config_ring4096_20260824/cells/20260825T002024Z_xdp_drop_10500000.json
10500000	7	2	skb	no-touch	1	True	1211106.1	0.884655	1.0	2636.97	5.1016	0.7036	0.9789	-	/home/luw/XDP3/data/paired/paired_4config_ring4096_20260824/cells/20260825T002112Z_xdp_drop_10500000.json
10500000	7	3	skb	read-data	1	True	1206756.6	0.885068	1.0	2646.56	4.7755	0.6988	0.9764	-	/home/luw/XDP3/data/paired/paired_4config_ring4096_20260824/cells/20260825T002159Z_xdp_drop_10500000.json
10500000	7	4	native	no-touch	1	True	10499557.9	0.0	1.0	256.81	0.4914	0.7913	0.1046	-	/home/luw/XDP3/data/paired/paired_4config_ring4096_20260824/cells/20260825T002247Z_xdp_drop_10500000.json
5000000	7	1	native	read-data	1	True	4999977.4	0.0	1.0	484.25	0.558	0.7421	1.0268	-	/home/luw/XDP3/data/paired/paired_4config_ring4096_20260824/cells/20260825T002335Z_xdp_drop_5000000.json
5000000	7	2	skb	read-data	1	True	1211743.5	0.757653	1.0	2635.69	4.807	0.6511	0.9402	-	/home/luw/XDP3/data/paired/paired_4config_ring4096_20260824/cells/20260825T002423Z_xdp_drop_5000000.json
5000000	7	3	native	no-touch	1	True	4999972.4	0.0	1.0	387.34	0.5777	0.7356	0.1645	-	/home/luw/XDP3/data/paired/paired_4config_ring4096_20260824/cells/20260825T002511Z_xdp_drop_5000000.json
5000000	7	4	skb	no-touch	1	True	1214946.6	0.757011	1.0	2628.69	5.1124	0.6686	0.9427	-	/home/luw/XDP3/data/paired/paired_4config_ring4096_20260824/cells/20260825T002558Z_xdp_drop_5000000.json
2000000	7	1	native	no-touch	1	True	1999991.7	0.0	1.0	425.82	0.4867	0.7433	0.1359	-	/home/luw/XDP3/data/paired/paired_4config_ring4096_20260824/cells/20260825T002646Z_xdp_drop_2000000.json
2000000	7	2	native	read-data	1	True	1999984.6	0.0	1.0	601.22	0.5183	0.7917	1.0485	-	/home/luw/XDP3/data/paired/paired_4config_ring4096_20260824/cells/20260825T002734Z_xdp_drop_2000000.json
2000000	7	3	skb	no-touch	1	True	1201590.3	0.399204	1.0	2657.8	6.007	0.7543	1.0405	-	/home/luw/XDP3/data/paired/paired_4config_ring4096_20260824/cells/20260825T002822Z_xdp_drop_2000000.json
2000000	7	4	skb	read-data	1	True	1202351.0	0.398824	1.0	2656.14	5.9115	0.7374	1.0605	-	/home/luw/XDP3/data/paired/paired_4config_ring4096_20260824/cells/20260825T002909Z_xdp_drop_2000000.json
1000000	7	1	skb	read-data	1	True	1000012.2	0.0	1.0	2821.78	6.5983	0.8839	1.0245	-	/home/luw/XDP3/data/paired/paired_4config_ring4096_20260824/cells/20260825T002957Z_xdp_drop_1000000.json
1000000	7	2	native	no-touch	1	True	1000011.3	0.0	1.0	417.03	0.5105	0.7574	0.2005	-	/home/luw/XDP3/data/paired/paired_4config_ring4096_20260824/cells/20260825T003044Z_xdp_drop_1000000.json
1000000	7	3	native	read-data	1	True	1000010.3	0.0	1.0	580.26	0.5517	0.7561	1.0629	-	/home/luw/XDP3/data/paired/paired_4config_ring4096_20260824/cells/20260825T003132Z_xdp_drop_1000000.json
1000000	7	4	skb	no-touch	1	True	1000009.5	0.0	1.0	2821.08	6.5345	0.9382	1.0861	-	/home/luw/XDP3/data/paired/paired_4config_ring4096_20260824/cells/20260825T003220Z_xdp_drop_1000000.json
250000	7	1	skb	read-data	1	True	249999.6	0.0	1.0	2950.76	7.5279	0.9446	1.0836	-	/home/luw/XDP3/data/paired/paired_4config_ring4096_20260824/cells/20260825T003308Z_xdp_drop_250000.json
250000	7	2	native	read-data	1	True	249999.9	0.0	1.0	679.55	0.6643	0.781	1.0762	-	/home/luw/XDP3/data/paired/paired_4config_ring4096_20260824/cells/20260825T003355Z_xdp_drop_250000.json
250000	7	3	native	no-touch	1	True	250000.1	0.0	1.0	527.7	0.6238	0.7714	0.1671	-	/home/luw/XDP3/data/paired/paired_4config_ring4096_20260824/cells/20260825T003443Z_xdp_drop_250000.json
250000	7	4	skb	no-touch	1	True	250000.1	0.0	1.0	2941.05	7.6703	0.8842	1.0156	-	/home/luw/XDP3/data/paired/paired_4config_ring4096_20260824/cells/20260825T003531Z_xdp_drop_250000.json
11500000	7	1	skb	read-data	1	True	1204004.6	0.8953	1.0	2652.59	6.0101	0.745	1.051	-	/home/luw/XDP3/data/paired/paired_4config_ring4096_20260824/cells/20260825T003618Z_xdp_drop_11500000.json
11500000	7	2	native	read-data	1	True	7972660.7	0.306683	1.0	400.3	0.5854	0.4282	0.9342	-	/home/luw/XDP3/data/paired/paired_4config_ring4096_20260824/cells/20260825T003706Z_xdp_drop_11500000.json
11500000	7	3	native	no-touch	1	True	11499099.1	0.0	1.0	252.13	0.4167	0.8586	0.1418	-	/home/luw/XDP3/data/paired/paired_4config_ring4096_20260824/cells/20260825T003754Z_xdp_drop_11500000.json
11500000	7	4	skb	no-touch	1	True	1212000.5	0.894604	1.0	2635.12	5.5675	0.6616	0.9417	-	/home/luw/XDP3/data/paired/paired_4config_ring4096_20260824/cells/20260825T003842Z_xdp_drop_11500000.json
8500000	7	1	skb	no-touch	1	True	1212479.9	0.85735	1.0	2634.03	5.4607	0.6563	0.9382	-	/home/luw/XDP3/data/paired/paired_4config_ring4096_20260824/cells/20260825T003930Z_xdp_drop_8500000.json
8500000	7	2	skb	read-data	1	True	1210293.2	0.857609	1.0	2638.73	5.2509	0.6574	0.9386	-	/home/luw/XDP3/data/paired/paired_4config_ring4096_20260824/cells/20260825T004017Z_xdp_drop_8500000.json
8500000	7	3	native	no-touch	1	True	8499605.3	0.0	1.0	283.7	0.5415	0.7701	0.1584	-	/home/luw/XDP3/data/paired/paired_4config_ring4096_20260824/cells/20260825T004105Z_xdp_drop_8500000.json
8500000	7	4	native	read-data	1	True	7900172.2	0.070531	1.0	404.04	0.6554	0.4369	1.0279	-	/home/luw/XDP3/data/paired/paired_4config_ring4096_20260824/cells/20260825T004153Z_xdp_drop_8500000.json
8000000	7	1	skb	no-touch	1	True	1205375.1	0.849329	1.0	2649.6	5.354	0.7777	1.1006	-	/home/luw/XDP3/data/paired/paired_4config_ring4096_20260824/cells/20260825T004240Z_xdp_drop_8000000.json
8000000	7	2	skb	read-data	1	True	1205840.9	0.849271	1.0	2648.46	5.5849	0.7724	1.0965	-	/home/luw/XDP3/data/paired/paired_4config_ring4096_20260824/cells/20260825T004328Z_xdp_drop_8000000.json
8000000	7	3	native	read-data	1	True	7879047.1	0.015116	1.0	405.14	0.6388	0.452	1.0279	-	/home/luw/XDP3/data/paired/paired_4config_ring4096_20260824/cells/20260825T004416Z_xdp_drop_8000000.json
8000000	7	4	native	no-touch	1	True	7999927.2	0.0	1.0	297.88	0.5421	0.747	0.1102	-	/home/luw/XDP3/data/paired/paired_4config_ring4096_20260824/cells/20260825T004503Z_xdp_drop_8000000.json
12500000	7	1	skb	no-touch	1	True	1211677.8	0.903064	1.0	2635.81	5.9628	0.6792	0.9466	-	/home/luw/XDP3/data/paired/paired_4config_ring4096_20260824/cells/20260825T004551Z_xdp_drop_12500000.json
12500000	7	2	native	no-touch	1	True	12498978.9	0.0	1.0	246.03	0.4232	0.8371	0.1662	-	/home/luw/XDP3/data/paired/paired_4config_ring4096_20260824/cells/20260825T004639Z_xdp_drop_12500000.json
12500000	7	3	native	read-data	1	True	7675382.1	0.385926	1.0	415.76	0.6783	0.4046	1.0127	-	/home/luw/XDP3/data/paired/paired_4config_ring4096_20260824/cells/20260825T004727Z_xdp_drop_12500000.json
12500000	7	4	skb	read-data	1	True	1211468.8	0.903073	1.0	2636.3	5.8868	0.6758	0.9414	-	/home/luw/XDP3/data/paired/paired_4config_ring4096_20260824/cells/20260825T004814Z_xdp_drop_12500000.json
13500000	8	1	skb	read-data	1	True	1213961.8	0.910086	1.0	2630.81	4.9114	0.6779	0.9436	-	/home/luw/XDP3/data/paired/paired_4config_ring4096_20260824/cells/20260825T004902Z_xdp_drop_13500000.json
13500000	8	2	native	read-data	1	True	7702087.0	0.429516	1.0	414.26	0.6964	0.385	1.0203	-	/home/luw/XDP3/data/paired/paired_4config_ring4096_20260824/cells/20260825T004950Z_xdp_drop_13500000.json
13500000	8	3	native	no-touch	1	True	13500828.4	0.0	1.0	234.42	0.3101	0.8244	0.1524	-	/home/luw/XDP3/data/paired/paired_4config_ring4096_20260824/cells/20260825T005037Z_xdp_drop_13500000.json
13500000	8	4	skb	no-touch	1	True	1201738.3	0.910988	1.0	2657.62	6.0361	0.751	1.0661	-	/home/luw/XDP3/data/paired/paired_4config_ring4096_20260824/cells/20260825T005125Z_xdp_drop_13500000.json
12500000	8	1	native	read-data	1	True	7908155.8	0.367299	1.0	403.71	0.6514	0.4361	1.0108	-	/home/luw/XDP3/data/paired/paired_4config_ring4096_20260824/cells/20260825T005213Z_xdp_drop_12500000.json
12500000	8	2	native	no-touch	1	True	12498990.7	0.0	1.0	245.95	0.4075	0.8439	0.1658	-	/home/luw/XDP3/data/paired/paired_4config_ring4096_20260824/cells/20260825T005301Z_xdp_drop_12500000.json
12500000	8	3	skb	read-data	1	True	1205259.6	0.90357	1.0	2649.85	5.7838	0.6744	0.9278	-	/home/luw/XDP3/data/paired/paired_4config_ring4096_20260824/cells/20260825T005349Z_xdp_drop_12500000.json
12500000	8	4	skb	no-touch	1	True	1209570.8	0.90323	1.0	2640.33	5.3827	0.6699	0.9317	-	/home/luw/XDP3/data/paired/paired_4config_ring4096_20260824/cells/20260825T005436Z_xdp_drop_12500000.json
14000000	8	1	native	no-touch	1	True	13980474.2	0.001305	1.0	228.45	0.7061	0.3646	0.1356	-	/home/luw/XDP3/data/paired/paired_4config_ring4096_20260824/cells/20260825T005524Z_xdp_drop_14000000.json
14000000	8	2	skb	no-touch	1	True	1207859.1	0.913716	1.0	2644.15	5.5315	0.691	0.9762	-	/home/luw/XDP3/data/paired/paired_4config_ring4096_20260824/cells/20260825T005612Z_xdp_drop_14000000.json
14000000	8	3	skb	read-data	1	True	1212085.2	0.913412	1.0	2634.92	4.3587	0.6895	0.9697	-	/home/luw/XDP3/data/paired/paired_4config_ring4096_20260824/cells/20260825T005659Z_xdp_drop_14000000.json
14000000	8	4	native	read-data	1	True	7693872.3	0.450224	1.0	414.79	0.6895	0.4065	1.0124	-	/home/luw/XDP3/data/paired/paired_4config_ring4096_20260824/cells/20260825T005747Z_xdp_drop_14000000.json
14000000	8	1	native	read-data	0	True	7653668.8	0.453258	1.0	0.0	0.0	0.0	0.0	-	/home/luw/XDP3/data/paired/paired_4config_ring4096_20260824/cells/20260825T005835Z_xdp_drop_14000000.json
14000000	8	2	skb	no-touch	0	True	1215673.3	0.913161	1.0	0.0	0.0	0.0	0.0	-	/home/luw/XDP3/data/paired/paired_4config_ring4096_20260824/cells/20260825T005923Z_xdp_drop_14000000.json
14000000	8	3	native	no-touch	0	True	13990123.9	0.000618	1.0	0.0	0.0	0.0	0.0	-	/home/luw/XDP3/data/paired/paired_4config_ring4096_20260824/cells/20260825T010010Z_xdp_drop_14000000.json
14000000	8	4	skb	read-data	0	True	1208250.9	0.913691	1.0	0.0	0.0	0.0	0.0	-	/home/luw/XDP3/data/paired/paired_4config_ring4096_20260824/cells/20260825T010058Z_xdp_drop_14000000.json
13000000	8	1	skb	no-touch	1	True	1207884.3	0.907088	1.0	2644.02	5.498	0.7339	1.0523	-	/home/luw/XDP3/data/paired/paired_4config_ring4096_20260824/cells/20260825T010146Z_xdp_drop_13000000.json
13000000	8	2	native	no-touch	1	True	13000300.7	0.0	1.0	240.26	0.3274	0.7964	0.1182	-	/home/luw/XDP3/data/paired/paired_4config_ring4096_20260824/cells/20260825T010233Z_xdp_drop_13000000.json
13000000	8	3	skb	read-data	1	True	1213991.6	0.906621	1.0	2630.77	5.8097	0.6363	0.9156	-	/home/luw/XDP3/data/paired/paired_4config_ring4096_20260824/cells/20260825T010321Z_xdp_drop_13000000.json
13000000	8	4	native	read-data	1	True	7873483.5	0.394359	1.0	405.37	0.6523	0.4504	1.0224	-	/home/luw/XDP3/data/paired/paired_4config_ring4096_20260824/cells/20260825T010409Z_xdp_drop_13000000.json
6000000	8	1	skb	read-data	1	True	1207367.5	0.798776	1.0	2645.23	5.4927	0.7552	1.0823	-	/home/luw/XDP3/data/paired/paired_4config_ring4096_20260824/cells/20260825T010456Z_xdp_drop_6000000.json
6000000	8	2	skb	no-touch	1	True	1213052.4	0.797831	1.0	2632.8	5.6093	0.7384	1.0727	-	/home/luw/XDP3/data/paired/paired_4config_ring4096_20260824/cells/20260825T010544Z_xdp_drop_6000000.json
6000000	8	3	native	no-touch	1	True	6000155.0	0.0	1.0	347.65	0.5898	0.7501	0.1444	-	/home/luw/XDP3/data/paired/paired_4config_ring4096_20260824/cells/20260825T010632Z_xdp_drop_6000000.json
6000000	8	4	native	read-data	1	True	6000137.4	0.0	1.0	439.4	0.535	0.7852	1.0311	-	/home/luw/XDP3/data/paired/paired_4config_ring4096_20260824/cells/20260825T010719Z_xdp_drop_6000000.json
11500000	8	1	native	read-data	1	True	7669441.5	0.33305	1.0	416.19	0.6686	0.4264	1.0057	-	/home/luw/XDP3/data/paired/paired_4config_ring4096_20260824/cells/20260825T010807Z_xdp_drop_11500000.json
11500000	8	2	skb	read-data	1	True	1212978.9	0.894518	1.0	2632.98	5.8538	0.6739	0.9429	-	/home/luw/XDP3/data/paired/paired_4config_ring4096_20260824/cells/20260825T010855Z_xdp_drop_11500000.json
11500000	8	3	skb	no-touch	1	True	1210323.3	0.894749	1.0	2638.54	5.7389	0.6579	0.9555	-	/home/luw/XDP3/data/paired/paired_4config_ring4096_20260824/cells/20260825T010943Z_xdp_drop_11500000.json
11500000	8	4	native	no-touch	1	True	11499285.4	0.0	1.0	251.34	0.384	0.7846	0.1087	-	/home/luw/XDP3/data/paired/paired_4config_ring4096_20260824/cells/20260825T011030Z_xdp_drop_11500000.json
9000000	8	1	native	no-touch	1	True	9000607.0	0.0	1.0	275.03	0.5328	0.7562	0.1428	-	/home/luw/XDP3/data/paired/paired_4config_ring4096_20260824/cells/20260825T011118Z_xdp_drop_9000000.json
9000000	8	2	skb	read-data	1	True	1202066.3	0.866446	1.0	2656.91	5.9382	0.7491	1.0877	-	/home/luw/XDP3/data/paired/paired_4config_ring4096_20260824/cells/20260825T011206Z_xdp_drop_9000000.json
9000000	8	3	skb	no-touch	1	True	1203007.0	0.866344	1.0	2654.73	5.6772	0.7387	1.0843	-	/home/luw/XDP3/data/paired/paired_4config_ring4096_20260824/cells/20260825T011254Z_xdp_drop_9000000.json
9000000	8	4	native	read-data	1	True	7799936.3	0.133399	1.0	409.3	0.6832	0.4113	1.0465	-	/home/luw/XDP3/data/paired/paired_4config_ring4096_20260824/cells/20260825T011341Z_xdp_drop_9000000.json
1500000	8	1	skb	no-touch	1	True	1211173.0	0.192552	1.0	2636.89	5.9772	0.6339	0.9447	-	/home/luw/XDP3/data/paired/paired_4config_ring4096_20260824/cells/20260825T011429Z_xdp_drop_1500000.json
1500000	8	2	native	read-data	1	True	1500005.7	0.0	1.0	586.4	0.5529	0.6694	0.96	-	/home/luw/XDP3/data/paired/paired_4config_ring4096_20260824/cells/20260825T011517Z_xdp_drop_1500000.json
1500000	8	3	skb	read-data	1	True	1203884.9	0.197411	1.0	2652.9	5.2062	0.7562	1.0734	-	/home/luw/XDP3/data/paired/paired_4config_ring4096_20260824/cells/20260825T011604Z_xdp_drop_1500000.json
1500000	8	4	native	no-touch	1	True	1500005.2	0.0	1.0	427.77	0.4933	0.6996	0.143	-	/home/luw/XDP3/data/paired/paired_4config_ring4096_20260824/cells/20260825T011652Z_xdp_drop_1500000.json
250000	8	1	native	no-touch	1	True	250001.7	0.0	1.0	528.36	0.5344	0.7695	0.181	-	/home/luw/XDP3/data/paired/paired_4config_ring4096_20260824/cells/20260825T011740Z_xdp_drop_250000.json
250000	8	2	native	read-data	1	True	250000.6	0.0	1.0	680.42	0.6078	0.8047	1.0722	-	/home/luw/XDP3/data/paired/paired_4config_ring4096_20260824/cells/20260825T011828Z_xdp_drop_250000.json
250000	8	3	skb	no-touch	1	True	250000.4	0.0	1.0	2941.02	7.7879	0.8796	1.0183	-	/home/luw/XDP3/data/paired/paired_4config_ring4096_20260824/cells/20260825T011915Z_xdp_drop_250000.json
250000	8	4	skb	read-data	1	True	249999.9	0.0	1.0	2944.43	7.7312	0.8804	1.018	-	/home/luw/XDP3/data/paired/paired_4config_ring4096_20260824/cells/20260825T012003Z_xdp_drop_250000.json
8000000	8	1	native	read-data	1	True	7658931.4	0.042628	1.0	416.37	0.6626	0.4377	0.9979	-	/home/luw/XDP3/data/paired/paired_4config_ring4096_20260824/cells/20260825T012051Z_xdp_drop_8000000.json
8000000	8	2	skb	no-touch	1	True	1204873.1	0.84937	1.0	2650.68	5.4435	0.7485	1.0675	-	/home/luw/XDP3/data/paired/paired_4config_ring4096_20260824/cells/20260825T012138Z_xdp_drop_8000000.json
8000000	8	3	native	no-touch	1	True	7999902.7	0.0	1.0	298.84	0.5694	0.7262	0.1427	-	/home/luw/XDP3/data/paired/paired_4config_ring4096_20260824/cells/20260825T012226Z_xdp_drop_8000000.json
8000000	8	4	skb	read-data	1	True	1209297.9	0.848839	1.0	2640.9	5.7079	0.667	0.9445	-	/home/luw/XDP3/data/paired/paired_4config_ring4096_20260824/cells/20260825T012314Z_xdp_drop_8000000.json
3000000	8	1	native	no-touch	1	True	3000066.3	0.0	1.0	434.04	0.5481	0.7055	0.1693	-	/home/luw/XDP3/data/paired/paired_4config_ring4096_20260824/cells/20260825T012401Z_xdp_drop_3000000.json
3000000	8	2	skb	read-data	1	True	1204313.7	0.598573	1.0	2651.86	6.1549	0.6638	0.919	-	/home/luw/XDP3/data/paired/paired_4config_ring4096_20260824/cells/20260825T012449Z_xdp_drop_3000000.json
3000000	8	3	native	read-data	1	True	3000074.1	0.0	1.0	600.23	0.6056	0.7262	1.0457	-	/home/luw/XDP3/data/paired/paired_4config_ring4096_20260824/cells/20260825T012537Z_xdp_drop_3000000.json
3000000	8	4	skb	no-touch	1	True	1208706.4	0.597109	1.0	2642.25	4.9861	0.7328	1.0321	-	/home/luw/XDP3/data/paired/paired_4config_ring4096_20260824/cells/20260825T012625Z_xdp_drop_3000000.json
10500000	8	1	skb	read-data	1	True	1203710.4	0.885359	1.0	2653.15	4.8299	0.7248	1.0312	-	/home/luw/XDP3/data/paired/paired_4config_ring4096_20260824/cells/20260825T012713Z_xdp_drop_10500000.json
10500000	8	2	native	read-data	1	True	8289591.8	0.210478	1.0	385.14	0.5855	0.4154	0.9178	-	/home/luw/XDP3/data/paired/paired_4config_ring4096_20260824/cells/20260825T012800Z_xdp_drop_10500000.json
10500000	8	3	native	no-touch	1	True	10499548.2	0.0	1.0	256.6	0.5033	0.7594	0.1521	-	/home/luw/XDP3/data/paired/paired_4config_ring4096_20260824/cells/20260825T012848Z_xdp_drop_10500000.json
10500000	8	4	skb	no-touch	1	True	1213767.6	0.884398	1.0	2631.15	4.3949	0.6827	0.9429	-	/home/luw/XDP3/data/paired/paired_4config_ring4096_20260824/cells/20260825T012936Z_xdp_drop_10500000.json
5000000	8	1	skb	no-touch	1	True	1212451.1	0.75751	1.0	2634.03	4.3672	0.6787	0.9407	-	/home/luw/XDP3/data/paired/paired_4config_ring4096_20260824/cells/20260825T013023Z_xdp_drop_5000000.json
5000000	8	2	native	no-touch	1	True	4999976.1	0.0	1.0	386.87	0.4826	0.6388	0.123	-	/home/luw/XDP3/data/paired/paired_4config_ring4096_20260824/cells/20260825T013111Z_xdp_drop_5000000.json
5000000	8	3	native	read-data	1	True	4999985.4	0.0	1.0	484.08	0.5268	0.7626	1.0444	-	/home/luw/XDP3/data/paired/paired_4config_ring4096_20260824/cells/20260825T013159Z_xdp_drop_5000000.json
5000000	8	4	skb	read-data	1	True	1210434.3	0.757909	1.0	2638.47	4.744	0.6889	0.9498	-	/home/luw/XDP3/data/paired/paired_4config_ring4096_20260824/cells/20260825T013246Z_xdp_drop_5000000.json
14880952	8	1	native	no-touch	1	True	13965704.3	0.061479	1.0	228.69	0.6604	0.3909	0.1535	-	/home/luw/XDP3/data/paired/paired_4config_ring4096_20260824/cells/20260825T013334Z_xdp_drop_14880952.json
14880952	8	2	native	read-data	1	True	7884406.4	0.470146	1.0	404.93	0.641	0.4566	1.0222	-	/home/luw/XDP3/data/paired/paired_4config_ring4096_20260824/cells/20260825T013422Z_xdp_drop_14880952.json
14880952	8	3	skb	no-touch	1	True	1204805.1	0.91902	1.0	2650.8	4.8507	0.7855	1.1133	-	/home/luw/XDP3/data/paired/paired_4config_ring4096_20260824/cells/20260825T013510Z_xdp_drop_14880952.json
14880952	8	4	skb	read-data	1	True	1204167.6	0.919062	1.0	2652.11	4.5886	0.7731	1.1099	-	/home/luw/XDP3/data/paired/paired_4config_ring4096_20260824/cells/20260825T013557Z_xdp_drop_14880952.json
14880952	8	1	native	no-touch	0	True	13958553.0	0.06196	1.0	0.0	0.0	0.0	0.0	-	/home/luw/XDP3/data/paired/paired_4config_ring4096_20260824/cells/20260825T013645Z_xdp_drop_14880952.json
14880952	8	2	skb	read-data	0	True	1212641.2	0.918313	1.0	0.0	0.0	0.0	0.0	-	/home/luw/XDP3/data/paired/paired_4config_ring4096_20260824/cells/20260825T013733Z_xdp_drop_14880952.json
14880952	8	3	native	read-data	0	True	8336309.5	0.439778	1.0	0.0	0.0	0.0	0.0	-	/home/luw/XDP3/data/paired/paired_4config_ring4096_20260824/cells/20260825T013820Z_xdp_drop_14880952.json
14880952	8	4	skb	no-touch	0	True	1220675.8	0.917953	1.0	0.0	0.0	0.0	0.0	-	/home/luw/XDP3/data/paired/paired_4config_ring4096_20260824/cells/20260825T013908Z_xdp_drop_14880952.json
9500000	8	1	skb	no-touch	1	True	1215319.7	0.872068	1.0	2627.79	5.877	0.5425	0.8008	-	/home/luw/XDP3/data/paired/paired_4config_ring4096_20260824/cells/20260825T013956Z_xdp_drop_9500000.json
9500000	8	2	native	no-touch	1	True	9499527.7	0.0	1.0	266.92	0.5529	0.7157	0.1684	-	/home/luw/XDP3/data/paired/paired_4config_ring4096_20260824/cells/20260825T014044Z_xdp_drop_9500000.json
9500000	8	3	native	read-data	1	True	7824868.6	0.17629	1.0	407.77	0.6816	0.433	1.0504	-	/home/luw/XDP3/data/paired/paired_4config_ring4096_20260824/cells/20260825T014131Z_xdp_drop_9500000.json
9500000	8	4	skb	read-data	1	True	1201685.6	0.873503	1.0	2657.8	6.2895	0.7492	1.0481	-	/home/luw/XDP3/data/paired/paired_4config_ring4096_20260824/cells/20260825T014219Z_xdp_drop_9500000.json
8500000	8	1	skb	no-touch	1	True	1209976.9	0.857645	1.0	2639.38	5.9705	0.7458	1.0435	-	/home/luw/XDP3/data/paired/paired_4config_ring4096_20260824/cells/20260825T014307Z_xdp_drop_8500000.json
8500000	8	2	native	read-data	1	True	7957199.0	0.063822	1.0	401.1	0.6073	0.4234	0.9305	-	/home/luw/XDP3/data/paired/paired_4config_ring4096_20260824/cells/20260825T014355Z_xdp_drop_8500000.json
8500000	8	3	native	no-touch	1	True	8499616.5	0.0	1.0	283.54	0.5561	0.7365	0.1518	-	/home/luw/XDP3/data/paired/paired_4config_ring4096_20260824/cells/20260825T014442Z_xdp_drop_8500000.json
8500000	8	4	skb	read-data	1	True	1204916.9	0.858237	1.0	2650.63	6.25	0.6613	0.9832	-	/home/luw/XDP3/data/paired/paired_4config_ring4096_20260824/cells/20260825T014530Z_xdp_drop_8500000.json
2500000	8	1	skb	no-touch	1	True	1208829.7	0.516467	1.0	2641.9	5.6643	0.6485	0.9521	-	/home/luw/XDP3/data/paired/paired_4config_ring4096_20260824/cells/20260825T014618Z_xdp_drop_2500000.json
2500000	8	2	skb	read-data	1	True	1213280.5	0.514683	1.0	2632.33	5.8435	0.6489	0.9427	-	/home/luw/XDP3/data/paired/paired_4config_ring4096_20260824/cells/20260825T014705Z_xdp_drop_2500000.json
2500000	8	3	native	no-touch	1	True	2499985.0	0.0	1.0	456.41	0.5703	0.702	0.1465	-	/home/luw/XDP3/data/paired/paired_4config_ring4096_20260824/cells/20260825T014753Z_xdp_drop_2500000.json
2500000	8	4	native	read-data	1	True	2499983.5	0.0	1.0	592.24	0.5283	0.8241	1.0297	-	/home/luw/XDP3/data/paired/paired_4config_ring4096_20260824/cells/20260825T014841Z_xdp_drop_2500000.json
7500000	8	1	native	no-touch	1	True	7499677.8	0.0	1.0	310.5	0.5596	0.7314	0.1517	-	/home/luw/XDP3/data/paired/paired_4config_ring4096_20260824/cells/20260825T014929Z_xdp_drop_7500000.json
7500000	8	2	skb	no-touch	1	True	1207101.6	0.839049	1.0	2645.77	5.9132	0.7106	0.9924	-	/home/luw/XDP3/data/paired/paired_4config_ring4096_20260824/cells/20260825T015016Z_xdp_drop_7500000.json
7500000	8	3	native	read-data	1	True	7499742.9	0.0	1.0	421.17	0.2956	0.8731	1.024	-	/home/luw/XDP3/data/paired/paired_4config_ring4096_20260824/cells/20260825T015104Z_xdp_drop_7500000.json
7500000	8	4	skb	read-data	1	True	1207171.4	0.83904	1.0	2645.64	5.8433	0.7713	1.0946	-	/home/luw/XDP3/data/paired/paired_4config_ring4096_20260824/cells/20260825T015152Z_xdp_drop_7500000.json
11000000	8	1	native	read-data	1	True	7663342.8	0.303361	1.0	416.56	0.6588	0.4309	1.0153	-	/home/luw/XDP3/data/paired/paired_4config_ring4096_20260824/cells/20260825T015239Z_xdp_drop_11000000.json
11000000	8	2	skb	read-data	1	True	1214400.2	0.889608	1.0	2629.89	5.9646	0.6679	0.9425	-	/home/luw/XDP3/data/paired/paired_4config_ring4096_20260824/cells/20260825T015327Z_xdp_drop_11000000.json
11000000	8	3	native	no-touch	1	True	11000389.2	0.0	1.0	253.85	0.4337	0.7525	0.098	-	/home/luw/XDP3/data/paired/paired_4config_ring4096_20260824/cells/20260825T015415Z_xdp_drop_11000000.json
11000000	8	4	skb	no-touch	1	True	1206601.9	0.890316	1.0	2646.88	5.9083	0.6742	0.9563	-	/home/luw/XDP3/data/paired/paired_4config_ring4096_20260824/cells/20260825T015503Z_xdp_drop_11000000.json
14500000	8	1	skb	no-touch	1	True	1213763.4	0.916296	1.0	2631.3	6.0431	0.6749	0.9376	-	/home/luw/XDP3/data/paired/paired_4config_ring4096_20260824/cells/20260825T015551Z_xdp_drop_14500000.json
14500000	8	2	native	read-data	1	True	7628057.7	0.473964	1.0	418.28	0.6828	0.4205	1.02	-	/home/luw/XDP3/data/paired/paired_4config_ring4096_20260824/cells/20260825T015638Z_xdp_drop_14500000.json
14500000	8	3	skb	read-data	1	True	1207923.4	0.916702	1.0	2643.93	5.846	0.6735	0.9531	-	/home/luw/XDP3/data/paired/paired_4config_ring4096_20260824/cells/20260825T015726Z_xdp_drop_14500000.json
14500000	8	4	native	no-touch	1	True	13950940.8	0.037925	1.0	228.93	0.6993	0.3695	0.1507	-	/home/luw/XDP3/data/paired/paired_4config_ring4096_20260824/cells/20260825T015814Z_xdp_drop_14500000.json
4000000	8	1	skb	read-data	1	True	1205635.6	0.698592	1.0	2649.03	5.4523	0.6806	0.9589	-	/home/luw/XDP3/data/paired/paired_4config_ring4096_20260824/cells/20260825T015901Z_xdp_drop_4000000.json
4000000	8	2	native	no-touch	1	True	3999977.3	0.0	1.0	405.62	0.488	0.7578	0.134	-	/home/luw/XDP3/data/paired/paired_4config_ring4096_20260824/cells/20260825T015949Z_xdp_drop_4000000.json
4000000	8	3	native	read-data	1	True	3999980.6	0.0	1.0	538.77	0.5517	0.7622	1.0453	-	/home/luw/XDP3/data/paired/paired_4config_ring4096_20260824/cells/20260825T020037Z_xdp_drop_4000000.json
4000000	8	4	skb	no-touch	1	True	1217495.9	0.695629	1.0	2623.12	4.2317	0.6685	0.9458	-	/home/luw/XDP3/data/paired/paired_4config_ring4096_20260824/cells/20260825T020124Z_xdp_drop_4000000.json
500000	8	1	skb	no-touch	1	True	500002.1	0.0	1.0	2874.39	7.1358	0.7826	0.9166	-	/home/luw/XDP3/data/paired/paired_4config_ring4096_20260824/cells/20260825T020212Z_xdp_drop_500000.json
500000	8	2	native	read-data	1	True	500000.0	0.0	1.0	568.04	0.5218	0.7626	1.0473	-	/home/luw/XDP3/data/paired/paired_4config_ring4096_20260824/cells/20260825T020300Z_xdp_drop_500000.json
500000	8	3	native	no-touch	1	True	499998.7	0.0	1.0	390.79	0.4894	0.7394	0.4013	-	/home/luw/XDP3/data/paired/paired_4config_ring4096_20260824/cells/20260825T020347Z_xdp_drop_500000.json
500000	8	4	skb	read-data	1	True	500002.2	0.0	1.0	2881.11	7.2392	0.8399	0.9754	-	/home/luw/XDP3/data/paired/paired_4config_ring4096_20260824/cells/20260825T020435Z_xdp_drop_500000.json
7000000	8	1	skb	read-data	1	True	1204817.7	0.827887	1.0	2650.83	5.1601	0.7053	1.0108	-	/home/luw/XDP3/data/paired/paired_4config_ring4096_20260824/cells/20260825T020523Z_xdp_drop_7000000.json
7000000	8	2	skb	no-touch	1	True	1211252.2	0.82697	1.0	2636.69	5.7846	0.7071	0.9966	-	/home/luw/XDP3/data/paired/paired_4config_ring4096_20260824/cells/20260825T020611Z_xdp_drop_7000000.json
7000000	8	3	native	no-touch	1	True	7000058.6	0.0	1.0	321.75	0.5273	0.6776	0.124	-	/home/luw/XDP3/data/paired/paired_4config_ring4096_20260824/cells/20260825T020658Z_xdp_drop_7000000.json
7000000	8	4	native	read-data	1	True	7000074.8	0.0	1.0	428.27	0.434	0.8807	1.0306	-	/home/luw/XDP3/data/paired/paired_4config_ring4096_20260824/cells/20260825T020746Z_xdp_drop_7000000.json
12000000	8	1	skb	no-touch	1	True	1214448.1	0.898792	1.0	2629.73	5.8727	0.6778	0.9416	-	/home/luw/XDP3/data/paired/paired_4config_ring4096_20260824/cells/20260825T020834Z_xdp_drop_12000000.json
12000000	8	2	native	read-data	1	True	8296119.7	0.308607	1.0	384.79	0.5629	0.3828	0.8474	-	/home/luw/XDP3/data/paired/paired_4config_ring4096_20260824/cells/20260825T020921Z_xdp_drop_12000000.json
12000000	8	3	native	no-touch	1	True	11999177.8	0.0	1.0	250.63	0.4425	0.8546	0.1056	-	/home/luw/XDP3/data/paired/paired_4config_ring4096_20260824/cells/20260825T021009Z_xdp_drop_12000000.json
12000000	8	4	skb	read-data	1	True	1205178.5	0.899566	1.0	2650.01	4.8487	0.7899	1.1078	-	/home/luw/XDP3/data/paired/paired_4config_ring4096_20260824/cells/20260825T021057Z_xdp_drop_12000000.json
6500000	8	1	native	no-touch	1	True	6500157.6	0.0	1.0	333.33	0.5556	0.7456	0.1406	-	/home/luw/XDP3/data/paired/paired_4config_ring4096_20260824/cells/20260825T021144Z_xdp_drop_6500000.json
6500000	8	2	skb	no-touch	1	True	1208078.2	0.814148	1.0	2643.64	4.9745	0.7647	1.0418	-	/home/luw/XDP3/data/paired/paired_4config_ring4096_20260824/cells/20260825T021232Z_xdp_drop_6500000.json
6500000	8	3	native	read-data	1	True	6500158.8	0.0	1.0	419.48	0.4845	0.732	0.9641	-	/home/luw/XDP3/data/paired/paired_4config_ring4096_20260824/cells/20260825T021320Z_xdp_drop_6500000.json
6500000	8	4	skb	read-data	1	True	1207873.7	0.81418	1.0	2644.09	5.0648	0.7126	1.0027	-	/home/luw/XDP3/data/paired/paired_4config_ring4096_20260824/cells/20260825T021408Z_xdp_drop_6500000.json
1000000	8	1	native	no-touch	1	True	1000011.6	0.0	1.0	414.97	0.4843	0.6859	0.1473	-	/home/luw/XDP3/data/paired/paired_4config_ring4096_20260824/cells/20260825T021456Z_xdp_drop_1000000.json
1000000	8	2	native	read-data	1	True	1000005.4	0.0	1.0	591.53	0.5317	0.7946	1.0277	-	/home/luw/XDP3/data/paired/paired_4config_ring4096_20260824/cells/20260825T021543Z_xdp_drop_1000000.json
1000000	8	3	skb	no-touch	1	True	1000013.3	0.0	1.0	2812.51	6.7027	0.7826	0.9297	-	/home/luw/XDP3/data/paired/paired_4config_ring4096_20260824/cells/20260825T021631Z_xdp_drop_1000000.json
1000000	8	4	skb	read-data	1	True	1000008.8	0.0	1.0	2821.48	6.562	0.781	0.9293	-	/home/luw/XDP3/data/paired/paired_4config_ring4096_20260824/cells/20260825T021719Z_xdp_drop_1000000.json
10000000	8	1	skb	no-touch	1	True	1209714.7	0.879028	1.0	2640.08	5.8017	0.6621	0.9586	-	/home/luw/XDP3/data/paired/paired_4config_ring4096_20260824/cells/20260825T021806Z_xdp_drop_10000000.json
10000000	8	2	native	read-data	1	True	7676197.1	0.232369	1.0	415.23	0.6696	0.4212	1.01	-	/home/luw/XDP3/data/paired/paired_4config_ring4096_20260824/cells/20260825T021854Z_xdp_drop_10000000.json
10000000	8	3	skb	read-data	1	True	1211924.4	0.878809	1.0	2635.22	4.8607	0.6511	0.9223	-	/home/luw/XDP3/data/paired/paired_4config_ring4096_20260824/cells/20260825T021942Z_xdp_drop_10000000.json
10000000	8	4	native	no-touch	1	True	9999961.0	0.0	1.0	261.91	0.526	0.715	0.1624	-	/home/luw/XDP3/data/paired/paired_4config_ring4096_20260824/cells/20260825T022029Z_xdp_drop_10000000.json
750000	8	1	skb	read-data	1	True	750001.2	0.0	1.0	2913.12	7.0148	0.7787	0.9232	-	/home/luw/XDP3/data/paired/paired_4config_ring4096_20260824/cells/20260825T022117Z_xdp_drop_750000.json
750000	8	2	native	read-data	1	True	749999.0	0.0	1.0	578.75	0.5453	0.7726	1.0605	-	/home/luw/XDP3/data/paired/paired_4config_ring4096_20260824/cells/20260825T022205Z_xdp_drop_750000.json
750000	8	3	native	no-touch	1	True	750003.4	0.0	1.0	417.8	0.5112	0.7464	0.1713	-	/home/luw/XDP3/data/paired/paired_4config_ring4096_20260824/cells/20260825T022253Z_xdp_drop_750000.json
750000	8	4	skb	no-touch	1	True	749998.9	0.0	1.0	2900.9	6.8803	0.7792	0.9146	-	/home/luw/XDP3/data/paired/paired_4config_ring4096_20260824/cells/20260825T022340Z_xdp_drop_750000.json
3500000	8	1	skb	no-touch	1	True	1211693.2	0.653806	1.0	2635.76	5.2547	0.6688	0.9508	-	/home/luw/XDP3/data/paired/paired_4config_ring4096_20260824/cells/20260825T022428Z_xdp_drop_3500000.json
3500000	8	2	native	no-touch	1	True	3500036.7	0.0	1.0	423.16	0.5376	0.7247	0.1525	-	/home/luw/XDP3/data/paired/paired_4config_ring4096_20260824/cells/20260825T022516Z_xdp_drop_3500000.json
3500000	8	3	native	read-data	1	True	3500028.4	0.0	1.0	574.55	0.5955	0.7937	1.0726	-	/home/luw/XDP3/data/paired/paired_4config_ring4096_20260824/cells/20260825T022603Z_xdp_drop_3500000.json
3500000	8	4	skb	read-data	1	True	1203971.8	0.656011	1.0	2652.69	5.9061	0.7701	1.0901	-	/home/luw/XDP3/data/paired/paired_4config_ring4096_20260824/cells/20260825T022651Z_xdp_drop_3500000.json
5500000	8	1	native	read-data	1	True	5500177.2	0.0	1.0	455.79	0.6248	0.6746	1.0165	-	/home/luw/XDP3/data/paired/paired_4config_ring4096_20260824/cells/20260825T022739Z_xdp_drop_5500000.json
5500000	8	2	native	no-touch	1	True	5500215.0	0.0	1.0	366.18	0.522	0.7618	0.1521	-	/home/luw/XDP3/data/paired/paired_4config_ring4096_20260824/cells/20260825T022827Z_xdp_drop_5500000.json
5500000	8	3	skb	no-touch	1	True	1209974.5	0.780016	1.0	2639.51	4.915	0.6747	0.9487	-	/home/luw/XDP3/data/paired/paired_4config_ring4096_20260824/cells/20260825T022915Z_xdp_drop_5500000.json
5500000	8	4	skb	read-data	1	True	1212428.0	0.779569	1.0	2634.15	4.8086	0.6679	0.9449	-	/home/luw/XDP3/data/paired/paired_4config_ring4096_20260824/cells/20260825T023002Z_xdp_drop_5500000.json
4500000	8	1	native	no-touch	1	True	4500002.6	0.0	1.0	403.27	0.55	0.6823	0.1243	-	/home/luw/XDP3/data/paired/paired_4config_ring4096_20260824/cells/20260825T023050Z_xdp_drop_4500000.json
4500000	8	2	skb	no-touch	1	True	1197628.2	0.733857	1.0	2666.68	4.9916	0.7829	1.0844	-	/home/luw/XDP3/data/paired/paired_4config_ring4096_20260824/cells/20260825T023138Z_xdp_drop_4500000.json
4500000	8	3	skb	read-data	1	True	1197249.0	0.733945	1.0	2667.58	5.2608	0.7688	1.0812	-	/home/luw/XDP3/data/paired/paired_4config_ring4096_20260824/cells/20260825T023225Z_xdp_drop_4500000.json
4500000	8	4	native	read-data	1	True	4500002.8	0.0	1.0	514.13	0.551	0.7532	1.0193	-	/home/luw/XDP3/data/paired/paired_4config_ring4096_20260824/cells/20260825T023313Z_xdp_drop_4500000.json
2000000	8	1	skb	read-data	1	True	1211439.6	0.394279	1.0	2636.25	5.8485	0.6136	0.8887	-	/home/luw/XDP3/data/paired/paired_4config_ring4096_20260824/cells/20260825T023401Z_xdp_drop_2000000.json
2000000	8	2	native	no-touch	1	True	1999995.7	0.0	1.0	423.22	0.5347	0.7388	0.1576	-	/home/luw/XDP3/data/paired/paired_4config_ring4096_20260824/cells/20260825T023448Z_xdp_drop_2000000.json
2000000	8	3	native	read-data	1	True	1999988.3	0.0	1.0	590.66	0.5465	0.7598	1.0563	-	/home/luw/XDP3/data/paired/paired_4config_ring4096_20260824/cells/20260825T023536Z_xdp_drop_2000000.json
2000000	8	4	skb	no-touch	1	True	1210258.1	0.394871	1.0	2638.88	6.0053	0.717	1.0283	-	/home/luw/XDP3/data/paired/paired_4config_ring4096_20260824/cells/20260825T023624Z_xdp_drop_2000000.json
11500000	9	1	skb	read-data	1	True	1209730.6	0.894802	1.0	2640.02	5.8571	0.7079	1.0239	-	/home/luw/XDP3/data/paired/paired_4config_ring4096_20260824/cells/20260825T023711Z_xdp_drop_11500000.json
11500000	9	2	native	no-touch	1	True	11499032.5	0.0	1.0	251.84	0.4197	0.8489	0.1417	-	/home/luw/XDP3/data/paired/paired_4config_ring4096_20260824/cells/20260825T023759Z_xdp_drop_11500000.json
11500000	9	3	skb	no-touch	1	True	1215189.6	0.894327	1.0	2628.13	5.9941	0.6759	0.937	-	/home/luw/XDP3/data/paired/paired_4config_ring4096_20260824/cells/20260825T023847Z_xdp_drop_11500000.json
11500000	9	4	native	read-data	1	True	7872506.7	0.315393	1.0	405.48	0.6906	0.4197	1.0246	-	/home/luw/XDP3/data/paired/paired_4config_ring4096_20260824/cells/20260825T023935Z_xdp_drop_11500000.json
10500000	9	1	native	read-data	1	True	7904906.8	0.247119	1.0	403.82	0.6796	0.4279	1.0262	-	/home/luw/XDP3/data/paired/paired_4config_ring4096_20260824/cells/20260825T024022Z_xdp_drop_10500000.json
10500000	9	2	skb	no-touch	1	True	1208985.9	0.884856	1.0	2641.59	6.1099	0.6735	0.9548	-	/home/luw/XDP3/data/paired/paired_4config_ring4096_20260824/cells/20260825T024110Z_xdp_drop_10500000.json
10500000	9	3	skb	read-data	1	True	1209571.5	0.884798	1.0	2640.33	5.5013	0.669	0.9452	-	/home/luw/XDP3/data/paired/paired_4config_ring4096_20260824/cells/20260825T024158Z_xdp_drop_10500000.json
10500000	9	4	native	no-touch	1	True	10499522.0	0.0	1.0	256.62	0.4976	0.7167	0.1453	-	/home/luw/XDP3/data/paired/paired_4config_ring4096_20260824/cells/20260825T024245Z_xdp_drop_10500000.json
7500000	9	1	skb	no-touch	1	True	1205195.3	0.839306	1.0	2650.01	5.4242	0.7563	1.0828	-	/home/luw/XDP3/data/paired/paired_4config_ring4096_20260824/cells/20260825T024333Z_xdp_drop_7500000.json
7500000	9	2	native	no-touch	1	True	7499703.9	0.0	1.0	309.9	0.6334	0.666	0.1383	-	/home/luw/XDP3/data/paired/paired_4config_ring4096_20260824/cells/20260825T024421Z_xdp_drop_7500000.json
7500000	9	3	skb	read-data	1	True	1201946.2	0.839737	1.0	2657.16	5.3929	0.7766	1.1084	-	/home/luw/XDP3/data/paired/paired_4config_ring4096_20260824/cells/20260825T024509Z_xdp_drop_7500000.json
7500000	9	4	native	read-data	1	True	7499752.8	0.0	1.0	419.84	0.3164	0.8606	1.0273	-	/home/luw/XDP3/data/paired/paired_4config_ring4096_20260824/cells/20260825T024556Z_xdp_drop_7500000.json
1500000	9	1	native	read-data	1	True	1500003.0	0.0	1.0	600.16	0.5452	0.7557	1.0241	-	/home/luw/XDP3/data/paired/paired_4config_ring4096_20260824/cells/20260825T024644Z_xdp_drop_1500000.json
1500000	9	2	skb	no-touch	1	True	1210639.4	0.192914	1.0	2638.06	4.9758	0.6805	0.9454	-	/home/luw/XDP3/data/paired/paired_4config_ring4096_20260824/cells/20260825T024732Z_xdp_drop_1500000.json
1500000	9	3	skb	read-data	1	True	1192765.1	0.204838	1.0	2677.59	5.7513	0.6798	0.9368	-	/home/luw/XDP3/data/paired/paired_4config_ring4096_20260824/cells/20260825T024820Z_xdp_drop_1500000.json
1500000	9	4	native	no-touch	1	True	1500035.2	0.0	1.0	427.72	0.5269	0.5964	0.1396	-	/home/luw/XDP3/data/paired/paired_4config_ring4096_20260824/cells/20260825T024907Z_xdp_drop_1500000.json
3500000	9	1	skb	no-touch	1	True	1216344.0	0.652477	1.0	2625.68	5.3228	0.6179	0.9418	-	/home/luw/XDP3/data/paired/paired_4config_ring4096_20260824/cells/20260825T024955Z_xdp_drop_3500000.json
3500000	9	2	native	read-data	1	True	3500033.4	0.0	1.0	539.7	0.6084	0.5813	0.8614	-	/home/luw/XDP3/data/paired/paired_4config_ring4096_20260824/cells/20260825T025043Z_xdp_drop_3500000.json
3500000	9	3	native	no-touch	1	True	3500037.2	0.0	1.0	393.25	0.4476	0.8154	0.1653	-	/home/luw/XDP3/data/paired/paired_4config_ring4096_20260824/cells/20260825T025130Z_xdp_drop_3500000.json
3500000	9	4	skb	read-data	1	True	1208292.7	0.654777	1.0	2643.18	5.269	0.6658	0.9507	-	/home/luw/XDP3/data/paired/paired_4config_ring4096_20260824/cells/20260825T025218Z_xdp_drop_3500000.json
12500000	9	1	skb	no-touch	1	True	1215334.1	0.902767	1.0	2627.84	5.6931	0.6518	0.9487	-	/home/luw/XDP3/data/paired/paired_4config_ring4096_20260824/cells/20260825T025306Z_xdp_drop_12500000.json
12500000	9	2	native	read-data	1	True	7649798.3	0.387967	1.0	416.5	0.6628	0.4297	1.0067	-	/home/luw/XDP3/data/paired/paired_4config_ring4096_20260824/cells/20260825T025354Z_xdp_drop_12500000.json
12500000	9	3	skb	read-data	1	True	1210130.0	0.903187	1.0	2639.16	6.0257	0.6566	0.9524	-	/home/luw/XDP3/data/paired/paired_4config_ring4096_20260824/cells/20260825T025441Z_xdp_drop_12500000.json
12500000	9	4	native	no-touch	1	True	12498985.6	0.0	1.0	246.28	0.4076	0.7427	0.1478	-	/home/luw/XDP3/data/paired/paired_4config_ring4096_20260824/cells/20260825T025529Z_xdp_drop_12500000.json
4500000	9	1	skb	read-data	1	True	1206622.2	0.731882	1.0	2646.8	5.9128	0.7751	1.0905	-	/home/luw/XDP3/data/paired/paired_4config_ring4096_20260824/cells/20260825T025617Z_xdp_drop_4500000.json
4500000	9	2	native	no-touch	1	True	4500303.3	0.0	1.0	402.65	0.5386	0.7677	0.163	-	/home/luw/XDP3/data/paired/paired_4config_ring4096_20260824/cells/20260825T025704Z_xdp_drop_4500000.json
4500000	9	3	native	read-data	1	True	4500306.0	0.0	1.0	516.73	0.5289	0.7724	1.0486	-	/home/luw/XDP3/data/paired/paired_4config_ring4096_20260824/cells/20260825T025752Z_xdp_drop_4500000.json
4500000	9	4	skb	no-touch	1	True	1210385.8	0.731044	1.0	2638.57	6.2433	0.6783	0.948	-	/home/luw/XDP3/data/paired/paired_4config_ring4096_20260824/cells/20260825T025840Z_xdp_drop_4500000.json
14880952	9	1	skb	read-data	1	True	1206604.6	0.9189	1.0	2646.73	5.9462	0.6722	0.9421	-	/home/luw/XDP3/data/paired/paired_4config_ring4096_20260824/cells/20260825T025927Z_xdp_drop_14880952.json
14880952	9	2	native	no-touch	1	True	13977734.2	0.060671	1.0	228.49	0.6848	0.3867	0.1478	-	/home/luw/XDP3/data/paired/paired_4config_ring4096_20260824/cells/20260825T030015Z_xdp_drop_14880952.json
14880952	9	3	native	read-data	1	True	7871956.8	0.470983	1.0	405.38	0.6508	0.443	1.0264	-	/home/luw/XDP3/data/paired/paired_4config_ring4096_20260824/cells/20260825T030103Z_xdp_drop_14880952.json
14880952	9	4	skb	no-touch	1	True	1205114.3	0.919	1.0	2650.14	6.0457	0.7683	1.0967	-	/home/luw/XDP3/data/paired/paired_4config_ring4096_20260824/cells/20260825T030151Z_xdp_drop_14880952.json
14880952	9	1	skb	read-data	0	True	1201039.7	0.919273	1.0	0.0	0.0	0.0	0.0	-	/home/luw/XDP3/data/paired/paired_4config_ring4096_20260824/cells/20260825T030239Z_xdp_drop_14880952.json
14880952	9	2	native	read-data	0	True	7652723.6	0.485714	1.0	0.0	0.0	0.0	0.0	-	/home/luw/XDP3/data/paired/paired_4config_ring4096_20260824/cells/20260825T030326Z_xdp_drop_14880952.json
14880952	9	3	skb	no-touch	0	True	1211700.3	0.918556	1.0	0.0	0.0	0.0	0.0	-	/home/luw/XDP3/data/paired/paired_4config_ring4096_20260824/cells/20260825T030414Z_xdp_drop_14880952.json
14880952	9	4	native	no-touch	0	True	13975927.6	0.060792	1.0	0.0	0.0	0.0	0.0	-	/home/luw/XDP3/data/paired/paired_4config_ring4096_20260824/cells/20260825T030502Z_xdp_drop_14880952.json
8500000	9	1	skb	read-data	1	True	1202479.9	0.858546	1.0	2655.92	5.5587	0.6517	0.9425	-	/home/luw/XDP3/data/paired/paired_4config_ring4096_20260824/cells/20260825T030549Z_xdp_drop_8500000.json
8500000	9	2	native	read-data	1	True	8010117.6	0.057711	1.0	398.41	0.5672	0.4258	0.9124	-	/home/luw/XDP3/data/paired/paired_4config_ring4096_20260824/cells/20260825T030637Z_xdp_drop_8500000.json
8500000	9	3	native	no-touch	1	True	8500681.9	0.0	1.0	284.28	0.5788	0.7137	0.1624	-	/home/luw/XDP3/data/paired/paired_4config_ring4096_20260824/cells/20260825T030725Z_xdp_drop_8500000.json
8500000	9	4	skb	no-touch	1	True	1211565.5	0.857475	1.0	2636.02	5.8207	0.679	0.9608	-	/home/luw/XDP3/data/paired/paired_4config_ring4096_20260824/cells/20260825T030812Z_xdp_drop_8500000.json
2000000	9	1	native	read-data	1	True	1999991.0	0.0	1.0	573.96	0.5962	0.6123	0.8939	-	/home/luw/XDP3/data/paired/paired_4config_ring4096_20260824/cells/20260825T030900Z_xdp_drop_2000000.json
2000000	9	2	skb	read-data	1	True	1204811.2	0.397595	1.0	2650.72	5.7326	0.7756	1.0894	-	/home/luw/XDP3/data/paired/paired_4config_ring4096_20260824/cells/20260825T030948Z_xdp_drop_2000000.json
2000000	9	3	native	no-touch	1	True	1999990.7	0.0	1.0	421.44	0.5834	0.7503	0.1343	-	/home/luw/XDP3/data/paired/paired_4config_ring4096_20260824/cells/20260825T031036Z_xdp_drop_2000000.json
2000000	9	4	skb	no-touch	1	True	1207270.7	0.39636	1.0	2645.46	5.6976	0.7642	1.0958	-	/home/luw/XDP3/data/paired/paired_4config_ring4096_20260824/cells/20260825T031123Z_xdp_drop_2000000.json
5000000	9	1	skb	no-touch	1	True	1208607.8	0.75828	1.0	2642.48	5.5981	0.7603	1.0939	-	/home/luw/XDP3/data/paired/paired_4config_ring4096_20260824/cells/20260825T031211Z_xdp_drop_5000000.json
5000000	9	2	native	read-data	1	True	4999951.9	0.0	1.0	483.12	0.6058	0.7156	1.0429	-	/home/luw/XDP3/data/paired/paired_4config_ring4096_20260824/cells/20260825T031259Z_xdp_drop_5000000.json
5000000	9	3	native	no-touch	1	True	4999959.3	0.0	1.0	387.64	0.514	0.7618	0.1167	-	/home/luw/XDP3/data/paired/paired_4config_ring4096_20260824/cells/20260825T031346Z_xdp_drop_5000000.json
5000000	9	4	skb	read-data	1	True	1214131.4	0.757175	1.0	2630.46	6.2441	0.6316	0.931	-	/home/luw/XDP3/data/paired/paired_4config_ring4096_20260824/cells/20260825T031434Z_xdp_drop_5000000.json
14500000	9	1	skb	no-touch	1	True	1212194.0	0.916392	1.0	2634.58	5.5766	0.6193	0.9451	-	/home/luw/XDP3/data/paired/paired_4config_ring4096_20260824/cells/20260825T031522Z_xdp_drop_14500000.json
14500000	9	2	skb	read-data	1	True	1207389.8	0.916722	1.0	2645.09	5.5525	0.6209	0.9429	-	/home/luw/XDP3/data/paired/paired_4config_ring4096_20260824/cells/20260825T031609Z_xdp_drop_14500000.json
14500000	9	3	native	no-touch	1	True	14171635.4	0.022498	1.0	225.38	0.5742	0.35	0.0769	-	/home/luw/XDP3/data/paired/paired_4config_ring4096_20260824/cells/20260825T031657Z_xdp_drop_14500000.json
14500000	9	4	native	read-data	1	True	7907837.1	0.454438	1.0	403.18	0.6608	0.4303	1.0254	-	/home/luw/XDP3/data/paired/paired_4config_ring4096_20260824/cells/20260825T031745Z_xdp_drop_14500000.json
14000000	9	1	skb	no-touch	1	True	1210525.5	0.913548	1.0	2638.28	5.8345	0.6804	0.9582	-	/home/luw/XDP3/data/paired/paired_4config_ring4096_20260824/cells/20260825T031833Z_xdp_drop_14000000.json
14000000	9	2	native	read-data	1	True	7905889.7	0.435359	1.0	403.72	0.6698	0.4224	1.0279	-	/home/luw/XDP3/data/paired/paired_4config_ring4096_20260824/cells/20260825T031920Z_xdp_drop_14000000.json
14000000	9	3	native	no-touch	1	True	13911852.0	0.006407	1.0	229.57	0.7064	0.3835	0.1577	-	/home/luw/XDP3/data/paired/paired_4config_ring4096_20260824/cells/20260825T032008Z_xdp_drop_14000000.json
14000000	9	4	skb	read-data	1	True	1208918.8	0.91366	1.0	2641.77	5.077	0.6836	0.94	-	/home/luw/XDP3/data/paired/paired_4config_ring4096_20260824/cells/20260825T032056Z_xdp_drop_14000000.json
14000000	9	1	native	no-touch	0	True	14001513.1	0.0	1.0	0.0	0.0	0.0	0.0	-	/home/luw/XDP3/data/paired/paired_4config_ring4096_20260824/cells/20260825T032144Z_xdp_drop_14000000.json
14000000	9	2	skb	no-touch	0	True	1212183.2	0.913428	1.0	0.0	0.0	0.0	0.0	-	/home/luw/XDP3/data/paired/paired_4config_ring4096_20260824/cells/20260825T032231Z_xdp_drop_14000000.json
14000000	9	3	skb	read-data	0	True	1213785.2	0.913312	1.0	0.0	0.0	0.0	0.0	-	/home/luw/XDP3/data/paired/paired_4config_ring4096_20260824/cells/20260825T032319Z_xdp_drop_14000000.json
14000000	9	4	native	read-data	0	True	7639846.0	0.454353	1.0	0.0	0.0	0.0	0.0	-	/home/luw/XDP3/data/paired/paired_4config_ring4096_20260824/cells/20260825T032407Z_xdp_drop_14000000.json
4000000	9	1	skb	no-touch	1	True	1215317.8	0.69617	1.0	2627.97	5.8312	0.7214	0.9988	-	/home/luw/XDP3/data/paired/paired_4config_ring4096_20260824/cells/20260825T032454Z_xdp_drop_4000000.json
4000000	9	2	skb	read-data	1	True	1205271.6	0.698681	1.0	2649.75	5.9764	0.7071	1.0123	-	/home/luw/XDP3/data/paired/paired_4config_ring4096_20260824/cells/20260825T032542Z_xdp_drop_4000000.json
4000000	9	3	native	no-touch	1	True	3999974.3	0.0	1.0	406.37	0.5305	0.7267	0.1514	-	/home/luw/XDP3/data/paired/paired_4config_ring4096_20260824/cells/20260825T032630Z_xdp_drop_4000000.json
4000000	9	4	native	read-data	1	True	3999972.4	0.0	1.0	538.75	0.5417	0.7813	1.0725	-	/home/luw/XDP3/data/paired/paired_4config_ring4096_20260824/cells/20260825T032717Z_xdp_drop_4000000.json
10000000	9	1	skb	read-data	1	True	1211029.8	0.878899	1.0	2637.25	4.4414	0.6764	0.9804	-	/home/luw/XDP3/data/paired/paired_4config_ring4096_20260824/cells/20260825T032805Z_xdp_drop_10000000.json
10000000	9	2	native	no-touch	1	True	9999970.0	0.0	1.0	261.28	0.5005	0.6849	0.11	-	/home/luw/XDP3/data/paired/paired_4config_ring4096_20260824/cells/20260825T032853Z_xdp_drop_10000000.json
10000000	9	3	native	read-data	1	True	7693652.3	0.230629	1.0	414.29	0.6765	0.4113	1.0076	-	/home/luw/XDP3/data/paired/paired_4config_ring4096_20260824/cells/20260825T032941Z_xdp_drop_10000000.json
10000000	9	4	skb	no-touch	1	True	1210317.9	0.878965	1.0	2638.68	4.967	0.6687	0.942	-	/home/luw/XDP3/data/paired/paired_4config_ring4096_20260824/cells/20260825T033028Z_xdp_drop_10000000.json
6000000	9	1	skb	no-touch	1	True	1215981.6	0.797325	1.0	2626.44	5.6948	0.6494	0.9383	-	/home/luw/XDP3/data/paired/paired_4config_ring4096_20260824/cells/20260825T033116Z_xdp_drop_6000000.json
6000000	9	2	skb	read-data	1	True	1213626.7	0.797712	1.0	2631.53	5.4842	0.6519	0.9366	-	/home/luw/XDP3/data/paired/paired_4config_ring4096_20260824/cells/20260825T033204Z_xdp_drop_6000000.json
6000000	9	3	native	read-data	1	True	5999616.9	0.0	1.0	423.22	0.4993	0.6744	0.8763	-	/home/luw/XDP3/data/paired/paired_4config_ring4096_20260824/cells/20260825T033251Z_xdp_drop_6000000.json
6000000	9	4	native	no-touch	1	True	5999611.0	0.0	1.0	348.77	0.5598	0.7501	0.1635	-	/home/luw/XDP3/data/paired/paired_4config_ring4096_20260824/cells/20260825T033339Z_xdp_drop_6000000.json
750000	9	1	skb	read-data	1	True	750003.0	0.0	1.0	2908.48	7.1218	0.7584	0.8999	-	/home/luw/XDP3/data/paired/paired_4config_ring4096_20260824/cells/20260825T033427Z_xdp_drop_750000.json
750000	9	2	native	read-data	1	True	750000.1	0.0	1.0	589.11	0.5874	0.7624	1.0486	-	/home/luw/XDP3/data/paired/paired_4config_ring4096_20260824/cells/20260825T033514Z_xdp_drop_750000.json
750000	9	3	native	no-touch	1	True	750002.6	0.0	1.0	417.07	0.5217	0.7499	0.1639	-	/home/luw/XDP3/data/paired/paired_4config_ring4096_20260824/cells/20260825T033602Z_xdp_drop_750000.json
750000	9	4	skb	no-touch	1	True	750000.4	0.0	1.0	2908.52	6.9934	0.7788	0.9171	-	/home/luw/XDP3/data/paired/paired_4config_ring4096_20260824/cells/20260825T033650Z_xdp_drop_750000.json
9500000	9	1	skb	read-data	1	True	1213459.9	0.872264	1.0	2631.94	4.9813	0.6648	0.9427	-	/home/luw/XDP3/data/paired/paired_4config_ring4096_20260824/cells/20260825T033738Z_xdp_drop_9500000.json
9500000	9	2	native	read-data	1	True	8032048.8	0.15448	1.0	397.25	0.6151	0.442	0.9791	-	/home/luw/XDP3/data/paired/paired_4config_ring4096_20260824/cells/20260825T033826Z_xdp_drop_9500000.json
9500000	9	3	native	no-touch	1	True	9499548.3	0.0	1.0	267.3	0.4923	0.6544	0.1254	-	/home/luw/XDP3/data/paired/paired_4config_ring4096_20260824/cells/20260825T033913Z_xdp_drop_9500000.json
9500000	9	4	skb	no-touch	1	True	1212173.9	0.872396	1.0	2634.71	5.9425	0.6561	0.9429	-	/home/luw/XDP3/data/paired/paired_4config_ring4096_20260824/cells/20260825T034001Z_xdp_drop_9500000.json
250000	9	1	native	no-touch	1	True	250000.3	0.0	1.0	527.95	0.5279	0.6645	0.1386	-	/home/luw/XDP3/data/paired/paired_4config_ring4096_20260824/cells/20260825T034049Z_xdp_drop_250000.json
250000	9	2	skb	read-data	1	True	249999.4	0.0	1.0	2954.93	7.682	0.8369	0.9783	-	/home/luw/XDP3/data/paired/paired_4config_ring4096_20260824/cells/20260825T034137Z_xdp_drop_250000.json
250000	9	3	native	read-data	1	True	250001.4	0.0	1.0	691.14	0.6216	0.7729	1.057	-	/home/luw/XDP3/data/paired/paired_4config_ring4096_20260824/cells/20260825T034224Z_xdp_drop_250000.json
250000	9	4	skb	no-touch	1	True	250000.3	0.0	1.0	2938.17	7.7631	0.7923	0.9267	-	/home/luw/XDP3/data/paired/paired_4config_ring4096_20260824/cells/20260825T034312Z_xdp_drop_250000.json
13500000	9	1	native	read-data	1	True	7893177.7	0.415357	1.0	404.13	0.6604	0.4365	1.022	-	/home/luw/XDP3/data/paired/paired_4config_ring4096_20260824/cells/20260825T034400Z_xdp_drop_13500000.json
13500000	9	2	native	no-touch	1	True	13500909.0	0.0	1.0	234.91	0.3024	0.8243	0.1419	-	/home/luw/XDP3/data/paired/paired_4config_ring4096_20260824/cells/20260825T034447Z_xdp_drop_13500000.json
13500000	9	3	skb	no-touch	1	True	1210052.0	0.910377	1.0	2639.36	5.7445	0.6725	0.9479	-	/home/luw/XDP3/data/paired/paired_4config_ring4096_20260824/cells/20260825T034535Z_xdp_drop_13500000.json
13500000	9	4	skb	read-data	1	True	1207145.1	0.910594	1.0	2645.72	5.4205	0.656	0.9491	-	/home/luw/XDP3/data/paired/paired_4config_ring4096_20260824/cells/20260825T034623Z_xdp_drop_13500000.json
11000000	9	1	native	no-touch	1	True	10998655.3	0.0	1.0	255.04	0.4528	0.8046	0.1565	-	/home/luw/XDP3/data/paired/paired_4config_ring4096_20260824/cells/20260825T034711Z_xdp_drop_11000000.json
11000000	9	2	skb	read-data	1	True	1210953.3	0.889891	1.0	2637.42	5.5664	0.6732	0.9455	-	/home/luw/XDP3/data/paired/paired_4config_ring4096_20260824/cells/20260825T034759Z_xdp_drop_11000000.json
11000000	9	3	skb	no-touch	1	True	1215288.8	0.88951	1.0	2627.96	5.3244	0.6601	0.9406	-	/home/luw/XDP3/data/paired/paired_4config_ring4096_20260824/cells/20260825T034846Z_xdp_drop_11000000.json
11000000	9	4	native	read-data	1	True	7666150.1	0.302993	1.0	415.48	0.6598	0.4325	1.0137	-	/home/luw/XDP3/data/paired/paired_4config_ring4096_20260824/cells/20260825T034934Z_xdp_drop_11000000.json
2500000	9	1	native	no-touch	1	True	2500012.1	0.0	1.0	459.55	0.5274	0.7603	0.1384	-	/home/luw/XDP3/data/paired/paired_4config_ring4096_20260824/cells/20260825T035022Z_xdp_drop_2500000.json
2500000	9	2	skb	read-data	1	True	1208940.2	0.516428	1.0	2641.78	5.855	0.6612	0.9466	-	/home/luw/XDP3/data/paired/paired_4config_ring4096_20260824/cells/20260825T035109Z_xdp_drop_2500000.json
2500000	9	3	skb	no-touch	1	True	1212470.1	0.515015	1.0	2634.07	5.3955	0.6526	0.9492	-	/home/luw/XDP3/data/paired/paired_4config_ring4096_20260824/cells/20260825T035157Z_xdp_drop_2500000.json
2500000	9	4	native	read-data	1	True	2499999.2	0.0	1.0	586.65	0.5356	0.6921	0.951	-	/home/luw/XDP3/data/paired/paired_4config_ring4096_20260824/cells/20260825T035245Z_xdp_drop_2500000.json
7000000	9	1	native	read-data	1	True	6999392.9	0.0	1.0	414.79	0.4562	0.806	1.0487	-	/home/luw/XDP3/data/paired/paired_4config_ring4096_20260824/cells/20260825T035332Z_xdp_drop_7000000.json
7000000	9	2	native	no-touch	1	True	6999376.4	0.0	1.0	321.68	0.5385	0.7331	0.1024	-	/home/luw/XDP3/data/paired/paired_4config_ring4096_20260824/cells/20260825T035420Z_xdp_drop_7000000.json
7000000	9	3	skb	no-touch	1	True	1200566.3	0.82848	1.0	2660.2	5.6815	0.7847	1.1139	-	/home/luw/XDP3/data/paired/paired_4config_ring4096_20260824/cells/20260825T035508Z_xdp_drop_7000000.json
7000000	9	4	skb	read-data	1	True	1205290.4	0.827808	1.0	2649.76	4.5961	0.7689	1.1124	-	/home/luw/XDP3/data/paired/paired_4config_ring4096_20260824/cells/20260825T035556Z_xdp_drop_7000000.json
3000000	9	1	native	read-data	1	True	3000088.7	0.0	1.0	590.86	0.583	0.7506	1.0542	-	/home/luw/XDP3/data/paired/paired_4config_ring4096_20260824/cells/20260825T035643Z_xdp_drop_3000000.json
3000000	9	2	skb	no-touch	1	True	1210340.1	0.596569	1.0	2638.72	4.8331	0.6784	0.9472	-	/home/luw/XDP3/data/paired/paired_4config_ring4096_20260824/cells/20260825T035731Z_xdp_drop_3000000.json
3000000	9	3	native	no-touch	1	True	3000090.4	0.0	1.0	434.43	0.5848	0.7302	0.1348	-	/home/luw/XDP3/data/paired/paired_4config_ring4096_20260824/cells/20260825T035819Z_xdp_drop_3000000.json
3000000	9	4	skb	read-data	1	True	1202341.6	0.599237	1.0	2656.29	5.3899	0.6918	0.9574	-	/home/luw/XDP3/data/paired/paired_4config_ring4096_20260824/cells/20260825T035906Z_xdp_drop_3000000.json
12000000	9	1	skb	no-touch	1	True	1209781.5	0.899198	1.0	2639.97	5.1997	0.6808	0.9537	-	/home/luw/XDP3/data/paired/paired_4config_ring4096_20260824/cells/20260825T035954Z_xdp_drop_12000000.json
12000000	9	2	skb	read-data	1	True	1211954.4	0.899022	1.0	2635.24	5.2873	0.6802	0.9537	-	/home/luw/XDP3/data/paired/paired_4config_ring4096_20260824/cells/20260825T040042Z_xdp_drop_12000000.json
12000000	9	3	native	no-touch	1	True	12001354.6	0.0	1.0	249.71	0.4114	0.818	0.1063	-	/home/luw/XDP3/data/paired/paired_4config_ring4096_20260824/cells/20260825T040129Z_xdp_drop_12000000.json
12000000	9	4	native	read-data	1	True	7675429.8	0.360454	1.0	414.89	0.6719	0.4208	1.0058	-	/home/luw/XDP3/data/paired/paired_4config_ring4096_20260824/cells/20260825T040217Z_xdp_drop_12000000.json
8000000	9	1	skb	no-touch	1	True	1209394.6	0.848824	1.0	2640.77	5.7252	0.6644	0.9412	-	/home/luw/XDP3/data/paired/paired_4config_ring4096_20260824/cells/20260825T040305Z_xdp_drop_8000000.json
8000000	9	2	native	no-touch	1	True	7999949.1	0.0	1.0	299.04	0.5638	0.7504	0.1624	-	/home/luw/XDP3/data/paired/paired_4config_ring4096_20260824/cells/20260825T040353Z_xdp_drop_8000000.json
8000000	9	3	skb	read-data	1	True	1213271.2	0.848338	1.0	2632.32	5.7345	0.6852	0.9439	-	/home/luw/XDP3/data/paired/paired_4config_ring4096_20260824/cells/20260825T040441Z_xdp_drop_8000000.json
8000000	9	4	native	read-data	1	True	7976002.3	0.002995	1.0	399.33	0.5557	0.4608	0.9226	-	/home/luw/XDP3/data/paired/paired_4config_ring4096_20260824/cells/20260825T040528Z_xdp_drop_8000000.json
13000000	9	1	skb	no-touch	1	True	1220563.5	0.906115	1.0	2616.58	6.0109	0.5845	0.8347	-	/home/luw/XDP3/data/paired/paired_4config_ring4096_20260824/cells/20260825T040616Z_xdp_drop_13000000.json
13000000	9	2	native	no-touch	1	True	13000277.8	0.0	1.0	239.99	0.3532	0.6185	0.1033	-	/home/luw/XDP3/data/paired/paired_4config_ring4096_20260824/cells/20260825T040704Z_xdp_drop_13000000.json
13000000	9	3	native	read-data	1	True	7892114.0	0.392858	1.0	404.26	0.6486	0.4485	1.0232	-	/home/luw/XDP3/data/paired/paired_4config_ring4096_20260824/cells/20260825T040751Z_xdp_drop_13000000.json
13000000	9	4	skb	read-data	1	True	1205584.6	0.907268	1.0	2649.14	5.5456	0.7054	0.9817	-	/home/luw/XDP3/data/paired/paired_4config_ring4096_20260824/cells/20260825T040839Z_xdp_drop_13000000.json
500000	9	1	skb	read-data	1	True	500002.3	0.0	1.0	2880.63	7.0261	0.815	0.9475	-	/home/luw/XDP3/data/paired/paired_4config_ring4096_20260824/cells/20260825T040927Z_xdp_drop_500000.json
500000	9	2	native	read-data	1	True	500004.4	0.0	1.0	547.65	0.5216	0.653	0.8942	-	/home/luw/XDP3/data/paired/paired_4config_ring4096_20260824/cells/20260825T041014Z_xdp_drop_500000.json
500000	9	3	native	no-touch	1	True	500004.2	0.0	1.0	393.65	0.4784	0.7646	0.1644	-	/home/luw/XDP3/data/paired/paired_4config_ring4096_20260824/cells/20260825T041102Z_xdp_drop_500000.json
500000	9	4	skb	no-touch	1	True	500005.2	0.0	1.0	2886.06	6.8315	0.9519	1.0678	-	/home/luw/XDP3/data/paired/paired_4config_ring4096_20260824/cells/20260825T041150Z_xdp_drop_500000.json
6500000	9	1	skb	no-touch	1	True	1203053.4	0.814923	1.0	2654.7	5.2012	0.7964	1.1097	-	/home/luw/XDP3/data/paired/paired_4config_ring4096_20260824/cells/20260825T041238Z_xdp_drop_6500000.json
6500000	9	2	native	no-touch	1	True	6500154.1	0.0	1.0	333.13	0.5598	0.7395	0.1	-	/home/luw/XDP3/data/paired/paired_4config_ring4096_20260824/cells/20260825T041325Z_xdp_drop_6500000.json
6500000	9	3	native	read-data	1	True	6500180.5	0.0	1.0	425.14	0.5003	0.8136	1.0565	-	/home/luw/XDP3/data/paired/paired_4config_ring4096_20260824/cells/20260825T041413Z_xdp_drop_6500000.json
6500000	9	4	skb	read-data	1	True	1201788.0	0.815119	1.0	2657.54	5.4122	0.7215	1.0682	-	/home/luw/XDP3/data/paired/paired_4config_ring4096_20260824/cells/20260825T041501Z_xdp_drop_6500000.json
9000000	9	1	skb	read-data	1	True	1208691.3	0.865695	1.0	2642.28	4.2266	0.7174	1.0602	-	/home/luw/XDP3/data/paired/paired_4config_ring4096_20260824/cells/20260825T041549Z_xdp_drop_9000000.json
9000000	9	2	native	no-touch	1	True	8999461.1	0.0	1.0	274.1	0.548	0.7413	0.1306	-	/home/luw/XDP3/data/paired/paired_4config_ring4096_20260824/cells/20260825T041636Z_xdp_drop_9000000.json
9000000	9	3	skb	no-touch	1	True	1216231.7	0.86485	1.0	2625.95	4.4226	0.6291	0.9449	-	/home/luw/XDP3/data/paired/paired_4config_ring4096_20260824/cells/20260825T041724Z_xdp_drop_9000000.json
9000000	9	4	native	read-data	1	True	8149019.7	0.094501	1.0	391.26	0.6257	0.4064	0.956	-	/home/luw/XDP3/data/paired/paired_4config_ring4096_20260824/cells/20260825T041812Z_xdp_drop_9000000.json
1000000	9	1	native	read-data	1	True	999993.9	0.0	1.0	579.23	0.5931	0.7206	1.0547	-	/home/luw/XDP3/data/paired/paired_4config_ring4096_20260824/cells/20260825T041900Z_xdp_drop_1000000.json
1000000	9	2	skb	read-data	1	True	1000005.7	0.0	1.0	2824.08	6.4416	0.9023	1.0389	-	/home/luw/XDP3/data/paired/paired_4config_ring4096_20260824/cells/20260825T041947Z_xdp_drop_1000000.json
1000000	9	3	native	no-touch	1	True	999992.4	0.0	1.0	416.95	0.4876	0.7508	0.1391	-	/home/luw/XDP3/data/paired/paired_4config_ring4096_20260824/cells/20260825T042035Z_xdp_drop_1000000.json
1000000	9	4	skb	no-touch	1	True	999996.5	0.0	1.0	2817.26	6.5231	0.8402	0.9806	-	/home/luw/XDP3/data/paired/paired_4config_ring4096_20260824/cells/20260825T042123Z_xdp_drop_1000000.json
5500000	9	1	skb	read-data	1	True	1205802.5	0.780774	1.0	2648.69	4.4525	0.701	1.0033	-	/home/luw/XDP3/data/paired/paired_4config_ring4096_20260824/cells/20260825T042210Z_xdp_drop_5500000.json
5500000	9	2	native	read-data	1	True	5500231.5	0.0	1.0	460.13	0.5561	0.7619	1.0546	-	/home/luw/XDP3/data/paired/paired_4config_ring4096_20260824/cells/20260825T042258Z_xdp_drop_5500000.json
5500000	9	3	native	no-touch	1	True	5500210.5	0.0	1.0	366.15	0.595	0.7395	0.1701	-	/home/luw/XDP3/data/paired/paired_4config_ring4096_20260824/cells/20260825T042346Z_xdp_drop_5500000.json
5500000	9	4	skb	no-touch	1	True	1211821.7	0.77968	1.0	2635.44	4.9884	0.6749	0.9457	-	/home/luw/XDP3/data/paired/paired_4config_ring4096_20260824/cells/20260825T042434Z_xdp_drop_5500000.json
13500000	10	1	native	read-data	1	True	8575588.6	0.364815	1.0	372.09	0.5079	0.4251	0.8342	-	/home/luw/XDP3/data/paired/paired_4config_ring4096_20260824/cells/20260825T042521Z_xdp_drop_13500000.json
13500000	10	2	skb	read-data	1	True	1209436.9	0.910422	1.0	2640.7	5.3926	0.6786	0.9524	-	/home/luw/XDP3/data/paired/paired_4config_ring4096_20260824/cells/20260825T042609Z_xdp_drop_13500000.json
13500000	10	3	skb	no-touch	1	True	1218190.7	0.909774	1.0	2621.72	5.6646	0.6647	0.9456	-	/home/luw/XDP3/data/paired/paired_4config_ring4096_20260824/cells/20260825T042657Z_xdp_drop_13500000.json
13500000	10	4	native	no-touch	1	True	13500887.6	0.0	1.0	234.57	0.2707	0.6694	0.143	-	/home/luw/XDP3/data/paired/paired_4config_ring4096_20260824/cells/20260825T042744Z_xdp_drop_13500000.json
13000000	10	1	skb	no-touch	1	True	1212464.2	0.90674	1.0	2634.14	6.0249	0.685	0.9476	-	/home/luw/XDP3/data/paired/paired_4config_ring4096_20260824/cells/20260825T042832Z_xdp_drop_13000000.json
13000000	10	2	native	no-touch	1	True	13000281.4	0.0	1.0	240.03	0.3578	0.8263	0.1739	-	/home/luw/XDP3/data/paired/paired_4config_ring4096_20260824/cells/20260825T042920Z_xdp_drop_13000000.json
13000000	10	3	skb	read-data	1	True	1203485.1	0.907429	1.0	2653.76	5.8636	0.7102	0.998	-	/home/luw/XDP3/data/paired/paired_4config_ring4096_20260824/cells/20260825T043007Z_xdp_drop_13000000.json
13000000	10	4	native	read-data	1	True	7645436.3	0.411905	1.0	416.82	0.6685	0.4214	1.0086	-	/home/luw/XDP3/data/paired/paired_4config_ring4096_20260824/cells/20260825T043055Z_xdp_drop_13000000.json
14000000	10	1	native	read-data	1	True	7666353.8	0.452463	1.0	416.09	0.6376	0.4468	1.0075	-	/home/luw/XDP3/data/paired/paired_4config_ring4096_20260824/cells/20260825T043143Z_xdp_drop_14000000.json
14000000	10	2	skb	no-touch	1	True	1209153.1	0.913646	1.0	2641.31	5.6904	0.6746	0.946	-	/home/luw/XDP3/data/paired/paired_4config_ring4096_20260824/cells/20260825T043231Z_xdp_drop_14000000.json
14000000	10	3	native	no-touch	1	True	14001603.9	0.0	1.0	228.11	0.4559	0.4372	0.1411	-	/home/luw/XDP3/data/paired/paired_4config_ring4096_20260824/cells/20260825T043318Z_xdp_drop_14000000.json
14000000	10	4	skb	read-data	1	True	1200417.1	0.91425	1.0	2660.57	5.1747	0.7759	1.1238	-	/home/luw/XDP3/data/paired/paired_4config_ring4096_20260824/cells/20260825T043406Z_xdp_drop_14000000.json
14000000	10	1	native	no-touch	0	True	13908511.4	0.006643	1.0	0.0	0.0	0.0	0.0	-	/home/luw/XDP3/data/paired/paired_4config_ring4096_20260824/cells/20260825T043454Z_xdp_drop_14000000.json
14000000	10	2	skb	read-data	0	True	1215875.7	0.913163	1.0	0.0	0.0	0.0	0.0	-	/home/luw/XDP3/data/paired/paired_4config_ring4096_20260824/cells/20260825T043542Z_xdp_drop_14000000.json
14000000	10	3	skb	no-touch	0	True	1209525.5	0.913621	1.0	0.0	0.0	0.0	0.0	-	/home/luw/XDP3/data/paired/paired_4config_ring4096_20260824/cells/20260825T043629Z_xdp_drop_14000000.json
14000000	10	4	native	read-data	0	True	7672907.5	0.451999	1.0	0.0	0.0	0.0	0.0	-	/home/luw/XDP3/data/paired/paired_4config_ring4096_20260824/cells/20260825T043717Z_xdp_drop_14000000.json
14880952	10	1	native	read-data	1	True	7893718.2	0.4695	1.0	404.1	0.6375	0.4528	1.0272	-	/home/luw/XDP3/data/paired/paired_4config_ring4096_20260824/cells/20260825T043805Z_xdp_drop_14880952.json
14880952	10	2	native	no-touch	1	True	14047926.9	0.055953	1.0	227.35	0.7016	0.3646	0.1555	-	/home/luw/XDP3/data/paired/paired_4config_ring4096_20260824/cells/20260825T043853Z_xdp_drop_14880952.json
14880952	10	3	skb	read-data	1	True	1207641.4	0.918828	1.0	2644.64	5.9647	0.6616	0.9566	-	/home/luw/XDP3/data/paired/paired_4config_ring4096_20260824/cells/20260825T043940Z_xdp_drop_14880952.json
14880952	10	4	skb	no-touch	1	True	1211525.4	0.91857	1.0	2636.1	5.7729	0.6545	0.9266	-	/home/luw/XDP3/data/paired/paired_4config_ring4096_20260824/cells/20260825T044028Z_xdp_drop_14880952.json
14880952	10	1	skb	no-touch	0	True	1209628.1	0.918696	1.0	0.0	0.0	0.0	0.0	-	/home/luw/XDP3/data/paired/paired_4config_ring4096_20260824/cells/20260825T044116Z_xdp_drop_14880952.json
14880952	10	2	native	no-touch	0	True	13940007.6	0.063205	1.0	0.0	0.0	0.0	0.0	-	/home/luw/XDP3/data/paired/paired_4config_ring4096_20260824/cells/20260825T044203Z_xdp_drop_14880952.json
14880952	10	3	skb	read-data	0	True	1203367.1	0.919115	1.0	0.0	0.0	0.0	0.0	-	/home/luw/XDP3/data/paired/paired_4config_ring4096_20260824/cells/20260825T044251Z_xdp_drop_14880952.json
14880952	10	4	native	read-data	0	True	7654807.0	0.485577	1.0	0.0	0.0	0.0	0.0	-	/home/luw/XDP3/data/paired/paired_4config_ring4096_20260824/cells/20260825T044339Z_xdp_drop_14880952.json
7000000	10	1	skb	no-touch	1	True	1204465.6	0.827921	1.0	2651.59	6.0658	0.7776	1.1	-	/home/luw/XDP3/data/paired/paired_4config_ring4096_20260824/cells/20260825T044426Z_xdp_drop_7000000.json
7000000	10	2	native	read-data	1	True	6999345.3	0.0	1.0	424.87	0.4284	0.8579	1.0025	-	/home/luw/XDP3/data/paired/paired_4config_ring4096_20260824/cells/20260825T044514Z_xdp_drop_7000000.json
7000000	10	3	skb	read-data	1	True	1206018.7	0.827699	1.0	2648.21	5.5938	0.7717	1.0865	-	/home/luw/XDP3/data/paired/paired_4config_ring4096_20260824/cells/20260825T044602Z_xdp_drop_7000000.json
7000000	10	4	native	no-touch	1	True	6999348.9	0.0	1.0	322.99	0.5539	0.7124	0.1395	-	/home/luw/XDP3/data/paired/paired_4config_ring4096_20260824/cells/20260825T044649Z_xdp_drop_7000000.json
4000000	10	1	native	read-data	1	True	3999970.3	0.0	1.0	537.56	0.5361	0.7649	1.0495	-	/home/luw/XDP3/data/paired/paired_4config_ring4096_20260824/cells/20260825T044737Z_xdp_drop_4000000.json
4000000	10	2	native	no-touch	1	True	3999975.1	0.0	1.0	406.55	0.5105	0.7402	0.164	-	/home/luw/XDP3/data/paired/paired_4config_ring4096_20260824/cells/20260825T044825Z_xdp_drop_4000000.json
4000000	10	3	skb	no-touch	1	True	1214162.5	0.696458	1.0	2630.44	5.697	0.6792	0.947	-	/home/luw/XDP3/data/paired/paired_4config_ring4096_20260824/cells/20260825T044913Z_xdp_drop_4000000.json
4000000	10	4	skb	read-data	1	True	1209060.1	0.697735	1.0	2641.54	5.6581	0.6715	0.942	-	/home/luw/XDP3/data/paired/paired_4config_ring4096_20260824/cells/20260825T045001Z_xdp_drop_4000000.json
250000	10	1	skb	no-touch	1	True	249999.9	0.0	1.0	2929.7	7.5664	0.7877	0.9286	-	/home/luw/XDP3/data/paired/paired_4config_ring4096_20260824/cells/20260825T045048Z_xdp_drop_250000.json
250000	10	2	native	read-data	1	True	250000.2	0.0	1.0	670.78	0.5908	0.6747	0.9232	-	/home/luw/XDP3/data/paired/paired_4config_ring4096_20260824/cells/20260825T045136Z_xdp_drop_250000.json
250000	10	3	native	no-touch	1	True	250000.5	0.0	1.0	527.34	0.553	0.7775	0.1626	-	/home/luw/XDP3/data/paired/paired_4config_ring4096_20260824/cells/20260825T045224Z_xdp_drop_250000.json
250000	10	4	skb	read-data	1	True	250000.5	0.0	1.0	2938.68	7.7131	0.855	0.9831	-	/home/luw/XDP3/data/paired/paired_4config_ring4096_20260824/cells/20260825T045312Z_xdp_drop_250000.json
4500000	10	1	native	no-touch	1	True	4500298.0	0.0	1.0	403.97	0.496	0.7638	0.1649	-	/home/luw/XDP3/data/paired/paired_4config_ring4096_20260824/cells/20260825T045359Z_xdp_drop_4500000.json
4500000	10	2	skb	no-touch	1	True	1215727.4	0.729859	1.0	2627.07	6.0123	0.6789	0.9407	-	/home/luw/XDP3/data/paired/paired_4config_ring4096_20260824/cells/20260825T045447Z_xdp_drop_4500000.json
4500000	10	3	native	read-data	1	True	4500311.1	0.0	1.0	514.62	0.5367	0.7466	1.0482	-	/home/luw/XDP3/data/paired/paired_4config_ring4096_20260824/cells/20260825T045535Z_xdp_drop_4500000.json
4500000	10	4	skb	read-data	1	True	1199279.7	0.733514	1.0	2663.08	6.2006	0.7736	1.1094	-	/home/luw/XDP3/data/paired/paired_4config_ring4096_20260824/cells/20260825T045622Z_xdp_drop_4500000.json
6000000	10	1	skb	read-data	1	True	1199709.7	0.800036	1.0	2662.1	5.4812	0.7604	1.1083	-	/home/luw/XDP3/data/paired/paired_4config_ring4096_20260824/cells/20260825T045710Z_xdp_drop_6000000.json
6000000	10	2	native	read-data	1	True	5999624.8	0.0	1.0	440.25	0.559	0.7637	1.0204	-	/home/luw/XDP3/data/paired/paired_4config_ring4096_20260824/cells/20260825T045758Z_xdp_drop_6000000.json
6000000	10	3	native	no-touch	1	True	5999610.1	0.0	1.0	348.68	0.5516	0.7394	0.1667	-	/home/luw/XDP3/data/paired/paired_4config_ring4096_20260824/cells/20260825T045845Z_xdp_drop_6000000.json
6000000	10	4	skb	no-touch	1	True	1210964.6	0.798159	1.0	2637.36	5.9044	0.6705	0.9427	-	/home/luw/XDP3/data/paired/paired_4config_ring4096_20260824/cells/20260825T045933Z_xdp_drop_6000000.json
11500000	10	1	native	read-data	1	True	8054371.2	0.299575	1.0	396.12	0.6157	0.4383	0.9693	-	/home/luw/XDP3/data/paired/paired_4config_ring4096_20260824/cells/20260825T050021Z_xdp_drop_11500000.json
11500000	10	2	skb	read-data	1	True	1206756.8	0.895061	1.0	2646.56	5.192	0.7016	0.9653	-	/home/luw/XDP3/data/paired/paired_4config_ring4096_20260824/cells/20260825T050109Z_xdp_drop_11500000.json
11500000	10	3	native	no-touch	1	True	11499269.4	0.0	1.0	252.91	0.4091	0.852	0.1691	-	/home/luw/XDP3/data/paired/paired_4config_ring4096_20260824/cells/20260825T050157Z_xdp_drop_11500000.json
11500000	10	4	skb	no-touch	1	True	1211320.2	0.894664	1.0	2636.57	4.9273	0.7298	1.032	-	/home/luw/XDP3/data/paired/paired_4config_ring4096_20260824/cells/20260825T050244Z_xdp_drop_11500000.json
2500000	10	1	native	read-data	1	True	2499982.2	0.0	1.0	612.34	0.5295	0.7806	1.0504	-	/home/luw/XDP3/data/paired/paired_4config_ring4096_20260824/cells/20260825T050332Z_xdp_drop_2500000.json
2500000	10	2	native	no-touch	1	True	2499987.2	0.0	1.0	457.96	0.5537	0.7643	0.1702	-	/home/luw/XDP3/data/paired/paired_4config_ring4096_20260824/cells/20260825T050420Z_xdp_drop_2500000.json
2500000	10	3	skb	no-touch	1	True	1213382.1	0.514647	1.0	2632.14	4.9536	0.6741	0.9492	-	/home/luw/XDP3/data/paired/paired_4config_ring4096_20260824/cells/20260825T050507Z_xdp_drop_2500000.json
2500000	10	4	skb	read-data	1	True	1209182.5	0.516327	1.0	2641.26	5.4955	0.6696	0.9453	-	/home/luw/XDP3/data/paired/paired_4config_ring4096_20260824/cells/20260825T050555Z_xdp_drop_2500000.json
8000000	10	1	skb	no-touch	1	True	1213317.7	0.848337	1.0	2632.24	5.5134	0.6695	0.9435	-	/home/luw/XDP3/data/paired/paired_4config_ring4096_20260824/cells/20260825T050643Z_xdp_drop_8000000.json
8000000	10	2	native	read-data	1	True	7809667.6	0.023788	1.0	407.9	0.6256	0.4266	0.9728	-	/home/luw/XDP3/data/paired/paired_4config_ring4096_20260824/cells/20260825T050730Z_xdp_drop_8000000.json
8000000	10	3	native	no-touch	1	True	7999961.0	0.0	1.0	299.0	0.5768	0.7351	0.1586	-	/home/luw/XDP3/data/paired/paired_4config_ring4096_20260824/cells/20260825T050818Z_xdp_drop_8000000.json
8000000	10	4	skb	read-data	1	True	1202272.3	0.849717	1.0	2656.42	6.0514	0.6745	0.9437	-	/home/luw/XDP3/data/paired/paired_4config_ring4096_20260824/cells/20260825T050906Z_xdp_drop_8000000.json
5000000	10	1	native	read-data	1	True	4999967.8	0.0	1.0	474.61	0.5318	0.6749	0.8997	-	/home/luw/XDP3/data/paired/paired_4config_ring4096_20260824/cells/20260825T050954Z_xdp_drop_5000000.json
5000000	10	2	native	no-touch	1	True	4999974.7	0.0	1.0	387.04	0.5193	0.7548	0.1267	-	/home/luw/XDP3/data/paired/paired_4config_ring4096_20260824/cells/20260825T051041Z_xdp_drop_5000000.json
5000000	10	3	skb	no-touch	1	True	1209498.2	0.758104	1.0	2640.56	6.0337	0.7093	1.0046	-	/home/luw/XDP3/data/paired/paired_4config_ring4096_20260824/cells/20260825T051129Z_xdp_drop_5000000.json
5000000	10	4	skb	read-data	1	True	1204786.5	0.759044	1.0	2650.9	6.0491	0.7012	1.0092	-	/home/luw/XDP3/data/paired/paired_4config_ring4096_20260824/cells/20260825T051217Z_xdp_drop_5000000.json
2000000	10	1	native	no-touch	1	True	1999986.8	0.0	1.0	423.24	0.4769	0.7194	0.1582	-	/home/luw/XDP3/data/paired/paired_4config_ring4096_20260824/cells/20260825T051304Z_xdp_drop_2000000.json
2000000	10	2	skb	read-data	1	True	1208354.7	0.395824	1.0	2643.05	6.1689	0.665	0.9484	-	/home/luw/XDP3/data/paired/paired_4config_ring4096_20260824/cells/20260825T051352Z_xdp_drop_2000000.json
2000000	10	3	skb	no-touch	1	True	1207496.9	0.396249	1.0	2644.9	5.7707	0.6558	0.952	-	/home/luw/XDP3/data/paired/paired_4config_ring4096_20260824/cells/20260825T051440Z_xdp_drop_2000000.json
2000000	10	4	native	read-data	1	True	1999992.0	0.0	1.0	568.51	0.491	0.6798	0.9094	-	/home/luw/XDP3/data/paired/paired_4config_ring4096_20260824/cells/20260825T051528Z_xdp_drop_2000000.json
8500000	10	1	native	read-data	1	True	7893539.7	0.071425	1.0	403.66	0.637	0.4583	1.0263	-	/home/luw/XDP3/data/paired/paired_4config_ring4096_20260824/cells/20260825T051616Z_xdp_drop_8500000.json
8500000	10	2	skb	no-touch	1	True	1214728.8	0.857106	1.0	2629.17	5.8055	0.705	0.9858	-	/home/luw/XDP3/data/paired/paired_4config_ring4096_20260824/cells/20260825T051703Z_xdp_drop_8500000.json
8500000	10	3	skb	read-data	1	True	1207299.6	0.85798	1.0	2645.37	5.851	0.6959	0.982	-	/home/luw/XDP3/data/paired/paired_4config_ring4096_20260824/cells/20260825T051751Z_xdp_drop_8500000.json
8500000	10	4	native	no-touch	1	True	8500681.3	0.0	1.0	285.44	0.5769	0.7136	0.1468	-	/home/luw/XDP3/data/paired/paired_4config_ring4096_20260824/cells/20260825T051839Z_xdp_drop_8500000.json
5500000	10	1	skb	read-data	1	True	1211580.6	0.779724	1.0	2636.05	5.9722	0.6717	0.9376	-	/home/luw/XDP3/data/paired/paired_4config_ring4096_20260824/cells/20260825T051926Z_xdp_drop_5500000.json
5500000	10	2	native	read-data	1	True	5500212.5	0.0	1.0	455.27	0.5322	0.7488	0.9972	-	/home/luw/XDP3/data/paired/paired_4config_ring4096_20260824/cells/20260825T052014Z_xdp_drop_5500000.json
5500000	10	3	native	no-touch	1	True	5500215.8	0.0	1.0	364.49	0.525	0.7669	0.157	-	/home/luw/XDP3/data/paired/paired_4config_ring4096_20260824/cells/20260825T052102Z_xdp_drop_5500000.json
5500000	10	4	skb	no-touch	1	True	1210275.4	0.779962	1.0	2638.9	5.5339	0.6357	0.9615	-	/home/luw/XDP3/data/paired/paired_4config_ring4096_20260824/cells/20260825T052150Z_xdp_drop_5500000.json
10000000	10	1	native	no-touch	1	True	9999954.7	0.0	1.0	261.45	0.5103	0.5688	0.1186	-	/home/luw/XDP3/data/paired/paired_4config_ring4096_20260824/cells/20260825T052237Z_xdp_drop_10000000.json
10000000	10	2	native	read-data	1	True	7670049.8	0.23299	1.0	415.62	0.6752	0.4199	1.0138	-	/home/luw/XDP3/data/paired/paired_4config_ring4096_20260824/cells/20260825T052325Z_xdp_drop_10000000.json
10000000	10	3	skb	no-touch	1	True	1209374.6	0.879059	1.0	2640.85	5.6349	0.6512	0.9437	-	/home/luw/XDP3/data/paired/paired_4config_ring4096_20260824/cells/20260825T052413Z_xdp_drop_10000000.json
10000000	10	4	skb	read-data	1	True	1208948.0	0.879106	1.0	2641.71	5.048	0.6436	0.949	-	/home/luw/XDP3/data/paired/paired_4config_ring4096_20260824/cells/20260825T052501Z_xdp_drop_10000000.json
1500000	10	1	skb	no-touch	1	True	1209537.3	0.193659	1.0	2640.43	5.185	0.6412	0.9494	-	/home/luw/XDP3/data/paired/paired_4config_ring4096_20260824/cells/20260825T052548Z_xdp_drop_1500000.json
1500000	10	2	skb	read-data	1	True	1211306.5	0.192481	1.0	2636.65	6.0264	0.6473	0.9363	-	/home/luw/XDP3/data/paired/paired_4config_ring4096_20260824/cells/20260825T052636Z_xdp_drop_1500000.json
1500000	10	3	native	no-touch	1	True	1500038.8	0.0	1.0	428.63	0.4679	0.7058	0.1591	-	/home/luw/XDP3/data/paired/paired_4config_ring4096_20260824/cells/20260825T052723Z_xdp_drop_1500000.json
1500000	10	4	native	read-data	1	True	1500034.1	0.0	1.0	590.38	0.5358	0.7816	1.0621	-	/home/luw/XDP3/data/paired/paired_4config_ring4096_20260824/cells/20260825T052811Z_xdp_drop_1500000.json
500000	10	1	skb	read-data	1	True	500003.3	0.0	1.0	2881.73	7.0579	0.8092	0.9419	-	/home/luw/XDP3/data/paired/paired_4config_ring4096_20260824/cells/20260825T052859Z_xdp_drop_500000.json
500000	10	2	native	read-data	1	True	500004.2	0.0	1.0	569.45	0.5318	0.7575	1.035	-	/home/luw/XDP3/data/paired/paired_4config_ring4096_20260824/cells/20260825T052947Z_xdp_drop_500000.json
500000	10	3	native	no-touch	1	True	500002.9	0.0	1.0	393.61	0.4846	0.7706	0.1133	-	/home/luw/XDP3/data/paired/paired_4config_ring4096_20260824/cells/20260825T053035Z_xdp_drop_500000.json
500000	10	4	skb	no-touch	1	True	500005.6	0.0	1.0	2889.51	6.8739	0.9649	1.076	-	/home/luw/XDP3/data/paired/paired_4config_ring4096_20260824/cells/20260825T053122Z_xdp_drop_500000.json
12000000	10	1	native	no-touch	1	True	12001328.9	0.0	1.0	249.06	0.4393	0.8835	0.0824	-	/home/luw/XDP3/data/paired/paired_4config_ring4096_20260824/cells/20260825T053210Z_xdp_drop_12000000.json
12000000	10	2	skb	read-data	1	True	1208842.0	0.899275	1.0	2642.02	6.217	0.668	0.9519	-	/home/luw/XDP3/data/paired/paired_4config_ring4096_20260824/cells/20260825T053258Z_xdp_drop_12000000.json
12000000	10	3	skb	no-touch	1	True	1212249.4	0.898995	1.0	2634.6	5.1862	0.6532	0.9465	-	/home/luw/XDP3/data/paired/paired_4config_ring4096_20260824/cells/20260825T053345Z_xdp_drop_12000000.json
12000000	10	4	native	read-data	1	True	7679340.6	0.360126	1.0	415.48	0.6696	0.4153	1.0126	-	/home/luw/XDP3/data/paired/paired_4config_ring4096_20260824/cells/20260825T053433Z_xdp_drop_12000000.json
11000000	10	1	native	no-touch	1	True	10998633.6	0.0	1.0	256.15	0.4596	0.8019	0.1441	-	/home/luw/XDP3/data/paired/paired_4config_ring4096_20260824/cells/20260825T053521Z_xdp_drop_11000000.json
11000000	10	2	skb	no-touch	1	True	1212986.8	0.889717	1.0	2632.97	5.2785	0.6833	0.9548	-	/home/luw/XDP3/data/paired/paired_4config_ring4096_20260824/cells/20260825T053609Z_xdp_drop_11000000.json
11000000	10	3	native	read-data	1	True	7898879.1	0.281836	1.0	403.96	0.6575	0.4318	1.0322	-	/home/luw/XDP3/data/paired/paired_4config_ring4096_20260824/cells/20260825T053656Z_xdp_drop_11000000.json
11000000	10	4	skb	read-data	1	True	1211664.1	0.889827	1.0	2635.89	5.6011	0.6428	0.9256	-	/home/luw/XDP3/data/paired/paired_4config_ring4096_20260824/cells/20260825T053744Z_xdp_drop_11000000.json
3500000	10	1	native	read-data	1	True	3500030.8	0.0	1.0	559.44	0.5294	0.6985	0.9461	-	/home/luw/XDP3/data/paired/paired_4config_ring4096_20260824/cells/20260825T053832Z_xdp_drop_3500000.json
3500000	10	2	native	no-touch	1	True	3500030.0	0.0	1.0	423.44	0.4901	0.7592	0.1224	-	/home/luw/XDP3/data/paired/paired_4config_ring4096_20260824/cells/20260825T053920Z_xdp_drop_3500000.json
3500000	10	3	skb	read-data	1	True	1212416.0	0.6536	1.0	2634.23	5.9262	0.6687	0.9458	-	/home/luw/XDP3/data/paired/paired_4config_ring4096_20260824/cells/20260825T054008Z_xdp_drop_3500000.json
3500000	10	4	skb	no-touch	1	True	1213870.5	0.653185	1.0	2631.08	4.9129	0.6622	0.9523	-	/home/luw/XDP3/data/paired/paired_4config_ring4096_20260824/cells/20260825T054055Z_xdp_drop_3500000.json
6500000	10	1	native	no-touch	1	True	6500128.0	0.0	1.0	335.11	0.5753	0.7443	0.1944	-	/home/luw/XDP3/data/paired/paired_4config_ring4096_20260824/cells/20260825T054143Z_xdp_drop_6500000.json
6500000	10	2	skb	read-data	1	True	1213587.2	0.813299	1.0	2631.68	5.6774	0.6523	0.9262	-	/home/luw/XDP3/data/paired/paired_4config_ring4096_20260824/cells/20260825T054231Z_xdp_drop_6500000.json
6500000	10	3	native	read-data	1	True	6500163.2	0.0	1.0	428.92	0.5073	0.7816	1.0182	-	/home/luw/XDP3/data/paired/paired_4config_ring4096_20260824/cells/20260825T054318Z_xdp_drop_6500000.json
6500000	10	4	skb	no-touch	1	True	1213723.3	0.813281	1.0	2631.38	6.2267	0.6454	0.9259	-	/home/luw/XDP3/data/paired/paired_4config_ring4096_20260824/cells/20260825T054406Z_xdp_drop_6500000.json
14500000	10	1	native	no-touch	1	True	13935767.3	0.038764	1.0	229.18	0.6539	0.3913	0.1703	-	/home/luw/XDP3/data/paired/paired_4config_ring4096_20260824/cells/20260825T054454Z_xdp_drop_14500000.json
14500000	10	2	skb	no-touch	1	True	1207774.4	0.916695	1.0	2644.34	5.6922	0.6788	0.9811	-	/home/luw/XDP3/data/paired/paired_4config_ring4096_20260824/cells/20260825T054541Z_xdp_drop_14500000.json
14500000	10	3	skb	read-data	1	True	1206576.6	0.916778	1.0	2646.98	5.102	0.6642	0.9757	-	/home/luw/XDP3/data/paired/paired_4config_ring4096_20260824/cells/20260825T054629Z_xdp_drop_14500000.json
14500000	10	4	native	read-data	1	True	7981820.2	0.449452	1.0	399.7	0.662	0.4113	0.9968	-	/home/luw/XDP3/data/paired/paired_4config_ring4096_20260824/cells/20260825T054717Z_xdp_drop_14500000.json
9000000	10	1	native	no-touch	1	True	8999427.8	0.0	1.0	274.9	0.5514	0.6767	0.115	-	/home/luw/XDP3/data/paired/paired_4config_ring4096_20260824/cells/20260825T054805Z_xdp_drop_9000000.json
9000000	10	2	native	read-data	1	True	7671873.4	0.147516	1.0	415.66	0.6648	0.424	1.0091	-	/home/luw/XDP3/data/paired/paired_4config_ring4096_20260824/cells/20260825T054852Z_xdp_drop_9000000.json
9000000	10	3	skb	read-data	1	True	1207751.5	0.865798	1.0	2644.37	5.1923	0.6674	0.9464	-	/home/luw/XDP3/data/paired/paired_4config_ring4096_20260824/cells/20260825T054940Z_xdp_drop_9000000.json
9000000	10	4	skb	no-touch	1	True	1214796.2	0.865016	1.0	2629.02	5.3242	0.6605	0.9435	-	/home/luw/XDP3/data/paired/paired_4config_ring4096_20260824/cells/20260825T055028Z_xdp_drop_9000000.json
3000000	10	1	native	no-touch	1	True	3000071.6	0.0	1.0	406.73	0.4765	0.7868	0.1502	-	/home/luw/XDP3/data/paired/paired_4config_ring4096_20260824/cells/20260825T055115Z_xdp_drop_3000000.json
3000000	10	2	skb	no-touch	1	True	1203413.3	0.598874	1.0	2653.93	4.6352	0.7713	1.1032	-	/home/luw/XDP3/data/paired/paired_4config_ring4096_20260824/cells/20260825T055203Z_xdp_drop_3000000.json
3000000	10	3	native	read-data	1	True	3000065.6	0.0	1.0	595.17	0.6012	0.7524	1.0803	-	/home/luw/XDP3/data/paired/paired_4config_ring4096_20260824/cells/20260825T055251Z_xdp_drop_3000000.json
3000000	10	4	skb	read-data	1	True	1213312.3	0.595573	1.0	2632.27	4.6415	0.6744	0.9441	-	/home/luw/XDP3/data/paired/paired_4config_ring4096_20260824/cells/20260825T055338Z_xdp_drop_3000000.json
9500000	10	1	native	no-touch	1	True	9499538.0	0.0	1.0	267.05	0.5204	0.729	0.1414	-	/home/luw/XDP3/data/paired/paired_4config_ring4096_20260824/cells/20260825T055426Z_xdp_drop_9500000.json
9500000	10	2	skb	no-touch	1	True	1214373.9	0.872168	1.0	2629.99	4.5763	0.6904	0.9707	-	/home/luw/XDP3/data/paired/paired_4config_ring4096_20260824/cells/20260825T055514Z_xdp_drop_9500000.json
9500000	10	3	native	read-data	1	True	7862368.7	0.172342	1.0	405.67	0.6841	0.4258	1.0375	-	/home/luw/XDP3/data/paired/paired_4config_ring4096_20260824/cells/20260825T055602Z_xdp_drop_9500000.json
9500000	10	4	skb	read-data	1	True	1207261.8	0.872916	1.0	2645.53	5.2607	0.6474	0.9505	-	/home/luw/XDP3/data/paired/paired_4config_ring4096_20260824/cells/20260825T055650Z_xdp_drop_9500000.json
1000000	10	1	native	no-touch	1	True	1000004.6	0.0	1.0	415.71	0.4804	0.7649	0.1528	-	/home/luw/XDP3/data/paired/paired_4config_ring4096_20260824/cells/20260825T055737Z_xdp_drop_1000000.json
1000000	10	2	native	read-data	1	True	999994.5	0.0	1.0	594.27	0.6085	0.7447	1.0516	-	/home/luw/XDP3/data/paired/paired_4config_ring4096_20260824/cells/20260825T055825Z_xdp_drop_1000000.json
1000000	10	3	skb	read-data	1	True	999993.2	0.0	1.0	2822.1	6.5898	0.8925	1.0351	-	/home/luw/XDP3/data/paired/paired_4config_ring4096_20260824/cells/20260825T055913Z_xdp_drop_1000000.json
1000000	10	4	skb	no-touch	1	True	999992.8	0.0	1.0	2822.91	6.4651	0.8954	1.035	-	/home/luw/XDP3/data/paired/paired_4config_ring4096_20260824/cells/20260825T060000Z_xdp_drop_1000000.json
10500000	10	1	native	read-data	1	True	7883265.8	0.249301	1.0	404.74	0.6414	0.4551	1.0279	-	/home/luw/XDP3/data/paired/paired_4config_ring4096_20260824/cells/20260825T060048Z_xdp_drop_10500000.json
10500000	10	2	native	no-touch	1	True	10501164.6	0.0	1.0	257.07	0.5341	0.7337	0.1211	-	/home/luw/XDP3/data/paired/paired_4config_ring4096_20260824/cells/20260825T060136Z_xdp_drop_10500000.json
10500000	10	3	skb	no-touch	1	True	1206147.8	0.885141	1.0	2647.96	4.818	0.6759	0.963	-	/home/luw/XDP3/data/paired/paired_4config_ring4096_20260824/cells/20260825T060224Z_xdp_drop_10500000.json
10500000	10	4	skb	read-data	1	True	1210585.7	0.884722	1.0	2638.19	4.2899	0.6861	0.9585	-	/home/luw/XDP3/data/paired/paired_4config_ring4096_20260824/cells/20260825T060311Z_xdp_drop_10500000.json
7500000	10	1	skb	read-data	1	True	1210680.9	0.838588	1.0	2638.01	4.2955	0.6864	0.9587	-	/home/luw/XDP3/data/paired/paired_4config_ring4096_20260824/cells/20260825T060359Z_xdp_drop_7500000.json
7500000	10	2	native	no-touch	1	True	7500519.4	0.0	1.0	310.32	0.5484	0.6997	0.1297	-	/home/luw/XDP3/data/paired/paired_4config_ring4096_20260824/cells/20260825T060446Z_xdp_drop_7500000.json
7500000	10	3	native	read-data	1	True	7500559.9	0.0	1.0	420.92	0.3133	0.849	1.0258	-	/home/luw/XDP3/data/paired/paired_4config_ring4096_20260824/cells/20260825T060534Z_xdp_drop_7500000.json
7500000	10	4	skb	no-touch	1	True	1212391.8	0.83836	1.0	2634.29	4.3233	0.668	0.9269	-	/home/luw/XDP3/data/paired/paired_4config_ring4096_20260824/cells/20260825T060622Z_xdp_drop_7500000.json
750000	10	1	skb	no-touch	1	True	750001.0	0.0	1.0	2905.27	7.1994	0.7644	0.9015	-	/home/luw/XDP3/data/paired/paired_4config_ring4096_20260824/cells/20260825T060710Z_xdp_drop_750000.json
750000	10	2	native	read-data	1	True	750002.9	0.0	1.0	575.1	0.5242	0.7663	1.0393	-	/home/luw/XDP3/data/paired/paired_4config_ring4096_20260824/cells/20260825T060757Z_xdp_drop_750000.json
750000	10	3	native	no-touch	1	True	750000.1	0.0	1.0	417.96	0.5063	0.7498	0.1329	-	/home/luw/XDP3/data/paired/paired_4config_ring4096_20260824/cells/20260825T060845Z_xdp_drop_750000.json
750000	10	4	skb	read-data	1	True	750001.9	0.0	1.0	2921.13	6.9574	0.9204	1.0596	-	/home/luw/XDP3/data/paired/paired_4config_ring4096_20260824/cells/20260825T060933Z_xdp_drop_750000.json
12500000	10	1	native	no-touch	1	True	12499030.9	0.0	1.0	247.15	0.4194	0.8228	0.1239	-	/home/luw/XDP3/data/paired/paired_4config_ring4096_20260824/cells/20260825T061020Z_xdp_drop_12500000.json
12500000	10	2	native	read-data	1	True	7900402.5	0.36792	1.0	403.76	0.6297	0.4707	1.0225	-	/home/luw/XDP3/data/paired/paired_4config_ring4096_20260824/cells/20260825T061108Z_xdp_drop_12500000.json
12500000	10	3	skb	read-data	1	True	1209325.4	0.903248	1.0	2641.01	5.0122	0.7171	1.0228	-	/home/luw/XDP3/data/paired/paired_4config_ring4096_20260824/cells/20260825T061156Z_xdp_drop_12500000.json
12500000	10	4	skb	no-touch	1	True	1209095.6	0.903269	1.0	2641.46	5.0489	0.7138	1.0137	-	/home/luw/XDP3/data/paired/paired_4config_ring4096_20260824/cells/20260825T061244Z_xdp_drop_12500000.json
