rate	block	order	mode	variant	instrumented	valid	accepted_pps	loss	conservation	cycles_per_pkt	l2_fills_per_pkt	ccx_fills_per_pkt	dram_fills_per_pkt	invalid_reasons	file
14880952	1	1	skb	read-data	1	True	1241295.0	0.91463	1.0	2572.8	4.5832	1.1473	0.0633	-	/home/luw/XDP3/data/paired/paired_4config_ring512_20260823/cells/20260823T143106Z_xdp_drop_14880952.json
14880952	1	2	native	no-touch	1	True	14275851.6	0.038508	1.0	223.7	0.8042	0.0749	0.0	-	/home/luw/XDP3/data/paired/paired_4config_ring512_20260823/cells/20260823T143155Z_xdp_drop_14880952.json
14880952	1	3	native	read-data	1	True	11334584.2	0.234544	1.0	281.7	0.3091	0.0849	0.2787	-	/home/luw/XDP3/data/paired/paired_4config_ring512_20260823/cells/20260823T143243Z_xdp_drop_14880952.json
14880952	1	4	skb	no-touch	1	True	1247675.0	0.915578	1.0	2559.55	4.8499	0.3137	0.0656	-	/home/luw/XDP3/data/paired/paired_4config_ring512_20260823/cells/20260823T143331Z_xdp_drop_14880952.json
14880952	1	1	native	no-touch	0	True	14227090.2	0.042573	1.0	0.0	0.0	0.0	0.0	-	/home/luw/XDP3/data/paired/paired_4config_ring512_20260823/cells/20260823T143419Z_xdp_drop_14880952.json
14880952	1	2	skb	read-data	0	True	1247487.5	0.915334	1.0	0.0	0.0	0.0	0.0	-	/home/luw/XDP3/data/paired/paired_4config_ring512_20260823/cells/20260823T143507Z_xdp_drop_14880952.json
14880952	1	3	native	read-data	0	True	11260208.1	0.24181	1.0	0.0	0.0	0.0	0.0	-	/home/luw/XDP3/data/paired/paired_4config_ring512_20260823/cells/20260823T143555Z_xdp_drop_14880952.json
14880952	1	4	skb	no-touch	0	True	1249841.6	0.915895	1.0	0.0	0.0	0.0	0.0	-	/home/luw/XDP3/data/paired/paired_4config_ring512_20260823/cells/20260823T143643Z_xdp_drop_14880952.json
1000000	1	1	skb	read-data	1	True	999997.0	0.0	1.0	2771.48	7.7149	0.3312	0.0327	-	/home/luw/XDP3/data/paired/paired_4config_ring512_20260823/cells/20260823T143731Z_xdp_drop_1000000.json
1000000	1	2	skb	no-touch	1	True	1000002.5	0.0	1.0	2771.87	7.4068	0.3263	0.0333	-	/home/luw/XDP3/data/paired/paired_4config_ring512_20260823/cells/20260823T143818Z_xdp_drop_1000000.json
1000000	1	3	native	no-touch	1	True	1000005.8	0.0	1.0	411.57	0.4109	0.062	0.0189	-	/home/luw/XDP3/data/paired/paired_4config_ring512_20260823/cells/20260823T143906Z_xdp_drop_1000000.json
1000000	1	4	native	read-data	1	True	1000002.0	0.0	1.0	455.19	0.4673	0.0636	0.2373	-	/home/luw/XDP3/data/paired/paired_4config_ring512_20260823/cells/20260823T143954Z_xdp_drop_1000000.json
7500000	1	1	skb	read-data	1	True	1244062.7	0.834125	1.0	2567.06	5.9738	0.4559	0.0653	-	/home/luw/XDP3/data/paired/paired_4config_ring512_20260823/cells/20260823T144042Z_xdp_drop_7500000.json
7500000	1	2	native	read-data	1	True	7497740.9	0.0	1.0	341.14	0.4677	0.0661	0.2175	-	/home/luw/XDP3/data/paired/paired_4config_ring512_20260823/cells/20260823T144130Z_xdp_drop_7500000.json
7500000	1	3	native	no-touch	1	True	7500015.5	0.0	1.0	317.52	0.3887	0.0663	0.0102	-	/home/luw/XDP3/data/paired/paired_4config_ring512_20260823/cells/20260823T144217Z_xdp_drop_7500000.json
7500000	1	4	skb	no-touch	1	True	1248095.7	0.833591	1.0	2558.71	5.9939	0.325	0.0649	-	/home/luw/XDP3/data/paired/paired_4config_ring512_20260823/cells/20260823T144306Z_xdp_drop_7500000.json
14500000	1	1	native	no-touch	1	True	14302408.2	0.01363	1.0	223.29	0.3596	0.0413	0.0	-	/home/luw/XDP3/data/paired/paired_4config_ring512_20260823/cells/20260823T144353Z_xdp_drop_14500000.json
14500000	1	2	skb	read-data	1	True	1249273.6	0.913845	1.0	2555.96	5.8277	0.2927	0.0664	-	/home/luw/XDP3/data/paired/paired_4config_ring512_20260823/cells/20260823T144441Z_xdp_drop_14500000.json
14500000	1	3	native	read-data	1	True	11638567.0	0.19732	1.0	274.27	0.2617	0.0602	0.2236	-	/home/luw/XDP3/data/paired/paired_4config_ring512_20260823/cells/20260823T144529Z_xdp_drop_14500000.json
14500000	1	4	skb	no-touch	1	True	1246195.5	0.914058	1.0	2562.45	5.8098	0.8264	0.0638	-	/home/luw/XDP3/data/paired/paired_4config_ring512_20260823/cells/20260823T144617Z_xdp_drop_14500000.json
5000000	1	1	skb	read-data	1	True	1241039.2	0.751796	1.0	2573.15	5.9514	0.8368	0.0641	-	/home/luw/XDP3/data/paired/paired_4config_ring512_20260823/cells/20260823T144704Z_xdp_drop_5000000.json
5000000	1	2	skb	no-touch	1	True	1246490.7	0.750703	1.0	2561.9	5.6589	0.7895	0.0636	-	/home/luw/XDP3/data/paired/paired_4config_ring512_20260823/cells/20260823T144752Z_xdp_drop_5000000.json
5000000	1	3	native	read-data	1	True	4999993.5	0.0	1.0	453.56	0.7592	0.09	0.5615	-	/home/luw/XDP3/data/paired/paired_4config_ring512_20260823/cells/20260823T144840Z_xdp_drop_5000000.json
5000000	1	4	native	no-touch	1	True	4999927.0	0.0	1.0	390.91	0.3965	0.0908	0.0163	-	/home/luw/XDP3/data/paired/paired_4config_ring512_20260823/cells/20260823T144927Z_xdp_drop_5000000.json
11000000	1	1	skb	no-touch	1	True	1246267.5	0.886707	1.0	2562.57	5.907	0.7238	0.0641	-	/home/luw/XDP3/data/paired/paired_4config_ring512_20260823/cells/20260823T145015Z_xdp_drop_11000000.json
11000000	1	2	skb	read-data	1	True	1244637.0	0.886855	1.0	2565.71	5.8993	0.7207	0.0642	-	/home/luw/XDP3/data/paired/paired_4config_ring512_20260823/cells/20260823T145103Z_xdp_drop_11000000.json
11000000	1	3	native	read-data	1	True	9238509.4	0.16014	1.0	345.29	0.691	0.0435	0.6609	-	/home/luw/XDP3/data/paired/paired_4config_ring512_20260823/cells/20260823T145150Z_xdp_drop_11000000.json
11000000	1	4	native	no-touch	1	True	10999740.9	0.0	1.0	253.76	0.6028	0.0575	0.0038	-	/home/luw/XDP3/data/paired/paired_4config_ring512_20260823/cells/20260823T145238Z_xdp_drop_11000000.json
11500000	1	1	native	read-data	1	True	11499993.1	0.0	1.0	275.95	0.2931	0.0707	0.2054	-	/home/luw/XDP3/data/paired/paired_4config_ring512_20260823/cells/20260823T145326Z_xdp_drop_11500000.json
11500000	1	2	skb	read-data	1	True	1247102.3	0.89156	1.0	2560.66	6.1292	0.2868	0.0647	-	/home/luw/XDP3/data/paired/paired_4config_ring512_20260823/cells/20260823T145414Z_xdp_drop_11500000.json
11500000	1	3	skb	no-touch	1	True	1252616.4	0.891078	1.0	2549.54	6.4396	0.2492	0.063	-	/home/luw/XDP3/data/paired/paired_4config_ring512_20260823/cells/20260823T145502Z_xdp_drop_11500000.json
11500000	1	4	native	no-touch	1	True	11500016.9	0.0	1.0	251.19	0.3673	0.0585	0.0036	-	/home/luw/XDP3/data/paired/paired_4config_ring512_20260823/cells/20260823T145549Z_xdp_drop_11500000.json
10500000	1	1	skb	read-data	1	True	1248598.9	0.881088	1.0	2557.73	6.7961	0.2949	0.0642	-	/home/luw/XDP3/data/paired/paired_4config_ring512_20260823/cells/20260823T145637Z_xdp_drop_10500000.json
10500000	1	2	native	no-touch	1	True	10500035.7	0.0	1.0	258.31	0.3802	0.0778	0.0044	-	/home/luw/XDP3/data/paired/paired_4config_ring512_20260823/cells/20260823T145725Z_xdp_drop_10500000.json
10500000	1	3	native	read-data	1	True	9006012.0	0.142287	1.0	354.15	0.8031	0.0738	0.7475	-	/home/luw/XDP3/data/paired/paired_4config_ring512_20260823/cells/20260823T145813Z_xdp_drop_10500000.json
10500000	1	4	skb	no-touch	1	True	1245644.6	0.881371	1.0	2563.81	6.0433	0.3289	0.0642	-	/home/luw/XDP3/data/paired/paired_4config_ring512_20260823/cells/20260823T145900Z_xdp_drop_10500000.json
2000000	1	1	skb	read-data	1	True	1241322.6	0.379342	1.0	2572.52	5.7408	0.3023	0.0633	-	/home/luw/XDP3/data/paired/paired_4config_ring512_20260823/cells/20260823T145948Z_xdp_drop_2000000.json
2000000	1	2	native	no-touch	1	True	2000003.0	0.0	1.0	419.32	0.3973	0.075	0.0196	-	/home/luw/XDP3/data/paired/paired_4config_ring512_20260823/cells/20260823T150036Z_xdp_drop_2000000.json
2000000	1	3	native	read-data	1	True	2000012.9	0.0	1.0	502.9	0.7216	0.0662	0.4834	-	/home/luw/XDP3/data/paired/paired_4config_ring512_20260823/cells/20260823T150124Z_xdp_drop_2000000.json
2000000	1	4	skb	no-touch	1	True	1246068.7	0.376968	1.0	2562.95	5.606	0.2998	0.0652	-	/home/luw/XDP3/data/paired/paired_4config_ring512_20260823/cells/20260823T150212Z_xdp_drop_2000000.json
4500000	1	1	skb	read-data	1	True	1244917.8	0.723356	1.0	2565.32	5.7302	0.3145	0.0644	-	/home/luw/XDP3/data/paired/paired_4config_ring512_20260823/cells/20260823T150259Z_xdp_drop_4500000.json
4500000	1	2	skb	no-touch	1	True	1244843.5	0.723373	1.0	2565.43	5.7275	0.3318	0.0659	-	/home/luw/XDP3/data/paired/paired_4config_ring512_20260823/cells/20260823T150347Z_xdp_drop_4500000.json
4500000	1	3	native	read-data	1	True	4500012.1	0.0	1.0	439.19	0.4861	0.0988	0.2438	-	/home/luw/XDP3/data/paired/paired_4config_ring512_20260823/cells/20260823T150434Z_xdp_drop_4500000.json
4500000	1	4	native	no-touch	1	True	4500016.9	0.0	1.0	405.18	0.3935	0.0695	0.0157	-	/home/luw/XDP3/data/paired/paired_4config_ring512_20260823/cells/20260823T150522Z_xdp_drop_4500000.json
750000	1	1	native	no-touch	1	True	750000.0	0.0	1.0	412.43	0.3778	0.0729	0.0188	-	/home/luw/XDP3/data/paired/paired_4config_ring512_20260823/cells/20260823T150610Z_xdp_drop_750000.json
750000	1	2	skb	no-touch	1	True	749999.3	0.0	1.0	2848.14	7.9047	0.7872	0.0293	-	/home/luw/XDP3/data/paired/paired_4config_ring512_20260823/cells/20260823T150658Z_xdp_drop_750000.json
750000	1	3	skb	read-data	1	True	750004.4	0.0	1.0	2856.23	7.8692	0.802	0.0296	-	/home/luw/XDP3/data/paired/paired_4config_ring512_20260823/cells/20260823T150745Z_xdp_drop_750000.json
750000	1	4	native	read-data	1	True	750000.9	0.0	1.0	511.15	0.7865	0.095	0.6094	-	/home/luw/XDP3/data/paired/paired_4config_ring512_20260823/cells/20260823T150833Z_xdp_drop_750000.json
9500000	1	1	native	read-data	1	True	9500057.5	0.0	1.0	300.48	0.41	0.0863	0.2048	-	/home/luw/XDP3/data/paired/paired_4config_ring512_20260823/cells/20260823T150921Z_xdp_drop_9500000.json
9500000	1	2	skb	no-touch	1	True	1248170.2	0.868619	1.0	2558.42	6.3946	0.3247	0.0652	-	/home/luw/XDP3/data/paired/paired_4config_ring512_20260823/cells/20260823T151009Z_xdp_drop_9500000.json
9500000	1	3	skb	read-data	1	True	1242549.4	0.869209	1.0	2570.17	5.9898	0.4124	0.0642	-	/home/luw/XDP3/data/paired/paired_4config_ring512_20260823/cells/20260823T151056Z_xdp_drop_9500000.json
9500000	1	4	native	no-touch	1	True	9500028.5	0.0	1.0	268.93	0.3985	0.073	0.0053	-	/home/luw/XDP3/data/paired/paired_4config_ring512_20260823/cells/20260823T151144Z_xdp_drop_9500000.json
6000000	1	1	skb	no-touch	1	True	1240975.5	0.793174	1.0	2573.43	6.2472	1.1256	0.0637	-	/home/luw/XDP3/data/paired/paired_4config_ring512_20260823/cells/20260823T151232Z_xdp_drop_6000000.json
6000000	1	2	native	no-touch	1	True	5999978.9	0.0	1.0	352.14	1.1689	0.0818	0.0128	-	/home/luw/XDP3/data/paired/paired_4config_ring512_20260823/cells/20260823T151319Z_xdp_drop_6000000.json
6000000	1	3	native	read-data	1	True	6000023.4	0.0	1.0	380.43	0.4373	0.0769	0.2234	-	/home/luw/XDP3/data/paired/paired_4config_ring512_20260823/cells/20260823T151407Z_xdp_drop_6000000.json
6000000	1	4	skb	read-data	1	True	1246465.9	0.792256	1.0	2561.99	6.2548	0.4056	0.064	-	/home/luw/XDP3/data/paired/paired_4config_ring512_20260823/cells/20260823T151455Z_xdp_drop_6000000.json
6500000	1	1	native	no-touch	1	True	6499975.8	0.0	1.0	336.44	0.5534	0.0734	0.0124	-	/home/luw/XDP3/data/paired/paired_4config_ring512_20260823/cells/20260823T151543Z_xdp_drop_6500000.json
6500000	1	2	skb	no-touch	1	True	1247291.3	0.808109	1.0	2560.05	5.6864	0.52	0.064	-	/home/luw/XDP3/data/paired/paired_4config_ring512_20260823/cells/20260823T151631Z_xdp_drop_6500000.json
6500000	1	3	native	read-data	1	True	6499989.7	0.0	1.0	382.89	0.6466	0.0952	0.4154	-	/home/luw/XDP3/data/paired/paired_4config_ring512_20260823/cells/20260823T151718Z_xdp_drop_6500000.json
6500000	1	4	skb	read-data	1	True	1244041.7	0.808608	1.0	2567.14	6.1658	0.7102	0.0637	-	/home/luw/XDP3/data/paired/paired_4config_ring512_20260823/cells/20260823T151806Z_xdp_drop_6500000.json
14000000	1	1	skb	read-data	1	True	1239212.9	0.911482	1.0	2577.05	6.1776	0.6977	0.064	-	/home/luw/XDP3/data/paired/paired_4config_ring512_20260823/cells/20260823T151854Z_xdp_drop_14000000.json
14000000	1	2	skb	no-touch	1	True	1245123.9	0.911059	1.0	2564.8	5.8517	0.6684	0.0639	-	/home/luw/XDP3/data/paired/paired_4config_ring512_20260823/cells/20260823T151941Z_xdp_drop_14000000.json
14000000	1	3	native	read-data	1	True	10363361.8	0.25976	1.0	308.11	0.4542	0.0596	0.4322	-	/home/luw/XDP3/data/paired/paired_4config_ring512_20260823/cells/20260823T152029Z_xdp_drop_14000000.json
14000000	1	4	native	no-touch	1	True	13999984.8	0.0	1.0	227.44	0.8713	0.05	0.0001	-	/home/luw/XDP3/data/paired/paired_4config_ring512_20260823/cells/20260823T152117Z_xdp_drop_14000000.json
14000000	1	1	native	no-touch	0	True	13999995.8	0.0	1.0	0.0	0.0	0.0	0.0	-	/home/luw/XDP3/data/paired/paired_4config_ring512_20260823/cells/20260823T152205Z_xdp_drop_14000000.json
14000000	1	2	native	read-data	0	True	8257406.1	0.410185	1.0	0.0	0.0	0.0	0.0	-	/home/luw/XDP3/data/paired/paired_4config_ring512_20260823/cells/20260823T152252Z_xdp_drop_14000000.json
14000000	1	3	skb	no-touch	0	True	1250093.3	0.910709	1.0	0.0	0.0	0.0	0.0	-	/home/luw/XDP3/data/paired/paired_4config_ring512_20260823/cells/20260823T152340Z_xdp_drop_14000000.json
14000000	1	4	skb	read-data	0	True	1247985.1	0.910862	1.0	0.0	0.0	0.0	0.0	-	/home/luw/XDP3/data/paired/paired_4config_ring512_20260823/cells/20260823T152428Z_xdp_drop_14000000.json
12500000	1	1	native	read-data	1	True	11752415.5	0.05981	1.0	271.71	0.2595	0.0627	0.2155	-	/home/luw/XDP3/data/paired/paired_4config_ring512_20260823/cells/20260823T152515Z_xdp_drop_12500000.json
12500000	1	2	skb	no-touch	1	True	1245767.8	0.900342	1.0	2563.52	6.2549	0.3121	0.0646	-	/home/luw/XDP3/data/paired/paired_4config_ring512_20260823/cells/20260823T152603Z_xdp_drop_12500000.json
12500000	1	3	skb	read-data	1	True	1245857.5	0.900333	1.0	2563.44	6.1353	0.2781	0.0647	-	/home/luw/XDP3/data/paired/paired_4config_ring512_20260823/cells/20260823T152651Z_xdp_drop_12500000.json
12500000	1	4	native	no-touch	1	True	12499924.7	0.0	1.0	246.07	0.4339	0.0577	0.0011	-	/home/luw/XDP3/data/paired/paired_4config_ring512_20260823/cells/20260823T152739Z_xdp_drop_12500000.json
3500000	1	1	skb	read-data	1	True	1242109.1	0.645106	1.0	2571.15	6.6753	1.1822	0.0634	-	/home/luw/XDP3/data/paired/paired_4config_ring512_20260823/cells/20260823T152827Z_xdp_drop_3500000.json
3500000	1	2	skb	no-touch	1	True	1244380.9	0.644467	1.0	2566.48	5.5493	1.1545	0.0635	-	/home/luw/XDP3/data/paired/paired_4config_ring512_20260823/cells/20260823T152914Z_xdp_drop_3500000.json
3500000	1	3	native	read-data	1	True	3500014.4	0.0	1.0	556.32	1.1155	0.1032	0.8718	-	/home/luw/XDP3/data/paired/paired_4config_ring512_20260823/cells/20260823T153002Z_xdp_drop_3500000.json
3500000	1	4	native	no-touch	1	True	3500003.6	0.0	1.0	419.79	0.5513	0.0604	0.0192	-	/home/luw/XDP3/data/paired/paired_4config_ring512_20260823/cells/20260823T153050Z_xdp_drop_3500000.json
8500000	1	1	native	read-data	1	True	8499820.0	0.0	1.0	331.13	0.5953	0.0935	0.4125	-	/home/luw/XDP3/data/paired/paired_4config_ring512_20260823/cells/20260823T153137Z_xdp_drop_8500000.json
8500000	1	2	skb	read-data	1	True	1244606.2	0.85358	1.0	2565.94	5.9676	0.3294	0.0648	-	/home/luw/XDP3/data/paired/paired_4config_ring512_20260823/cells/20260823T153225Z_xdp_drop_8500000.json
8500000	1	3	native	no-touch	1	True	8500044.3	0.0	1.0	287.22	1.1949	0.0829	0.0079	-	/home/luw/XDP3/data/paired/paired_4config_ring512_20260823/cells/20260823T153313Z_xdp_drop_8500000.json
8500000	1	4	skb	no-touch	1	True	1241484.9	0.853946	1.0	2572.54	5.8147	1.073	0.0635	-	/home/luw/XDP3/data/paired/paired_4config_ring512_20260823/cells/20260823T153401Z_xdp_drop_8500000.json
500000	1	1	native	read-data	1	True	500000.5	0.0	1.0	522.37	0.9633	0.1202	0.7887	-	/home/luw/XDP3/data/paired/paired_4config_ring512_20260823/cells/20260823T153448Z_xdp_drop_500000.json
500000	1	2	native	no-touch	1	True	499999.0	0.0	1.0	388.28	0.5286	0.085	0.0164	-	/home/luw/XDP3/data/paired/paired_4config_ring512_20260823/cells/20260823T153536Z_xdp_drop_500000.json
500000	1	3	skb	no-touch	1	True	500001.0	0.0	1.0	2808.54	7.7811	0.8829	0.0274	-	/home/luw/XDP3/data/paired/paired_4config_ring512_20260823/cells/20260823T153624Z_xdp_drop_500000.json
500000	1	4	skb	read-data	1	True	500000.3	0.0	1.0	2808.42	7.8934	0.8888	0.0274	-	/home/luw/XDP3/data/paired/paired_4config_ring512_20260823/cells/20260823T153711Z_xdp_drop_500000.json
250000	1	1	native	no-touch	1	True	250001.2	0.0	1.0	523.93	0.9548	0.0828	0.0311	-	/home/luw/XDP3/data/paired/paired_4config_ring512_20260823/cells/20260823T153759Z_xdp_drop_250000.json
250000	1	2	skb	no-touch	1	True	250001.3	0.0	1.0	2859.51	8.6704	0.5303	0.0332	-	/home/luw/XDP3/data/paired/paired_4config_ring512_20260823/cells/20260823T153847Z_xdp_drop_250000.json
250000	1	3	native	read-data	1	True	249999.6	0.0	1.0	615.81	0.848	0.0941	0.6018	-	/home/luw/XDP3/data/paired/paired_4config_ring512_20260823/cells/20260823T153935Z_xdp_drop_250000.json
250000	1	4	skb	read-data	1	True	250000.8	0.0	1.0	2869.9	8.3134	0.3549	0.0332	-	/home/luw/XDP3/data/paired/paired_4config_ring512_20260823/cells/20260823T154023Z_xdp_drop_250000.json
12000000	1	1	native	read-data	1	True	11275955.0	0.060338	1.0	283.19	0.317	0.0581	0.2911	-	/home/luw/XDP3/data/paired/paired_4config_ring512_20260823/cells/20260823T154110Z_xdp_drop_12000000.json
12000000	1	2	skb	read-data	1	True	1243477.5	0.896362	1.0	2568.29	5.9082	1.2048	0.0632	-	/home/luw/XDP3/data/paired/paired_4config_ring512_20260823/cells/20260823T154158Z_xdp_drop_12000000.json
12000000	1	3	skb	no-touch	1	True	1246555.2	0.896122	1.0	2561.94	6.3783	1.1697	0.0632	-	/home/luw/XDP3/data/paired/paired_4config_ring512_20260823/cells/20260823T154246Z_xdp_drop_12000000.json
12000000	1	4	native	no-touch	1	True	12000002.6	0.0	1.0	247.72	1.1279	0.0494	0.0022	-	/home/luw/XDP3/data/paired/paired_4config_ring512_20260823/cells/20260823T154333Z_xdp_drop_12000000.json
3000000	1	1	native	read-data	1	True	3000004.3	0.0	1.0	508.63	0.6827	0.0911	0.4612	-	/home/luw/XDP3/data/paired/paired_4config_ring512_20260823/cells/20260823T154421Z_xdp_drop_3000000.json
3000000	1	2	native	no-touch	1	True	3000005.2	0.0	1.0	430.03	0.5408	0.067	0.0206	-	/home/luw/XDP3/data/paired/paired_4config_ring512_20260823/cells/20260823T154509Z_xdp_drop_3000000.json
3000000	1	3	skb	read-data	1	True	1246287.6	0.584576	1.0	2562.62	6.6452	0.3868	0.0643	-	/home/luw/XDP3/data/paired/paired_4config_ring512_20260823/cells/20260823T154557Z_xdp_drop_3000000.json
3000000	1	4	skb	no-touch	1	True	1246886.7	0.584372	1.0	2561.3	6.1338	0.42	0.0641	-	/home/luw/XDP3/data/paired/paired_4config_ring512_20260823/cells/20260823T154644Z_xdp_drop_3000000.json
1500000	1	1	native	read-data	1	True	1500006.0	0.0	1.0	547.03	0.9323	0.0853	0.7434	-	/home/luw/XDP3/data/paired/paired_4config_ring512_20260823/cells/20260823T154732Z_xdp_drop_1500000.json
1500000	1	2	skb	no-touch	1	True	1241149.1	0.172569	1.0	2573.06	6.6485	0.9727	0.0637	-	/home/luw/XDP3/data/paired/paired_4config_ring512_20260823/cells/20260823T154820Z_xdp_drop_1500000.json
1500000	1	3	skb	read-data	1	True	1243148.3	0.171236	1.0	2569.04	5.7209	0.9275	0.0643	-	/home/luw/XDP3/data/paired/paired_4config_ring512_20260823/cells/20260823T154907Z_xdp_drop_1500000.json
1500000	1	4	native	no-touch	1	True	1500003.1	0.0	1.0	426.3	1.0728	0.0649	0.0198	-	/home/luw/XDP3/data/paired/paired_4config_ring512_20260823/cells/20260823T154955Z_xdp_drop_1500000.json
9000000	1	1	skb	no-touch	1	True	1245200.0	0.861648	1.0	2564.68	5.8615	0.3087	0.0651	-	/home/luw/XDP3/data/paired/paired_4config_ring512_20260823/cells/20260823T155043Z_xdp_drop_9000000.json
9000000	1	2	skb	read-data	1	True	1242166.2	0.861984	1.0	2571.02	5.1553	0.3294	0.065	-	/home/luw/XDP3/data/paired/paired_4config_ring512_20260823/cells/20260823T155130Z_xdp_drop_9000000.json
9000000	1	3	native	read-data	1	True	8420443.3	0.064399	1.0	378.98	0.9009	0.0552	0.9001	-	/home/luw/XDP3/data/paired/paired_4config_ring512_20260823/cells/20260823T155218Z_xdp_drop_9000000.json
9000000	1	4	native	no-touch	1	True	9000017.2	0.0	1.0	277.74	1.1225	0.0616	0.0063	-	/home/luw/XDP3/data/paired/paired_4config_ring512_20260823/cells/20260823T155306Z_xdp_drop_9000000.json
4000000	1	1	skb	read-data	1	True	1241045.0	0.689742	1.0	2573.44	5.4418	0.828	0.0636	-	/home/luw/XDP3/data/paired/paired_4config_ring512_20260823/cells/20260823T155354Z_xdp_drop_4000000.json
4000000	1	2	skb	no-touch	1	True	1244866.4	0.688787	1.0	2565.48	5.0221	0.8051	0.0635	-	/home/luw/XDP3/data/paired/paired_4config_ring512_20260823/cells/20260823T155441Z_xdp_drop_4000000.json
4000000	1	3	native	no-touch	1	True	4000004.0	0.0	1.0	403.16	0.7563	0.0636	0.0176	-	/home/luw/XDP3/data/paired/paired_4config_ring512_20260823/cells/20260823T155529Z_xdp_drop_4000000.json
4000000	1	4	native	read-data	1	True	4000008.3	0.0	1.0	460.33	0.5137	0.0948	0.3433	-	/home/luw/XDP3/data/paired/paired_4config_ring512_20260823/cells/20260823T155617Z_xdp_drop_4000000.json
13500000	1	1	native	no-touch	1	True	13500008.4	0.0	1.0	233.77	0.4737	0.0697	0.0004	-	/home/luw/XDP3/data/paired/paired_4config_ring512_20260823/cells/20260823T155705Z_xdp_drop_13500000.json
13500000	1	2	skb	read-data	1	True	1247520.3	0.907596	1.0	2559.84	5.0222	0.2885	0.0651	-	/home/luw/XDP3/data/paired/paired_4config_ring512_20260823/cells/20260823T155752Z_xdp_drop_13500000.json
13500000	1	3	skb	no-touch	1	True	1249875.9	0.907418	1.0	2554.87	4.959	0.3072	0.0652	-	/home/luw/XDP3/data/paired/paired_4config_ring512_20260823/cells/20260823T155840Z_xdp_drop_13500000.json
13500000	1	4	native	read-data	1	True	11809543.6	0.125224	1.0	270.38	0.2548	0.0654	0.2194	-	/home/luw/XDP3/data/paired/paired_4config_ring512_20260823/cells/20260823T155928Z_xdp_drop_13500000.json
13000000	1	1	native	no-touch	1	True	12999989.4	0.0	1.0	238.89	0.6197	0.079	0.0008	-	/home/luw/XDP3/data/paired/paired_4config_ring512_20260823/cells/20260823T160015Z_xdp_drop_13000000.json
13000000	1	2	native	read-data	1	True	9113546.9	0.298951	1.0	350.31	0.7324	0.0865	0.7125	-	/home/luw/XDP3/data/paired/paired_4config_ring512_20260823/cells/20260823T160103Z_xdp_drop_13000000.json
13000000	1	3	skb	read-data	1	True	1246740.2	0.90373	1.0	2561.76	5.2511	0.504	0.0643	-	/home/luw/XDP3/data/paired/paired_4config_ring512_20260823/cells/20260823T160151Z_xdp_drop_13000000.json
13000000	1	4	skb	no-touch	1	True	1247846.6	0.903957	1.0	2559.46	5.5736	0.469	0.0641	-	/home/luw/XDP3/data/paired/paired_4config_ring512_20260823/cells/20260823T160239Z_xdp_drop_13000000.json
2500000	1	1	skb	no-touch	1	True	1244723.7	0.502112	1.0	2565.91	5.4766	0.4704	0.0642	-	/home/luw/XDP3/data/paired/paired_4config_ring512_20260823/cells/20260823T160326Z_xdp_drop_2500000.json
2500000	1	2	native	read-data	1	True	2499998.3	0.0	1.0	500.66	0.5697	0.0617	0.3513	-	/home/luw/XDP3/data/paired/paired_4config_ring512_20260823/cells/20260823T160414Z_xdp_drop_2500000.json
2500000	1	3	native	no-touch	1	True	2500003.7	0.0	1.0	453.35	0.9586	0.0637	0.0231	-	/home/luw/XDP3/data/paired/paired_4config_ring512_20260823/cells/20260823T160502Z_xdp_drop_2500000.json
2500000	1	4	skb	read-data	1	True	1245008.1	0.502	1.0	2565.35	5.6978	0.2567	0.0648	-	/home/luw/XDP3/data/paired/paired_4config_ring512_20260823/cells/20260823T160550Z_xdp_drop_2500000.json
7000000	1	1	skb	no-touch	1	True	1247550.6	0.82178	1.0	2560.07	5.6497	0.2813	0.0647	-	/home/luw/XDP3/data/paired/paired_4config_ring512_20260823/cells/20260823T160637Z_xdp_drop_7000000.json
7000000	1	2	native	no-touch	1	True	7000022.4	0.0	1.0	322.53	0.7613	0.0776	0.0115	-	/home/luw/XDP3/data/paired/paired_4config_ring512_20260823/cells/20260823T160725Z_xdp_drop_7000000.json
7000000	1	3	native	read-data	1	True	6999963.9	0.0	1.0	398.93	1.0748	0.0987	0.8949	-	/home/luw/XDP3/data/paired/paired_4config_ring512_20260823/cells/20260823T160813Z_xdp_drop_7000000.json
7000000	1	4	skb	read-data	1	True	1244870.9	0.822163	1.0	2565.62	5.8255	1.0751	0.0634	-	/home/luw/XDP3/data/paired/paired_4config_ring512_20260823/cells/20260823T160901Z_xdp_drop_7000000.json
5500000	1	1	skb	no-touch	1	True	1243343.1	0.773941	1.0	2568.72	5.9379	1.0691	0.0637	-	/home/luw/XDP3/data/paired/paired_4config_ring512_20260823/cells/20260823T160948Z_xdp_drop_5500000.json
5500000	1	2	skb	read-data	1	True	1245519.2	0.773544	1.0	2564.23	4.943	1.052	0.0634	-	/home/luw/XDP3/data/paired/paired_4config_ring512_20260823/cells/20260823T161036Z_xdp_drop_5500000.json
5500000	1	3	native	read-data	1	True	5499971.3	0.0	1.0	440.08	0.9868	0.1008	0.7792	-	/home/luw/XDP3/data/paired/paired_4config_ring512_20260823/cells/20260823T161124Z_xdp_drop_5500000.json
5500000	1	4	native	no-touch	1	True	5500016.0	0.0	1.0	365.35	0.5848	0.0661	0.0135	-	/home/luw/XDP3/data/paired/paired_4config_ring512_20260823/cells/20260823T161211Z_xdp_drop_5500000.json
10000000	1	1	native	no-touch	1	True	10000040.9	0.0	1.0	258.56	1.0822	0.0816	0.0044	-	/home/luw/XDP3/data/paired/paired_4config_ring512_20260823/cells/20260823T161259Z_xdp_drop_10000000.json
10000000	1	2	skb	read-data	1	True	1250291.7	0.874973	1.0	2554.5	5.0917	0.2836	0.0642	-	/home/luw/XDP3/data/paired/paired_4config_ring512_20260823/cells/20260823T161347Z_xdp_drop_10000000.json
10000000	1	3	skb	no-touch	1	True	1247516.8	0.875251	1.0	2560.09	5.4048	0.2951	0.0636	-	/home/luw/XDP3/data/paired/paired_4config_ring512_20260823/cells/20260823T161435Z_xdp_drop_10000000.json
10000000	1	4	native	read-data	1	True	9896273.2	0.010367	1.0	322.54	0.5597	0.0702	0.5303	-	/home/luw/XDP3/data/paired/paired_4config_ring512_20260823/cells/20260823T161522Z_xdp_drop_10000000.json
8000000	1	1	native	read-data	1	True	8000016.9	0.0	1.0	353.46	0.806	0.0906	0.5854	-	/home/luw/XDP3/data/paired/paired_4config_ring512_20260823/cells/20260823T161610Z_xdp_drop_8000000.json
8000000	1	2	skb	no-touch	1	True	1241863.6	0.844771	1.0	2571.82	5.5643	0.5576	0.0635	-	/home/luw/XDP3/data/paired/paired_4config_ring512_20260823/cells/20260823T161658Z_xdp_drop_8000000.json
8000000	1	3	native	no-touch	1	True	7999856.0	0.0	1.0	299.01	0.6385	0.0806	0.0091	-	/home/luw/XDP3/data/paired/paired_4config_ring512_20260823/cells/20260823T161745Z_xdp_drop_8000000.json
8000000	1	4	skb	read-data	1	True	1243525.7	0.844563	1.0	2568.35	5.8874	0.2795	0.0642	-	/home/luw/XDP3/data/paired/paired_4config_ring512_20260823/cells/20260823T161833Z_xdp_drop_8000000.json
13000000	2	1	skb	no-touch	1	True	1247683.6	0.904028	1.0	2559.81	6.0683	0.2987	0.0633	-	/home/luw/XDP3/data/paired/paired_4config_ring512_20260823/cells/20260823T161921Z_xdp_drop_13000000.json
13000000	2	2	native	read-data	1	True	9816368.8	0.244896	1.0	325.13	0.5602	0.0612	0.5303	-	/home/luw/XDP3/data/paired/paired_4config_ring512_20260823/cells/20260823T162009Z_xdp_drop_13000000.json
13000000	2	3	skb	read-data	1	True	1243452.0	0.904353	1.0	2568.52	6.2774	0.2988	0.0644	-	/home/luw/XDP3/data/paired/paired_4config_ring512_20260823/cells/20260823T162057Z_xdp_drop_13000000.json
13000000	2	4	native	no-touch	1	True	12999884.3	0.0	1.0	238.3	0.4704	0.087	0.0008	-	/home/luw/XDP3/data/paired/paired_4config_ring512_20260823/cells/20260823T162144Z_xdp_drop_13000000.json
6500000	2	1	native	no-touch	1	True	6499998.7	0.0	1.0	333.21	1.0372	0.078	0.0121	-	/home/luw/XDP3/data/paired/paired_4config_ring512_20260823/cells/20260823T162232Z_xdp_drop_6500000.json
6500000	2	2	skb	read-data	1	True	1247714.1	0.808032	1.0	2559.67	6.6612	0.2908	0.0641	-	/home/luw/XDP3/data/paired/paired_4config_ring512_20260823/cells/20260823T162320Z_xdp_drop_6500000.json
6500000	2	3	skb	no-touch	1	True	1245275.4	0.808422	1.0	2564.75	6.374	0.313	0.0631	-	/home/luw/XDP3/data/paired/paired_4config_ring512_20260823/cells/20260823T162407Z_xdp_drop_6500000.json
6500000	2	4	native	read-data	1	True	6499994.9	0.0	1.0	360.23	0.4661	0.1117	0.248	-	/home/luw/XDP3/data/paired/paired_4config_ring512_20260823/cells/20260823T162455Z_xdp_drop_6500000.json
8000000	2	1	native	no-touch	1	True	8000012.5	0.0	1.0	299.92	0.4113	0.0801	0.0092	-	/home/luw/XDP3/data/paired/paired_4config_ring512_20260823/cells/20260823T162543Z_xdp_drop_8000000.json
8000000	2	2	native	read-data	1	True	8000011.7	0.0	1.0	392.49	1.0561	0.0718	0.8844	-	/home/luw/XDP3/data/paired/paired_4config_ring512_20260823/cells/20260823T162631Z_xdp_drop_8000000.json
8000000	2	3	skb	no-touch	1	True	1244365.2	0.844458	1.0	2566.61	6.6394	0.6307	0.0639	-	/home/luw/XDP3/data/paired/paired_4config_ring512_20260823/cells/20260823T162718Z_xdp_drop_8000000.json
8000000	2	4	skb	read-data	1	True	1243189.4	0.844603	1.0	2569.02	5.6279	0.5873	0.0638	-	/home/luw/XDP3/data/paired/paired_4config_ring512_20260823/cells/20260823T162806Z_xdp_drop_8000000.json
250000	2	1	native	no-touch	1	True	250000.9	0.0	1.0	522.72	0.7386	0.0867	0.0311	-	/home/luw/XDP3/data/paired/paired_4config_ring512_20260823/cells/20260823T162854Z_xdp_drop_250000.json
250000	2	2	skb	read-data	1	True	250000.4	0.0	1.0	2866.51	8.4649	0.7702	0.0326	-	/home/luw/XDP3/data/paired/paired_4config_ring512_20260823/cells/20260823T162941Z_xdp_drop_250000.json
250000	2	3	skb	no-touch	1	True	250000.1	0.0	1.0	2870.88	8.3233	0.774	0.0327	-	/home/luw/XDP3/data/paired/paired_4config_ring512_20260823/cells/20260823T163029Z_xdp_drop_250000.json
250000	2	4	native	read-data	1	True	250000.0	0.0	1.0	615.06	0.8224	0.1128	0.6063	-	/home/luw/XDP3/data/paired/paired_4config_ring512_20260823/cells/20260823T163117Z_xdp_drop_250000.json
1000000	2	1	skb	no-touch	1	True	1000001.6	0.0	1.0	2766.48	7.5708	0.3579	0.0346	-	/home/luw/XDP3/data/paired/paired_4config_ring512_20260823/cells/20260823T163205Z_xdp_drop_1000000.json
1000000	2	2	skb	read-data	1	True	1000002.7	0.0	1.0	2770.76	7.6596	0.3668	0.0345	-	/home/luw/XDP3/data/paired/paired_4config_ring512_20260823/cells/20260823T163252Z_xdp_drop_1000000.json
1000000	2	3	native	read-data	1	True	1000001.5	0.0	1.0	510.62	0.7668	0.124	0.6092	-	/home/luw/XDP3/data/paired/paired_4config_ring512_20260823/cells/20260823T163340Z_xdp_drop_1000000.json
1000000	2	4	native	no-touch	1	True	1000002.4	0.0	1.0	412.36	0.4608	0.0698	0.0188	-	/home/luw/XDP3/data/paired/paired_4config_ring512_20260823/cells/20260823T163428Z_xdp_drop_1000000.json
14500000	2	1	native	no-touch	1	True	14267379.3	0.016052	1.0	223.86	0.8556	0.0492	0.0	-	/home/luw/XDP3/data/paired/paired_4config_ring512_20260823/cells/20260823T163516Z_xdp_drop_14500000.json
14500000	2	2	native	read-data	1	True	10807738.9	0.254645	1.0	295.47	0.3755	0.0695	0.3624	-	/home/luw/XDP3/data/paired/paired_4config_ring512_20260823/cells/20260823T163603Z_xdp_drop_14500000.json
14500000	2	3	skb	no-touch	1	True	1248066.0	0.91393	1.0	2559.05	6.2692	0.285	0.0639	-	/home/luw/XDP3/data/paired/paired_4config_ring512_20260823/cells/20260823T163651Z_xdp_drop_14500000.json
14500000	2	4	skb	read-data	1	True	1247271.6	0.913966	1.0	2560.62	6.165	0.2926	0.064	-	/home/luw/XDP3/data/paired/paired_4config_ring512_20260823/cells/20260823T163739Z_xdp_drop_14500000.json
9000000	2	1	native	no-touch	1	True	8999905.6	0.0	1.0	273.51	0.4024	0.081	0.0063	-	/home/luw/XDP3/data/paired/paired_4config_ring512_20260823/cells/20260823T163826Z_xdp_drop_9000000.json
9000000	2	2	native	read-data	1	True	8539249.3	0.051197	1.0	373.82	0.869	0.0691	0.8647	-	/home/luw/XDP3/data/paired/paired_4config_ring512_20260823/cells/20260823T163914Z_xdp_drop_9000000.json
9000000	2	3	skb	no-touch	1	True	1249215.7	0.861201	1.0	2556.68	6.5089	0.3051	0.0643	-	/home/luw/XDP3/data/paired/paired_4config_ring512_20260823/cells/20260823T164002Z_xdp_drop_9000000.json
9000000	2	4	skb	read-data	1	True	1246336.3	0.861521	1.0	2562.56	6.1083	0.277	0.0643	-	/home/luw/XDP3/data/paired/paired_4config_ring512_20260823/cells/20260823T164050Z_xdp_drop_9000000.json
750000	2	1	native	no-touch	1	True	750001.1	0.0	1.0	412.01	0.4309	0.0709	0.0188	-	/home/luw/XDP3/data/paired/paired_4config_ring512_20260823/cells/20260823T164137Z_xdp_drop_750000.json
750000	2	2	skb	no-touch	1	True	750001.9	0.0	1.0	2843.55	7.8866	0.3245	0.0287	-	/home/luw/XDP3/data/paired/paired_4config_ring512_20260823/cells/20260823T164225Z_xdp_drop_750000.json
750000	2	3	skb	read-data	1	True	750003.5	0.0	1.0	2853.39	7.8666	0.3256	0.0287	-	/home/luw/XDP3/data/paired/paired_4config_ring512_20260823/cells/20260823T164313Z_xdp_drop_750000.json
750000	2	4	native	read-data	1	True	749999.5	0.0	1.0	455.75	0.4658	0.08	0.2372	-	/home/luw/XDP3/data/paired/paired_4config_ring512_20260823/cells/20260823T164400Z_xdp_drop_750000.json
5500000	2	1	native	no-touch	1	True	5499973.8	0.0	1.0	366.26	0.7046	0.0802	0.0136	-	/home/luw/XDP3/data/paired/paired_4config_ring512_20260823/cells/20260823T164448Z_xdp_drop_5500000.json
5500000	2	2	skb	read-data	1	True	1247445.7	0.773185	1.0	2560.3	5.4196	0.3158	0.0639	-	/home/luw/XDP3/data/paired/paired_4config_ring512_20260823/cells/20260823T164536Z_xdp_drop_5500000.json
5500000	2	3	skb	no-touch	1	True	1249792.8	0.772756	1.0	2555.5	5.7662	0.3232	0.064	-	/home/luw/XDP3/data/paired/paired_4config_ring512_20260823/cells/20260823T164624Z_xdp_drop_5500000.json
5500000	2	4	native	read-data	1	True	5499992.4	0.0	1.0	392.29	0.4803	0.1151	0.2467	-	/home/luw/XDP3/data/paired/paired_4config_ring512_20260823/cells/20260823T164711Z_xdp_drop_5500000.json
7000000	2	1	native	read-data	1	True	6999954.4	0.0	1.0	347.04	0.4682	0.0937	0.2242	-	/home/luw/XDP3/data/paired/paired_4config_ring512_20260823/cells/20260823T164759Z_xdp_drop_7000000.json
7000000	2	2	skb	read-data	1	True	1243917.1	0.8223	1.0	2567.56	5.9913	0.2909	0.0639	-	/home/luw/XDP3/data/paired/paired_4config_ring512_20260823/cells/20260823T164847Z_xdp_drop_7000000.json
7000000	2	3	native	no-touch	1	True	6999955.2	0.0	1.0	321.45	0.4012	0.0817	0.0113	-	/home/luw/XDP3/data/paired/paired_4config_ring512_20260823/cells/20260823T164935Z_xdp_drop_7000000.json
7000000	2	4	skb	no-touch	1	True	1249768.3	0.821464	1.0	2555.51	6.6421	0.3032	0.0639	-	/home/luw/XDP3/data/paired/paired_4config_ring512_20260823/cells/20260823T165023Z_xdp_drop_7000000.json
9500000	2	1	skb	read-data	1	True	1242827.1	0.869176	1.0	2569.79	6.2016	0.3432	0.0643	-	/home/luw/XDP3/data/paired/paired_4config_ring512_20260823/cells/20260823T165110Z_xdp_drop_9500000.json
9500000	2	2	native	read-data	1	True	9500033.2	0.0	1.0	296.73	0.4156	0.0845	0.2229	-	/home/luw/XDP3/data/paired/paired_4config_ring512_20260823/cells/20260823T165158Z_xdp_drop_9500000.json
9500000	2	3	skb	no-touch	1	True	1245999.8	0.868847	1.0	2563.24	6.6397	0.3142	0.0642	-	/home/luw/XDP3/data/paired/paired_4config_ring512_20260823/cells/20260823T165246Z_xdp_drop_9500000.json
9500000	2	4	native	no-touch	1	True	9499942.0	0.0	1.0	265.32	0.3797	0.0809	0.0051	-	/home/luw/XDP3/data/paired/paired_4config_ring512_20260823/cells/20260823T165333Z_xdp_drop_9500000.json
11000000	2	1	native	read-data	1	True	10999834.2	0.0	1.0	281.27	0.4441	0.0805	0.1881	-	/home/luw/XDP3/data/paired/paired_4config_ring512_20260823/cells/20260823T165421Z_xdp_drop_11000000.json
11000000	2	2	skb	no-touch	1	True	1246504.0	0.886684	1.0	2562.22	6.3601	0.2975	0.0641	-	/home/luw/XDP3/data/paired/paired_4config_ring512_20260823/cells/20260823T165509Z_xdp_drop_11000000.json
11000000	2	3	native	no-touch	1	True	10999949.7	0.0	1.0	252.27	0.4088	0.0653	0.0036	-	/home/luw/XDP3/data/paired/paired_4config_ring512_20260823/cells/20260823T165556Z_xdp_drop_11000000.json
11000000	2	4	skb	read-data	1	True	1242803.9	0.88702	1.0	2569.86	5.7414	0.947	0.0635	-	/home/luw/XDP3/data/paired/paired_4config_ring512_20260823/cells/20260823T165644Z_xdp_drop_11000000.json
6000000	2	1	skb	no-touch	1	True	1248927.1	0.79185	1.0	2557.25	5.3603	0.9113	0.0634	-	/home/luw/XDP3/data/paired/paired_4config_ring512_20260823/cells/20260823T165732Z_xdp_drop_6000000.json
6000000	2	2	native	no-touch	1	True	6000007.4	0.0	1.0	338.53	0.9133	0.0716	0.0122	-	/home/luw/XDP3/data/paired/paired_4config_ring512_20260823/cells/20260823T165819Z_xdp_drop_6000000.json
6000000	2	3	native	read-data	1	True	6000021.8	0.0	1.0	412.31	0.9286	0.1043	0.7153	-	/home/luw/XDP3/data/paired/paired_4config_ring512_20260823/cells/20260823T165907Z_xdp_drop_6000000.json
6000000	2	4	skb	read-data	1	True	1246090.0	0.792319	1.0	2563.11	5.7657	0.2915	0.0651	-	/home/luw/XDP3/data/paired/paired_4config_ring512_20260823/cells/20260823T165955Z_xdp_drop_6000000.json
4000000	2	1	native	read-data	1	True	4000011.8	0.0	1.0	475.35	0.923	0.0873	0.6784	-	/home/luw/XDP3/data/paired/paired_4config_ring512_20260823/cells/20260823T170043Z_xdp_drop_4000000.json
4000000	2	2	skb	no-touch	1	True	1247466.8	0.688135	1.0	2560.17	5.3952	0.5433	0.0638	-	/home/luw/XDP3/data/paired/paired_4config_ring512_20260823/cells/20260823T170131Z_xdp_drop_4000000.json
4000000	2	3	skb	read-data	1	True	1242737.6	0.689318	1.0	2569.99	5.3087	0.5422	0.0643	-	/home/luw/XDP3/data/paired/paired_4config_ring512_20260823/cells/20260823T170218Z_xdp_drop_4000000.json
4000000	2	4	native	no-touch	1	True	4000007.1	0.0	1.0	374.96	0.4864	0.0698	0.0176	-	/home/luw/XDP3/data/paired/paired_4config_ring512_20260823/cells/20260823T170306Z_xdp_drop_4000000.json
11500000	2	1	skb	no-touch	1	True	1251482.9	0.891179	1.0	2552.02	5.6789	0.28	0.0637	-	/home/luw/XDP3/data/paired/paired_4config_ring512_20260823/cells/20260823T170354Z_xdp_drop_11500000.json
11500000	2	2	native	read-data	1	True	8442752.5	0.265849	1.0	378.13	0.9063	0.0662	0.8941	-	/home/luw/XDP3/data/paired/paired_4config_ring512_20260823/cells/20260823T170441Z_xdp_drop_11500000.json
11500000	2	3	native	no-touch	1	True	11499995.8	0.0	1.0	248.91	0.7523	0.0621	0.0031	-	/home/luw/XDP3/data/paired/paired_4config_ring512_20260823/cells/20260823T170529Z_xdp_drop_11500000.json
11500000	2	4	skb	read-data	1	True	1248706.3	0.891418	1.0	2557.69	6.2216	0.2747	0.0641	-	/home/luw/XDP3/data/paired/paired_4config_ring512_20260823/cells/20260823T170617Z_xdp_drop_11500000.json
10000000	2	1	skb	no-touch	1	True	1247612.9	0.875241	1.0	2559.97	6.3013	0.2839	0.064	-	/home/luw/XDP3/data/paired/paired_4config_ring512_20260823/cells/20260823T170705Z_xdp_drop_10000000.json
10000000	2	2	skb	read-data	1	True	1247769.3	0.875228	1.0	2559.63	6.1023	0.2813	0.064	-	/home/luw/XDP3/data/paired/paired_4config_ring512_20260823/cells/20260823T170752Z_xdp_drop_10000000.json
10000000	2	3	native	read-data	1	True	8554146.0	0.144567	1.0	372.97	0.835	0.0646	0.8435	-	/home/luw/XDP3/data/paired/paired_4config_ring512_20260823/cells/20260823T170840Z_xdp_drop_10000000.json
10000000	2	4	native	no-touch	1	True	9999935.4	0.0	1.0	259.54	1.1054	0.0593	0.0044	-	/home/luw/XDP3/data/paired/paired_4config_ring512_20260823/cells/20260823T170928Z_xdp_drop_10000000.json
8500000	2	1	native	read-data	1	True	8500033.8	0.0	1.0	330.14	0.6788	0.0904	0.4645	-	/home/luw/XDP3/data/paired/paired_4config_ring512_20260823/cells/20260823T171015Z_xdp_drop_8500000.json
8500000	2	2	skb	no-touch	1	True	1247852.7	0.853199	1.0	2559.47	6.3856	0.4848	0.0644	-	/home/luw/XDP3/data/paired/paired_4config_ring512_20260823/cells/20260823T171103Z_xdp_drop_8500000.json
8500000	2	3	native	no-touch	1	True	8500035.9	0.0	1.0	285.21	0.7881	0.07	0.0077	-	/home/luw/XDP3/data/paired/paired_4config_ring512_20260823/cells/20260823T171151Z_xdp_drop_8500000.json
8500000	2	4	skb	read-data	1	True	1242462.5	0.853825	1.0	2570.57	6.5063	1.0199	0.0634	-	/home/luw/XDP3/data/paired/paired_4config_ring512_20260823/cells/20260823T171239Z_xdp_drop_8500000.json
14880952	2	1	native	no-touch	1	True	14286077.0	0.03995	1.0	223.56	0.957	0.0448	0.0	-	/home/luw/XDP3/data/paired/paired_4config_ring512_20260823/cells/20260823T171327Z_xdp_drop_14880952.json
14880952	2	2	skb	no-touch	1	True	1244777.7	0.91615	1.0	2565.77	6.342	0.8754	0.0637	-	/home/luw/XDP3/data/paired/paired_4config_ring512_20260823/cells/20260823T171414Z_xdp_drop_14880952.json
14880952	2	3	skb	read-data	1	True	1239464.6	0.916694	1.0	2576.75	6.0948	0.8474	0.0635	-	/home/luw/XDP3/data/paired/paired_4config_ring512_20260823/cells/20260823T171502Z_xdp_drop_14880952.json
14880952	2	4	native	read-data	1	True	9388112.0	0.369096	1.0	340.07	0.6723	0.0692	0.6476	-	/home/luw/XDP3/data/paired/paired_4config_ring512_20260823/cells/20260823T171550Z_xdp_drop_14880952.json
14880952	2	1	native	no-touch	0	True	14290436.6	0.039655	1.0	0.0	0.0	0.0	0.0	-	/home/luw/XDP3/data/paired/paired_4config_ring512_20260823/cells/20260823T171637Z_xdp_drop_14880952.json
14880952	2	2	skb	no-touch	0	True	1242872.8	0.916463	1.0	0.0	0.0	0.0	0.0	-	/home/luw/XDP3/data/paired/paired_4config_ring512_20260823/cells/20260823T171725Z_xdp_drop_14880952.json
14880952	2	3	skb	read-data	0	True	1244445.8	0.916253	1.0	0.0	0.0	0.0	0.0	-	/home/luw/XDP3/data/paired/paired_4config_ring512_20260823/cells/20260823T171813Z_xdp_drop_14880952.json
14880952	2	4	native	read-data	0	True	8365802.4	0.437796	1.0	0.0	0.0	0.0	0.0	-	/home/luw/XDP3/data/paired/paired_4config_ring512_20260823/cells/20260823T171900Z_xdp_drop_14880952.json
12000000	2	1	native	read-data	1	True	10959787.2	0.086687	1.0	291.39	0.4009	0.0741	0.3409	-	/home/luw/XDP3/data/paired/paired_4config_ring512_20260823/cells/20260823T171948Z_xdp_drop_12000000.json
12000000	2	2	skb	read-data	1	True	1248918.5	0.895926	1.0	2557.3	5.6708	0.3109	0.0647	-	/home/luw/XDP3/data/paired/paired_4config_ring512_20260823/cells/20260823T172036Z_xdp_drop_12000000.json
12000000	2	3	skb	no-touch	1	True	1252230.7	0.89565	1.0	2550.49	5.4015	0.2817	0.0645	-	/home/luw/XDP3/data/paired/paired_4config_ring512_20260823/cells/20260823T172124Z_xdp_drop_12000000.json
12000000	2	4	native	no-touch	1	True	11999975.3	0.0	1.0	246.02	0.371	0.083	0.0021	-	/home/luw/XDP3/data/paired/paired_4config_ring512_20260823/cells/20260823T172211Z_xdp_drop_12000000.json
12500000	2	1	native	read-data	1	True	8333068.5	0.333368	1.0	383.01	0.8917	0.0598	0.8864	-	/home/luw/XDP3/data/paired/paired_4config_ring512_20260823/cells/20260823T172259Z_xdp_drop_12500000.json
12500000	2	2	native	no-touch	1	True	12500141.9	0.0	1.0	244.86	0.6701	0.0755	0.001	-	/home/luw/XDP3/data/paired/paired_4config_ring512_20260823/cells/20260823T172347Z_xdp_drop_12500000.json
12500000	2	3	skb	no-touch	1	True	1246679.2	0.899712	1.0	2561.85	5.3188	1.2065	0.0632	-	/home/luw/XDP3/data/paired/paired_4config_ring512_20260823/cells/20260823T172435Z_xdp_drop_12500000.json
12500000	2	4	skb	read-data	1	True	1221726.6	0.902073	1.0	2614.15	5.0476	1.1526	0.0633	-	/home/luw/XDP3/data/paired/paired_4config_ring512_20260823/cells/20260823T172522Z_xdp_drop_12500000.json
1500000	2	1	skb	read-data	1	True	1239783.7	0.173477	1.0	2576.1	5.0624	1.1548	0.0632	-	/home/luw/XDP3/data/paired/paired_4config_ring512_20260823/cells/20260823T172610Z_xdp_drop_1500000.json
1500000	2	2	native	read-data	1	True	1499941.2	0.0	1.0	573.07	1.1175	0.0889	0.8964	-	/home/luw/XDP3/data/paired/paired_4config_ring512_20260823/cells/20260823T172657Z_xdp_drop_1500000.json
1500000	2	3	skb	no-touch	1	True	1241323.8	0.172449	1.0	2572.91	6.4241	1.2728	0.0635	-	/home/luw/XDP3/data/paired/paired_4config_ring512_20260823/cells/20260823T172745Z_xdp_drop_1500000.json
1500000	2	4	native	no-touch	1	True	1500008.2	0.0	1.0	426.81	1.0542	0.0887	0.0198	-	/home/luw/XDP3/data/paired/paired_4config_ring512_20260823/cells/20260823T172833Z_xdp_drop_1500000.json
10500000	2	1	skb	read-data	1	True	1246097.5	0.881231	1.0	2563.08	5.7332	0.3021	0.0647	-	/home/luw/XDP3/data/paired/paired_4config_ring512_20260823/cells/20260823T172921Z_xdp_drop_10500000.json
10500000	2	2	skb	no-touch	1	True	1249940.3	0.880653	1.0	2555.2	6.3005	0.3077	0.0649	-	/home/luw/XDP3/data/paired/paired_4config_ring512_20260823/cells/20260823T173009Z_xdp_drop_10500000.json
10500000	2	3	native	no-touch	1	True	10498810.8	0.0	1.0	254.45	1.0506	0.0624	0.004	-	/home/luw/XDP3/data/paired/paired_4config_ring512_20260823/cells/20260823T173056Z_xdp_drop_10500000.json
10500000	2	4	native	read-data	1	True	10499851.6	0.0	1.0	275.4	0.435	0.0747	0.137	-	/home/luw/XDP3/data/paired/paired_4config_ring512_20260823/cells/20260823T173144Z_xdp_drop_10500000.json
2500000	2	1	skb	read-data	1	True	1242133.6	0.503119	1.0	2571.24	6.2355	1.1173	0.0631	-	/home/luw/XDP3/data/paired/paired_4config_ring512_20260823/cells/20260823T173232Z_xdp_drop_2500000.json
2500000	2	2	skb	no-touch	1	True	1247443.3	0.501008	1.0	2560.29	6.3761	1.0619	0.063	-	/home/luw/XDP3/data/paired/paired_4config_ring512_20260823/cells/20260823T173319Z_xdp_drop_2500000.json
2500000	2	3	native	no-touch	1	True	2499944.6	0.0	1.0	452.49	0.9797	0.066	0.0231	-	/home/luw/XDP3/data/paired/paired_4config_ring512_20260823/cells/20260823T173407Z_xdp_drop_2500000.json
2500000	2	4	native	read-data	1	True	2499982.8	0.0	1.0	482.73	0.5118	0.0729	0.2541	-	/home/luw/XDP3/data/paired/paired_4config_ring512_20260823/cells/20260823T173455Z_xdp_drop_2500000.json
3000000	2	1	native	no-touch	1	True	2999918.9	0.0	1.0	430.16	1.087	0.0742	0.0206	-	/home/luw/XDP3/data/paired/paired_4config_ring512_20260823/cells/20260823T173543Z_xdp_drop_3000000.json
3000000	2	2	skb	no-touch	1	True	1243785.9	0.585409	1.0	2567.83	6.4666	0.9395	0.063	-	/home/luw/XDP3/data/paired/paired_4config_ring512_20260823/cells/20260823T173630Z_xdp_drop_3000000.json
3000000	2	3	skb	read-data	1	True	1238575.9	0.587069	1.0	2578.61	6.3255	0.9433	0.0632	-	/home/luw/XDP3/data/paired/paired_4config_ring512_20260823/cells/20260823T173718Z_xdp_drop_3000000.json
3000000	2	4	native	read-data	1	True	2999970.4	0.0	1.0	543.28	0.9838	0.0667	0.7027	-	/home/luw/XDP3/data/paired/paired_4config_ring512_20260823/cells/20260823T173806Z_xdp_drop_3000000.json
3500000	2	1	skb	no-touch	1	True	1247470.7	0.64351	1.0	2560.27	6.4569	0.4328	0.064	-	/home/luw/XDP3/data/paired/paired_4config_ring512_20260823/cells/20260823T173853Z_xdp_drop_3500000.json
3500000	2	2	native	read-data	1	True	3499995.3	0.0	1.0	471.37	0.5412	0.0854	0.3182	-	/home/luw/XDP3/data/paired/paired_4config_ring512_20260823/cells/20260823T173941Z_xdp_drop_3500000.json
3500000	2	3	native	no-touch	1	True	3499897.8	0.0	1.0	420.54	0.3414	0.0804	0.0192	-	/home/luw/XDP3/data/paired/paired_4config_ring512_20260823/cells/20260823T174029Z_xdp_drop_3500000.json
3500000	2	4	skb	read-data	1	True	1245711.5	0.644086	1.0	2563.87	6.0991	0.2811	0.0642	-	/home/luw/XDP3/data/paired/paired_4config_ring512_20260823/cells/20260823T174117Z_xdp_drop_3500000.json
4500000	2	1	skb	no-touch	1	True	1246807.3	0.722933	1.0	2561.59	5.8838	0.2884	0.0639	-	/home/luw/XDP3/data/paired/paired_4config_ring512_20260823/cells/20260823T174204Z_xdp_drop_4500000.json
4500000	2	2	skb	read-data	1	True	1244845.4	0.723368	1.0	2565.61	5.7385	0.2914	0.0642	-	/home/luw/XDP3/data/paired/paired_4config_ring512_20260823/cells/20260823T174252Z_xdp_drop_4500000.json
4500000	2	3	native	no-touch	1	True	4499999.2	0.0	1.0	400.91	0.3418	0.0878	0.016	-	/home/luw/XDP3/data/paired/paired_4config_ring512_20260823/cells/20260823T174339Z_xdp_drop_4500000.json
4500000	2	4	native	read-data	1	True	4500009.0	0.0	1.0	506.62	1.0954	0.1191	0.9084	-	/home/luw/XDP3/data/paired/paired_4config_ring512_20260823/cells/20260823T174427Z_xdp_drop_4500000.json
13500000	2	1	native	no-touch	1	True	13497633.3	0.0	1.0	232.73	1.0973	0.0548	0.0005	-	/home/luw/XDP3/data/paired/paired_4config_ring512_20260823/cells/20260823T174515Z_xdp_drop_13500000.json
13500000	2	2	skb	read-data	1	True	1240178.8	0.90784	1.0	2575.31	6.084	1.1833	0.0632	-	/home/luw/XDP3/data/paired/paired_4config_ring512_20260823/cells/20260823T174603Z_xdp_drop_13500000.json
13500000	2	3	skb	no-touch	1	True	1245255.3	0.907314	1.0	2564.8	5.2504	1.1452	0.0637	-	/home/luw/XDP3/data/paired/paired_4config_ring512_20260823/cells/20260823T174651Z_xdp_drop_13500000.json
13500000	2	4	native	read-data	1	True	8556202.4	0.365602	1.0	373.14	0.8469	0.061	0.8432	-	/home/luw/XDP3/data/paired/paired_4config_ring512_20260823/cells/20260823T174738Z_xdp_drop_13500000.json
14000000	2	1	skb	no-touch	1	True	1250690.1	0.910316	1.0	2553.64	5.5967	0.3015	0.0644	-	/home/luw/XDP3/data/paired/paired_4config_ring512_20260823/cells/20260823T174826Z_xdp_drop_14000000.json
14000000	2	2	skb	read-data	1	True	1242013.2	0.910352	1.0	2571.53	5.5065	0.3107	0.0638	-	/home/luw/XDP3/data/paired/paired_4config_ring512_20260823/cells/20260823T174914Z_xdp_drop_14000000.json
14000000	2	3	native	no-touch	1	True	13994228.5	0.0	1.0	227.24	0.1697	0.092	0.0002	-	/home/luw/XDP3/data/paired/paired_4config_ring512_20260823/cells/20260823T175002Z_xdp_drop_14000000.json
14000000	2	4	native	read-data	1	True	8419287.2	0.397327	1.0	379.15	0.8931	0.0619	0.8961	-	/home/luw/XDP3/data/paired/paired_4config_ring512_20260823/cells/20260823T175049Z_xdp_drop_14000000.json
14000000	2	1	native	read-data	0	True	8274879.4	0.40856	1.0	0.0	0.0	0.0	0.0	-	/home/luw/XDP3/data/paired/paired_4config_ring512_20260823/cells/20260823T175137Z_xdp_drop_14000000.json
14000000	2	2	skb	read-data	0	True	1244540.2	0.910464	1.0	0.0	0.0	0.0	0.0	-	/home/luw/XDP3/data/paired/paired_4config_ring512_20260823/cells/20260823T175225Z_xdp_drop_14000000.json
14000000	2	3	skb	no-touch	0	True	1246121.5	0.910686	1.0	0.0	0.0	0.0	0.0	-	/home/luw/XDP3/data/paired/paired_4config_ring512_20260823/cells/20260823T175313Z_xdp_drop_14000000.json
14000000	2	4	native	no-touch	0	True	13989125.7	0.0	1.0	0.0	0.0	0.0	0.0	-	/home/luw/XDP3/data/paired/paired_4config_ring512_20260823/cells/20260823T175401Z_xdp_drop_14000000.json
2000000	2	1	native	read-data	1	True	2000001.5	0.0	1.0	462.61	0.4468	0.0886	0.2547	-	/home/luw/XDP3/data/paired/paired_4config_ring512_20260823/cells/20260823T175448Z_xdp_drop_2000000.json
2000000	2	2	skb	read-data	1	True	1245371.3	0.37732	1.0	2564.56	5.9806	0.336	0.0651	-	/home/luw/XDP3/data/paired/paired_4config_ring512_20260823/cells/20260823T175536Z_xdp_drop_2000000.json
2000000	2	3	native	no-touch	1	True	1999996.2	0.0	1.0	418.34	0.3661	0.0741	0.0196	-	/home/luw/XDP3/data/paired/paired_4config_ring512_20260823/cells/20260823T175624Z_xdp_drop_2000000.json
2000000	2	4	skb	no-touch	1	True	1248333.6	0.375834	1.0	2558.43	6.1439	0.3064	0.064	-	/home/luw/XDP3/data/paired/paired_4config_ring512_20260823/cells/20260823T175712Z_xdp_drop_2000000.json
7500000	2	1	native	read-data	1	True	7499981.4	0.0	1.0	344.37	0.6737	0.0945	0.4196	-	/home/luw/XDP3/data/paired/paired_4config_ring512_20260823/cells/20260823T175759Z_xdp_drop_7500000.json
7500000	2	2	native	no-touch	1	True	7499974.2	0.0	1.0	311.48	0.537	0.0834	0.01	-	/home/luw/XDP3/data/paired/paired_4config_ring512_20260823/cells/20260823T175847Z_xdp_drop_7500000.json
7500000	2	3	skb	no-touch	1	True	1251469.9	0.83314	1.0	2552.02	6.3932	0.2655	0.0647	-	/home/luw/XDP3/data/paired/paired_4config_ring512_20260823/cells/20260823T175935Z_xdp_drop_7500000.json
7500000	2	4	skb	read-data	1	True	1243163.2	0.834248	1.0	2569.08	5.731	0.282	0.0644	-	/home/luw/XDP3/data/paired/paired_4config_ring512_20260823/cells/20260823T180022Z_xdp_drop_7500000.json
5000000	2	1	skb	no-touch	1	True	1250880.2	0.749826	1.0	2553.27	6.4927	0.2644	0.0649	-	/home/luw/XDP3/data/paired/paired_4config_ring512_20260823/cells/20260823T180110Z_xdp_drop_5000000.json
5000000	2	2	native	no-touch	1	True	5000018.4	0.0	1.0	386.73	0.3413	0.0907	0.0162	-	/home/luw/XDP3/data/paired/paired_4config_ring512_20260823/cells/20260823T180158Z_xdp_drop_5000000.json
5000000	2	3	native	read-data	1	True	4999685.9	0.0	1.0	474.23	1.1514	0.0908	0.9098	-	/home/luw/XDP3/data/paired/paired_4config_ring512_20260823/cells/20260823T180245Z_xdp_drop_5000000.json
5000000	2	4	skb	read-data	1	True	1246225.1	0.750758	1.0	2562.78	6.216	0.3163	0.0639	-	/home/luw/XDP3/data/paired/paired_4config_ring512_20260823/cells/20260823T180333Z_xdp_drop_5000000.json
500000	2	1	skb	read-data	1	True	499999.8	0.0	1.0	2802.0	7.6762	0.3424	0.0269	-	/home/luw/XDP3/data/paired/paired_4config_ring512_20260823/cells/20260823T180421Z_xdp_drop_500000.json
500000	2	2	skb	no-touch	1	True	500001.7	0.0	1.0	2793.65	7.65	0.3422	0.0269	-	/home/luw/XDP3/data/paired/paired_4config_ring512_20260823/cells/20260823T180509Z_xdp_drop_500000.json
500000	2	3	native	no-touch	1	True	500000.4	0.0	1.0	392.17	0.7249	0.0739	0.0169	-	/home/luw/XDP3/data/paired/paired_4config_ring512_20260823/cells/20260823T180556Z_xdp_drop_500000.json
500000	2	4	native	read-data	1	True	500001.0	0.0	1.0	425.89	0.5451	0.0623	0.212	-	/home/luw/XDP3/data/paired/paired_4config_ring512_20260823/cells/20260823T180644Z_xdp_drop_500000.json
2500000	3	1	native	no-touch	1	True	2500013.4	0.0	1.0	452.64	0.5906	0.0598	0.0232	-	/home/luw/XDP3/data/paired/paired_4config_ring512_20260823/cells/20260823T180732Z_xdp_drop_2500000.json
2500000	3	2	native	read-data	1	True	2500008.4	0.0	1.0	575.77	1.1404	0.0807	0.8893	-	/home/luw/XDP3/data/paired/paired_4config_ring512_20260823/cells/20260823T180820Z_xdp_drop_2500000.json
2500000	3	3	skb	read-data	1	True	1244068.4	0.502375	1.0	2567.25	6.0349	1.0143	0.0633	-	/home/luw/XDP3/data/paired/paired_4config_ring512_20260823/cells/20260823T180908Z_xdp_drop_2500000.json
2500000	3	4	skb	no-touch	1	True	1243202.7	0.502721	1.0	2569.02	6.0998	0.9763	0.0633	-	/home/luw/XDP3/data/paired/paired_4config_ring512_20260823/cells/20260823T180955Z_xdp_drop_2500000.json
10500000	3	1	native	no-touch	1	True	10499895.6	0.0	1.0	254.54	0.905	0.0676	0.004	-	/home/luw/XDP3/data/paired/paired_4config_ring512_20260823/cells/20260823T181043Z_xdp_drop_10500000.json
10500000	3	2	skb	read-data	1	True	1246050.4	0.881329	1.0	2563.17	6.333	0.313	0.0644	-	/home/luw/XDP3/data/paired/paired_4config_ring512_20260823/cells/20260823T181131Z_xdp_drop_10500000.json
10500000	3	3	native	read-data	1	True	8888117.8	0.153507	1.0	359.09	0.7489	0.0739	0.7486	-	/home/luw/XDP3/data/paired/paired_4config_ring512_20260823/cells/20260823T181218Z_xdp_drop_10500000.json
10500000	3	4	skb	no-touch	1	True	1249047.6	0.881044	1.0	2557.0	6.8028	0.2814	0.0642	-	/home/luw/XDP3/data/paired/paired_4config_ring512_20260823/cells/20260823T181306Z_xdp_drop_10500000.json
1500000	3	1	native	read-data	1	True	1500002.7	0.0	1.0	471.49	0.4666	0.0871	0.2731	-	/home/luw/XDP3/data/paired/paired_4config_ring512_20260823/cells/20260823T181354Z_xdp_drop_1500000.json
1500000	3	2	native	no-touch	1	True	1500003.6	0.0	1.0	426.01	0.743	0.0702	0.0198	-	/home/luw/XDP3/data/paired/paired_4config_ring512_20260823/cells/20260823T181441Z_xdp_drop_1500000.json
1500000	3	3	skb	read-data	1	True	1241982.8	0.172015	1.0	2571.54	5.9425	0.9725	0.0636	-	/home/luw/XDP3/data/paired/paired_4config_ring512_20260823/cells/20260823T181529Z_xdp_drop_1500000.json
1500000	3	4	skb	no-touch	1	True	1242713.1	0.171528	1.0	2570.04	6.0159	0.929	0.0633	-	/home/luw/XDP3/data/paired/paired_4config_ring512_20260823/cells/20260823T181617Z_xdp_drop_1500000.json
8500000	3	1	skb	no-touch	1	True	1243224.8	0.853742	1.0	2568.98	6.0905	0.9742	0.0639	-	/home/luw/XDP3/data/paired/paired_4config_ring512_20260823/cells/20260823T181704Z_xdp_drop_8500000.json
8500000	3	2	skb	read-data	1	True	1238734.9	0.85427	1.0	2578.28	6.2121	0.9338	0.0634	-	/home/luw/XDP3/data/paired/paired_4config_ring512_20260823/cells/20260823T181752Z_xdp_drop_8500000.json
8500000	3	3	native	no-touch	1	True	8500028.5	0.0	1.0	284.69	0.8911	0.0749	0.0076	-	/home/luw/XDP3/data/paired/paired_4config_ring512_20260823/cells/20260823T181840Z_xdp_drop_8500000.json
8500000	3	4	native	read-data	1	True	8500032.3	0.0	1.0	305.31	0.442	0.0828	0.2156	-	/home/luw/XDP3/data/paired/paired_4config_ring512_20260823/cells/20260823T181927Z_xdp_drop_8500000.json
10000000	3	1	skb	read-data	1	True	1246734.6	0.875327	1.0	2561.76	6.4441	0.3341	0.0639	-	/home/luw/XDP3/data/paired/paired_4config_ring512_20260823/cells/20260823T182015Z_xdp_drop_10000000.json
10000000	3	2	skb	no-touch	1	True	1249028.9	0.875098	1.0	2557.04	6.4608	0.3046	0.0642	-	/home/luw/XDP3/data/paired/paired_4config_ring512_20260823/cells/20260823T182103Z_xdp_drop_10000000.json
10000000	3	3	native	read-data	1	True	9670658.4	0.03293	1.0	330.16	0.6115	0.0766	0.5916	-	/home/luw/XDP3/data/paired/paired_4config_ring512_20260823/cells/20260823T182150Z_xdp_drop_10000000.json
10000000	3	4	native	no-touch	1	True	9999921.7	0.0	1.0	259.2	0.8112	0.0707	0.0044	-	/home/luw/XDP3/data/paired/paired_4config_ring512_20260823/cells/20260823T182238Z_xdp_drop_10000000.json
8000000	3	1	native	read-data	1	True	8000151.7	0.0	1.0	322.23	0.484	0.0852	0.2079	-	/home/luw/XDP3/data/paired/paired_4config_ring512_20260823/cells/20260823T182326Z_xdp_drop_8000000.json
8000000	3	2	skb	read-data	1	True	1247522.0	0.844059	1.0	2560.12	6.405	0.5808	0.0637	-	/home/luw/XDP3/data/paired/paired_4config_ring512_20260823/cells/20260823T182414Z_xdp_drop_8000000.json
8000000	3	3	native	no-touch	1	True	8000043.0	0.0	1.0	298.1	0.6145	0.0889	0.0091	-	/home/luw/XDP3/data/paired/paired_4config_ring512_20260823/cells/20260823T182502Z_xdp_drop_8000000.json
8000000	3	4	skb	no-touch	1	True	1243837.0	0.844523	1.0	2567.69	6.2062	0.9908	0.0635	-	/home/luw/XDP3/data/paired/paired_4config_ring512_20260823/cells/20260823T182549Z_xdp_drop_8000000.json
7500000	3	1	native	read-data	1	True	7499996.8	0.0	1.0	370.56	0.9076	0.1087	0.7271	-	/home/luw/XDP3/data/paired/paired_4config_ring512_20260823/cells/20260823T182637Z_xdp_drop_7500000.json
7500000	3	2	skb	read-data	1	True	1234197.0	0.835441	1.0	2587.76	5.9444	1.2443	0.0633	-	/home/luw/XDP3/data/paired/paired_4config_ring512_20260823/cells/20260823T182725Z_xdp_drop_7500000.json
7500000	3	3	skb	no-touch	1	True	1237736.5	0.834969	1.0	2580.36	6.0102	1.1985	0.0632	-	/home/luw/XDP3/data/paired/paired_4config_ring512_20260823/cells/20260823T182812Z_xdp_drop_7500000.json
7500000	3	4	native	no-touch	1	True	7499985.2	0.0	1.0	309.39	1.0983	0.0766	0.01	-	/home/luw/XDP3/data/paired/paired_4config_ring512_20260823/cells/20260823T182900Z_xdp_drop_7500000.json
9000000	3	1	native	read-data	1	True	9000035.9	0.0	1.0	298.79	0.4371	0.0804	0.2176	-	/home/luw/XDP3/data/paired/paired_4config_ring512_20260823/cells/20260823T182948Z_xdp_drop_9000000.json
9000000	3	2	skb	read-data	1	True	1240180.7	0.862205	1.0	2575.25	6.2913	1.0006	0.0633	-	/home/luw/XDP3/data/paired/paired_4config_ring512_20260823/cells/20260823T183036Z_xdp_drop_9000000.json
9000000	3	3	native	no-touch	1	True	8999980.6	0.0	1.0	272.22	0.9116	0.0679	0.0061	-	/home/luw/XDP3/data/paired/paired_4config_ring512_20260823/cells/20260823T183123Z_xdp_drop_9000000.json
9000000	3	4	skb	no-touch	1	True	1253027.2	0.860777	1.0	2548.86	6.5905	0.2945	0.0647	-	/home/luw/XDP3/data/paired/paired_4config_ring512_20260823/cells/20260823T183211Z_xdp_drop_9000000.json
750000	3	1	native	read-data	1	True	749998.3	0.0	1.0	480.0	0.6665	0.0878	0.4179	-	/home/luw/XDP3/data/paired/paired_4config_ring512_20260823/cells/20260823T183259Z_xdp_drop_750000.json
750000	3	2	native	no-touch	1	True	750000.4	0.0	1.0	412.4	0.3543	0.0798	0.0189	-	/home/luw/XDP3/data/paired/paired_4config_ring512_20260823/cells/20260823T183346Z_xdp_drop_750000.json
750000	3	3	skb	no-touch	1	True	750001.1	0.0	1.0	2843.63	7.8727	0.6039	0.0288	-	/home/luw/XDP3/data/paired/paired_4config_ring512_20260823/cells/20260823T183434Z_xdp_drop_750000.json
750000	3	4	skb	read-data	1	True	750001.9	0.0	1.0	2847.49	7.8711	0.5976	0.0289	-	/home/luw/XDP3/data/paired/paired_4config_ring512_20260823/cells/20260823T183522Z_xdp_drop_750000.json
6500000	3	1	native	no-touch	1	True	6499972.3	0.0	1.0	333.04	0.7133	0.0697	0.0121	-	/home/luw/XDP3/data/paired/paired_4config_ring512_20260823/cells/20260823T183609Z_xdp_drop_6500000.json
6500000	3	2	native	read-data	1	True	6499958.6	0.0	1.0	381.69	0.7974	0.1256	0.5725	-	/home/luw/XDP3/data/paired/paired_4config_ring512_20260823/cells/20260823T183657Z_xdp_drop_6500000.json
6500000	3	3	skb	read-data	1	True	1249522.1	0.807767	1.0	2555.95	5.0001	0.2337	0.0636	-	/home/luw/XDP3/data/paired/paired_4config_ring512_20260823/cells/20260823T183745Z_xdp_drop_6500000.json
6500000	3	4	skb	no-touch	1	True	1247537.7	0.808074	1.0	2560.04	5.9926	0.2719	0.0634	-	/home/luw/XDP3/data/paired/paired_4config_ring512_20260823/cells/20260823T183833Z_xdp_drop_6500000.json
11500000	3	1	native	no-touch	1	True	11499983.3	0.0	1.0	248.74	0.3595	0.0545	0.0031	-	/home/luw/XDP3/data/paired/paired_4config_ring512_20260823/cells/20260823T183920Z_xdp_drop_11500000.json
11500000	3	2	skb	read-data	1	True	1243574.2	0.891864	1.0	2568.31	4.8794	0.3047	0.0642	-	/home/luw/XDP3/data/paired/paired_4config_ring512_20260823/cells/20260823T184008Z_xdp_drop_11500000.json
11500000	3	3	native	read-data	1	True	11499978.0	0.0	1.0	274.4	0.3155	0.0721	0.2102	-	/home/luw/XDP3/data/paired/paired_4config_ring512_20260823/cells/20260823T184056Z_xdp_drop_11500000.json
11500000	3	4	skb	no-touch	1	True	1244732.6	0.891765	1.0	2565.86	5.3441	0.297	0.0642	-	/home/luw/XDP3/data/paired/paired_4config_ring512_20260823/cells/20260823T184144Z_xdp_drop_11500000.json
4500000	3	1	native	no-touch	1	True	4500014.4	0.0	1.0	401.78	1.2276	0.0808	0.0159	-	/home/luw/XDP3/data/paired/paired_4config_ring512_20260823/cells/20260823T184231Z_xdp_drop_4500000.json
4500000	3	2	skb	no-touch	1	True	1247924.1	0.722686	1.0	2559.29	6.1582	0.4179	0.0638	-	/home/luw/XDP3/data/paired/paired_4config_ring512_20260823/cells/20260823T184319Z_xdp_drop_4500000.json
4500000	3	3	native	read-data	1	True	4499992.3	0.0	1.0	465.08	0.7371	0.084	0.5327	-	/home/luw/XDP3/data/paired/paired_4config_ring512_20260823/cells/20260823T184407Z_xdp_drop_4500000.json
4500000	3	4	skb	read-data	1	True	1246679.5	0.722962	1.0	2561.88	6.4517	0.5206	0.0641	-	/home/luw/XDP3/data/paired/paired_4config_ring512_20260823/cells/20260823T184454Z_xdp_drop_4500000.json
6000000	3	1	skb	read-data	1	True	1244077.5	0.792656	1.0	2567.25	6.0901	0.5302	0.0644	-	/home/luw/XDP3/data/paired/paired_4config_ring512_20260823/cells/20260823T184542Z_xdp_drop_6000000.json
6000000	3	2	native	read-data	1	True	6000010.4	0.0	1.0	402.2	0.7835	0.1118	0.581	-	/home/luw/XDP3/data/paired/paired_4config_ring512_20260823/cells/20260823T184630Z_xdp_drop_6000000.json
6000000	3	3	native	no-touch	1	True	6000009.4	0.0	1.0	329.1	0.5813	0.0812	0.0123	-	/home/luw/XDP3/data/paired/paired_4config_ring512_20260823/cells/20260823T184717Z_xdp_drop_6000000.json
6000000	3	4	skb	no-touch	1	True	1244936.0	0.792509	1.0	2565.45	6.2205	0.3169	0.0646	-	/home/luw/XDP3/data/paired/paired_4config_ring512_20260823/cells/20260823T184805Z_xdp_drop_6000000.json
13500000	3	1	native	no-touch	1	True	13499905.1	0.0	1.0	233.06	0.9902	0.0683	0.0004	-	/home/luw/XDP3/data/paired/paired_4config_ring512_20260823/cells/20260823T184853Z_xdp_drop_13500000.json
13500000	3	2	native	read-data	1	True	8546955.3	0.366885	1.0	373.39	0.8556	0.0484	0.8328	-	/home/luw/XDP3/data/paired/paired_4config_ring512_20260823/cells/20260823T184941Z_xdp_drop_13500000.json
13500000	3	3	skb	read-data	1	True	1241321.6	0.908053	1.0	2572.91	6.2049	0.7346	0.0637	-	/home/luw/XDP3/data/paired/paired_4config_ring512_20260823/cells/20260823T185028Z_xdp_drop_13500000.json
13500000	3	4	skb	no-touch	1	True	1242083.4	0.907994	1.0	2571.3	5.6475	0.7235	0.0639	-	/home/luw/XDP3/data/paired/paired_4config_ring512_20260823/cells/20260823T185116Z_xdp_drop_13500000.json
12000000	3	1	native	no-touch	1	True	12000016.0	0.0	1.0	247.33	0.6826	0.0676	0.0019	-	/home/luw/XDP3/data/paired/paired_4config_ring512_20260823/cells/20260823T185204Z_xdp_drop_12000000.json
12000000	3	2	skb	read-data	1	True	1244032.5	0.896329	1.0	2567.27	6.079	0.3099	0.0653	-	/home/luw/XDP3/data/paired/paired_4config_ring512_20260823/cells/20260823T185251Z_xdp_drop_12000000.json
12000000	3	3	native	read-data	1	True	11965137.6	0.002908	1.0	266.91	0.3238	0.0727	0.2108	-	/home/luw/XDP3/data/paired/paired_4config_ring512_20260823/cells/20260823T185339Z_xdp_drop_12000000.json
12000000	3	4	skb	no-touch	1	True	1245026.1	0.896242	1.0	2565.23	6.1032	0.4802	0.0641	-	/home/luw/XDP3/data/paired/paired_4config_ring512_20260823/cells/20260823T185427Z_xdp_drop_12000000.json
14880952	3	1	native	no-touch	1	True	14273655.4	0.040784	1.0	223.76	0.7543	0.0612	0.0	-	/home/luw/XDP3/data/paired/paired_4config_ring512_20260823/cells/20260823T185514Z_xdp_drop_14880952.json
14880952	3	2	skb	read-data	1	True	1246168.2	0.916241	1.0	2562.95	5.9157	0.3845	0.0652	-	/home/luw/XDP3/data/paired/paired_4config_ring512_20260823/cells/20260823T185602Z_xdp_drop_14880952.json
14880952	3	3	native	read-data	1	True	11673943.0	0.215487	1.0	273.58	0.2627	0.0885	0.2411	-	/home/luw/XDP3/data/paired/paired_4config_ring512_20260823/cells/20260823T185650Z_xdp_drop_14880952.json
14880952	3	4	skb	no-touch	1	True	1243515.9	0.916385	1.0	2568.39	6.3374	1.1516	0.0635	-	/home/luw/XDP3/data/paired/paired_4config_ring512_20260823/cells/20260823T185738Z_xdp_drop_14880952.json
14880952	3	1	skb	read-data	0	True	1240243.9	0.916571	1.0	0.0	0.0	0.0	0.0	-	/home/luw/XDP3/data/paired/paired_4config_ring512_20260823/cells/20260823T185826Z_xdp_drop_14880952.json
14880952	3	2	native	read-data	0	True	8409316.3	0.434869	1.0	0.0	0.0	0.0	0.0	-	/home/luw/XDP3/data/paired/paired_4config_ring512_20260823/cells/20260823T185913Z_xdp_drop_14880952.json
14880952	3	3	skb	no-touch	0	True	1246080.7	0.916245	1.0	0.0	0.0	0.0	0.0	-	/home/luw/XDP3/data/paired/paired_4config_ring512_20260823/cells/20260823T190001Z_xdp_drop_14880952.json
14880952	3	4	native	no-touch	0	True	14227897.3	0.043857	1.0	0.0	0.0	0.0	0.0	-	/home/luw/XDP3/data/paired/paired_4config_ring512_20260823/cells/20260823T190049Z_xdp_drop_14880952.json
3500000	3	1	skb	no-touch	1	True	1248356.0	0.643302	1.0	2558.43	5.2987	0.3	0.0644	-	/home/luw/XDP3/data/paired/paired_4config_ring512_20260823/cells/20260823T190136Z_xdp_drop_3500000.json
3500000	3	2	skb	read-data	1	True	1249733.0	0.642932	1.0	2555.55	6.2811	0.2772	0.0637	-	/home/luw/XDP3/data/paired/paired_4config_ring512_20260823/cells/20260823T190224Z_xdp_drop_3500000.json
3500000	3	3	native	read-data	1	True	3499772.0	0.0	1.0	455.36	0.5148	0.0661	0.2402	-	/home/luw/XDP3/data/paired/paired_4config_ring512_20260823/cells/20260823T190312Z_xdp_drop_3500000.json
3500000	3	4	native	no-touch	1	True	3499915.8	0.0	1.0	399.12	1.0733	0.068	0.0192	-	/home/luw/XDP3/data/paired/paired_4config_ring512_20260823/cells/20260823T190359Z_xdp_drop_3500000.json
500000	3	1	native	read-data	1	True	500000.9	0.0	1.0	554.64	1.1798	0.1246	0.8679	-	/home/luw/XDP3/data/paired/paired_4config_ring512_20260823/cells/20260823T190447Z_xdp_drop_500000.json
500000	3	2	skb	no-touch	1	True	500000.7	0.0	1.0	2803.1	7.5994	0.3468	0.027	-	/home/luw/XDP3/data/paired/paired_4config_ring512_20260823/cells/20260823T190535Z_xdp_drop_500000.json
500000	3	3	skb	read-data	1	True	499999.9	0.0	1.0	2799.57	7.5797	0.3456	0.027	-	/home/luw/XDP3/data/paired/paired_4config_ring512_20260823/cells/20260823T190623Z_xdp_drop_500000.json
500000	3	4	native	no-touch	1	True	500001.8	0.0	1.0	391.0	0.7838	0.0828	0.0168	-	/home/luw/XDP3/data/paired/paired_4config_ring512_20260823/cells/20260823T190710Z_xdp_drop_500000.json
7000000	3	1	native	no-touch	1	True	6999704.4	0.0	1.0	321.89	0.5271	0.0813	0.0115	-	/home/luw/XDP3/data/paired/paired_4config_ring512_20260823/cells/20260823T190758Z_xdp_drop_7000000.json
7000000	3	2	native	read-data	1	True	6999936.6	0.0	1.0	392.08	1.0434	0.1009	0.8407	-	/home/luw/XDP3/data/paired/paired_4config_ring512_20260823/cells/20260823T190846Z_xdp_drop_7000000.json
7000000	3	3	skb	no-touch	1	True	1250022.6	0.821394	1.0	2554.97	6.2227	0.2881	0.0644	-	/home/luw/XDP3/data/paired/paired_4config_ring512_20260823/cells/20260823T190934Z_xdp_drop_7000000.json
7000000	3	4	skb	read-data	1	True	1246877.6	0.821805	1.0	2561.42	5.6074	0.2942	0.0635	-	/home/luw/XDP3/data/paired/paired_4config_ring512_20260823/cells/20260823T191021Z_xdp_drop_7000000.json
4000000	3	1	native	read-data	1	True	3999876.9	0.0	1.0	456.88	0.5606	0.0822	0.3512	-	/home/luw/XDP3/data/paired/paired_4config_ring512_20260823/cells/20260823T191109Z_xdp_drop_4000000.json
4000000	3	2	native	no-touch	1	True	3999776.4	0.0	1.0	403.18	0.8324	0.0869	0.0177	-	/home/luw/XDP3/data/paired/paired_4config_ring512_20260823/cells/20260823T191157Z_xdp_drop_4000000.json
4000000	3	3	skb	no-touch	1	True	1243659.8	0.689091	1.0	2568.07	5.7188	1.0383	0.0634	-	/home/luw/XDP3/data/paired/paired_4config_ring512_20260823/cells/20260823T191245Z_xdp_drop_4000000.json
4000000	3	4	skb	read-data	1	True	1238848.3	0.690294	1.0	2578.03	5.8397	1.0096	0.0634	-	/home/luw/XDP3/data/paired/paired_4config_ring512_20260823/cells/20260823T191332Z_xdp_drop_4000000.json
9500000	3	1	native	no-touch	1	True	9499795.0	0.0	1.0	264.8	1.0346	0.0693	0.0051	-	/home/luw/XDP3/data/paired/paired_4config_ring512_20260823/cells/20260823T191420Z_xdp_drop_9500000.json
9500000	3	2	skb	read-data	1	True	1243958.3	0.869057	1.0	2567.48	6.3212	0.2968	0.0644	-	/home/luw/XDP3/data/paired/paired_4config_ring512_20260823/cells/20260823T191508Z_xdp_drop_9500000.json
9500000	3	3	native	read-data	1	True	9499821.9	0.0	1.0	325.83	0.6561	0.0995	0.4827	-	/home/luw/XDP3/data/paired/paired_4config_ring512_20260823/cells/20260823T191555Z_xdp_drop_9500000.json
9500000	3	4	skb	no-touch	1	True	1246135.0	0.868827	1.0	2562.91	6.3729	0.3033	0.0644	-	/home/luw/XDP3/data/paired/paired_4config_ring512_20260823/cells/20260823T191643Z_xdp_drop_9500000.json
5500000	3	1	skb	no-touch	1	True	1250803.1	0.772582	1.0	2553.43	5.5516	0.2946	0.0641	-	/home/luw/XDP3/data/paired/paired_4config_ring512_20260823/cells/20260823T191731Z_xdp_drop_5500000.json
5500000	3	2	skb	read-data	1	True	1248358.8	0.773023	1.0	2558.41	6.3696	0.2823	0.0637	-	/home/luw/XDP3/data/paired/paired_4config_ring512_20260823/cells/20260823T191818Z_xdp_drop_5500000.json
5500000	3	3	native	no-touch	1	True	5499977.3	0.0	1.0	365.26	0.7975	0.0739	0.0135	-	/home/luw/XDP3/data/paired/paired_4config_ring512_20260823/cells/20260823T191906Z_xdp_drop_5500000.json
5500000	3	4	native	read-data	1	True	5499986.7	0.0	1.0	431.37	0.8981	0.103	0.6819	-	/home/luw/XDP3/data/paired/paired_4config_ring512_20260823/cells/20260823T191954Z_xdp_drop_5500000.json
1000000	3	1	native	read-data	1	True	999996.5	0.0	1.0	455.38	0.4579	0.0911	0.2482	-	/home/luw/XDP3/data/paired/paired_4config_ring512_20260823/cells/20260823T192042Z_xdp_drop_1000000.json
1000000	3	2	skb	no-touch	1	True	1000001.3	0.0	1.0	2759.57	7.4404	0.3525	0.0349	-	/home/luw/XDP3/data/paired/paired_4config_ring512_20260823/cells/20260823T192129Z_xdp_drop_1000000.json
1000000	3	3	native	no-touch	1	True	1000001.7	0.0	1.0	411.97	0.4769	0.0676	0.0188	-	/home/luw/XDP3/data/paired/paired_4config_ring512_20260823/cells/20260823T192217Z_xdp_drop_1000000.json
1000000	3	4	skb	read-data	1	True	1000003.0	0.0	1.0	2771.09	7.7582	0.3308	0.0347	-	/home/luw/XDP3/data/paired/paired_4config_ring512_20260823/cells/20260823T192305Z_xdp_drop_1000000.json
11000000	3	1	native	no-touch	1	True	11000006.1	0.0	1.0	251.66	0.4295	0.0799	0.0035	-	/home/luw/XDP3/data/paired/paired_4config_ring512_20260823/cells/20260823T192352Z_xdp_drop_11000000.json
11000000	3	2	skb	no-touch	1	True	1249063.1	0.886448	1.0	2557.0	6.4202	0.2846	0.0641	-	/home/luw/XDP3/data/paired/paired_4config_ring512_20260823/cells/20260823T192440Z_xdp_drop_11000000.json
11000000	3	3	native	read-data	1	True	10988028.5	0.001072	1.0	290.62	0.3835	0.0804	0.3361	-	/home/luw/XDP3/data/paired/paired_4config_ring512_20260823/cells/20260823T192528Z_xdp_drop_11000000.json
11000000	3	4	skb	read-data	1	True	1243596.7	0.886948	1.0	2568.19	5.802	0.3045	0.0647	-	/home/luw/XDP3/data/paired/paired_4config_ring512_20260823/cells/20260823T192616Z_xdp_drop_11000000.json
14500000	3	1	skb	read-data	1	True	1246491.6	0.914037	1.0	2562.23	6.1769	0.28	0.0648	-	/home/luw/XDP3/data/paired/paired_4config_ring512_20260823/cells/20260823T192704Z_xdp_drop_14500000.json
14500000	3	2	skb	no-touch	1	True	1247384.0	0.913965	1.0	2560.39	6.2726	0.2809	0.0648	-	/home/luw/XDP3/data/paired/paired_4config_ring512_20260823/cells/20260823T192751Z_xdp_drop_14500000.json
14500000	3	3	native	read-data	1	True	8573615.9	0.40872	1.0	372.15	0.8396	0.0703	0.8315	-	/home/luw/XDP3/data/paired/paired_4config_ring512_20260823/cells/20260823T192839Z_xdp_drop_14500000.json
14500000	3	4	native	no-touch	1	True	14308436.7	0.01322	1.0	223.21	0.6739	0.0683	0.0	-	/home/luw/XDP3/data/paired/paired_4config_ring512_20260823/cells/20260823T192927Z_xdp_drop_14500000.json
250000	3	1	skb	read-data	1	True	250000.4	0.0	1.0	2868.7	8.4361	1.0041	0.0325	-	/home/luw/XDP3/data/paired/paired_4config_ring512_20260823/cells/20260823T193014Z_xdp_drop_250000.json
250000	3	2	skb	no-touch	1	True	249999.9	0.0	1.0	2867.24	8.4798	1.0069	0.0324	-	/home/luw/XDP3/data/paired/paired_4config_ring512_20260823/cells/20260823T193102Z_xdp_drop_250000.json
250000	3	3	native	read-data	1	True	250000.2	0.0	1.0	666.96	1.1739	0.1125	0.9356	-	/home/luw/XDP3/data/paired/paired_4config_ring512_20260823/cells/20260823T193150Z_xdp_drop_250000.json
250000	3	4	native	no-touch	1	True	250001.2	0.0	1.0	523.12	0.8802	0.0712	0.0311	-	/home/luw/XDP3/data/paired/paired_4config_ring512_20260823/cells/20260823T193237Z_xdp_drop_250000.json
5000000	3	1	native	read-data	1	True	4999966.8	0.0	1.0	401.05	0.4904	0.0698	0.1446	-	/home/luw/XDP3/data/paired/paired_4config_ring512_20260823/cells/20260823T193325Z_xdp_drop_5000000.json
5000000	3	2	skb	no-touch	1	True	1244580.5	0.751084	1.0	2566.13	5.262	0.77	0.0635	-	/home/luw/XDP3/data/paired/paired_4config_ring512_20260823/cells/20260823T193413Z_xdp_drop_5000000.json
5000000	3	3	native	no-touch	1	True	4999975.4	0.0	1.0	385.8	0.6994	0.0753	0.016	-	/home/luw/XDP3/data/paired/paired_4config_ring512_20260823/cells/20260823T193501Z_xdp_drop_5000000.json
5000000	3	4	skb	read-data	1	True	1243358.2	0.751325	1.0	2568.72	6.0342	0.2657	0.0634	-	/home/luw/XDP3/data/paired/paired_4config_ring512_20260823/cells/20260823T193548Z_xdp_drop_5000000.json
13000000	3	1	native	read-data	1	True	9972398.9	0.232911	1.0	320.18	0.5654	0.0781	0.5323	-	/home/luw/XDP3/data/paired/paired_4config_ring512_20260823/cells/20260823T193636Z_xdp_drop_13000000.json
13000000	3	2	skb	no-touch	1	True	1247481.4	0.904046	1.0	2560.2	6.4545	0.2961	0.0646	-	/home/luw/XDP3/data/paired/paired_4config_ring512_20260823/cells/20260823T193724Z_xdp_drop_13000000.json
13000000	3	3	skb	read-data	1	True	1246893.8	0.904076	1.0	2561.47	5.17	0.2885	0.0646	-	/home/luw/XDP3/data/paired/paired_4config_ring512_20260823/cells/20260823T193811Z_xdp_drop_13000000.json
13000000	3	4	native	no-touch	1	True	13000304.8	0.0	1.0	238.52	0.8867	0.0711	0.0008	-	/home/luw/XDP3/data/paired/paired_4config_ring512_20260823/cells/20260823T193859Z_xdp_drop_13000000.json
3000000	3	1	native	read-data	1	True	3000007.4	0.0	1.0	522.52	0.9841	0.098	0.7911	-	/home/luw/XDP3/data/paired/paired_4config_ring512_20260823/cells/20260823T193947Z_xdp_drop_3000000.json
3000000	3	2	skb	read-data	1	True	1241993.2	0.586004	1.0	2571.53	6.4762	1.1989	0.0632	-	/home/luw/XDP3/data/paired/paired_4config_ring512_20260823/cells/20260823T194035Z_xdp_drop_3000000.json
3000000	3	3	native	no-touch	1	True	3000008.9	0.0	1.0	432.02	1.0749	0.0691	0.0206	-	/home/luw/XDP3/data/paired/paired_4config_ring512_20260823/cells/20260823T194122Z_xdp_drop_3000000.json
3000000	3	4	skb	no-touch	1	True	1244172.3	0.585279	1.0	2567.04	6.08	0.3195	0.0648	-	/home/luw/XDP3/data/paired/paired_4config_ring512_20260823/cells/20260823T194210Z_xdp_drop_3000000.json
12500000	3	1	skb	no-touch	1	True	1243422.8	0.900528	1.0	2568.5	6.0365	0.2978	0.0645	-	/home/luw/XDP3/data/paired/paired_4config_ring512_20260823/cells/20260823T194258Z_xdp_drop_12500000.json
12500000	3	2	skb	read-data	1	True	1243930.0	0.90049	1.0	2567.51	5.9493	0.3012	0.0644	-	/home/luw/XDP3/data/paired/paired_4config_ring512_20260823/cells/20260823T194345Z_xdp_drop_12500000.json
12500000	3	3	native	read-data	1	True	9562844.1	0.234985	1.0	333.75	0.5991	0.0939	0.6067	-	/home/luw/XDP3/data/paired/paired_4config_ring512_20260823/cells/20260823T194433Z_xdp_drop_12500000.json
12500000	3	4	native	no-touch	1	True	12500072.1	0.0	1.0	244.37	0.931	0.0774	0.001	-	/home/luw/XDP3/data/paired/paired_4config_ring512_20260823/cells/20260823T194521Z_xdp_drop_12500000.json
2000000	3	1	native	read-data	1	True	2000000.8	0.0	1.0	517.9	0.8118	0.0858	0.5866	-	/home/luw/XDP3/data/paired/paired_4config_ring512_20260823/cells/20260823T194609Z_xdp_drop_2000000.json
2000000	3	2	skb	no-touch	1	True	1242704.9	0.37865	1.0	2570.04	6.169	1.1067	0.0632	-	/home/luw/XDP3/data/paired/paired_4config_ring512_20260823/cells/20260823T194656Z_xdp_drop_2000000.json
2000000	3	3	native	no-touch	1	True	2000003.5	0.0	1.0	419.92	1.0103	0.064	0.0196	-	/home/luw/XDP3/data/paired/paired_4config_ring512_20260823/cells/20260823T194744Z_xdp_drop_2000000.json
2000000	3	4	skb	read-data	1	True	1242658.4	0.378674	1.0	2570.14	6.3682	0.3158	0.0648	-	/home/luw/XDP3/data/paired/paired_4config_ring512_20260823/cells/20260823T194832Z_xdp_drop_2000000.json
14000000	3	1	native	no-touch	1	True	14000129.3	0.0	1.0	227.46	0.2296	0.0597	0.0001	-	/home/luw/XDP3/data/paired/paired_4config_ring512_20260823/cells/20260823T194919Z_xdp_drop_14000000.json
14000000	3	2	skb	no-touch	1	True	1248769.9	0.910804	1.0	2557.56	6.3616	0.2917	0.0652	-	/home/luw/XDP3/data/paired/paired_4config_ring512_20260823/cells/20260823T195007Z_xdp_drop_14000000.json
14000000	3	3	skb	read-data	1	True	1246600.8	0.910952	1.0	2562.0	5.5298	0.3029	0.0661	-	/home/luw/XDP3/data/paired/paired_4config_ring512_20260823/cells/20260823T195055Z_xdp_drop_14000000.json
14000000	3	4	native	read-data	1	True	8082102.7	0.42271	1.0	394.83	0.9708	0.0817	0.9958	-	/home/luw/XDP3/data/paired/paired_4config_ring512_20260823/cells/20260823T195142Z_xdp_drop_14000000.json
14000000	3	1	skb	read-data	0	True	1248522.2	0.910822	1.0	0.0	0.0	0.0	0.0	-	/home/luw/XDP3/data/paired/paired_4config_ring512_20260823/cells/20260823T195230Z_xdp_drop_14000000.json
14000000	3	2	skb	no-touch	0	True	1248659.6	0.910813	1.0	0.0	0.0	0.0	0.0	-	/home/luw/XDP3/data/paired/paired_4config_ring512_20260823/cells/20260823T195318Z_xdp_drop_14000000.json
14000000	3	3	native	no-touch	0	True	14000076.8	0.0	1.0	0.0	0.0	0.0	0.0	-	/home/luw/XDP3/data/paired/paired_4config_ring512_20260823/cells/20260823T195405Z_xdp_drop_14000000.json
14000000	3	4	native	read-data	0	True	9562201.3	0.316993	1.0	0.0	0.0	0.0	0.0	-	/home/luw/XDP3/data/paired/paired_4config_ring512_20260823/cells/20260823T195453Z_xdp_drop_14000000.json
4500000	4	1	native	no-touch	1	True	4499985.8	0.0	1.0	400.85	0.9306	0.0962	0.0161	-	/home/luw/XDP3/data/paired/paired_4config_ring512_20260823/cells/20260823T195541Z_xdp_drop_4500000.json
4500000	4	2	skb	no-touch	1	True	1250902.4	0.722023	1.0	2553.17	5.5995	0.5004	0.0644	-	/home/luw/XDP3/data/paired/paired_4config_ring512_20260823/cells/20260823T195629Z_xdp_drop_4500000.json
4500000	4	3	native	read-data	1	True	4499994.1	0.0	1.0	454.95	0.6281	0.1017	0.4227	-	/home/luw/XDP3/data/paired/paired_4config_ring512_20260823/cells/20260823T195716Z_xdp_drop_4500000.json
4500000	4	4	skb	read-data	1	True	1243751.5	0.723615	1.0	2567.84	5.3973	0.2991	0.0646	-	/home/luw/XDP3/data/paired/paired_4config_ring512_20260823/cells/20260823T195804Z_xdp_drop_4500000.json
14000000	4	1	native	no-touch	1	True	14000132.6	0.0	1.0	227.54	0.328	0.0652	0.0001	-	/home/luw/XDP3/data/paired/paired_4config_ring512_20260823/cells/20260823T195852Z_xdp_drop_14000000.json
14000000	4	2	skb	no-touch	1	True	1246333.2	0.910975	1.0	2562.45	6.4421	0.3143	0.0645	-	/home/luw/XDP3/data/paired/paired_4config_ring512_20260823/cells/20260823T195940Z_xdp_drop_14000000.json
14000000	4	3	skb	read-data	1	True	1243662.6	0.911164	1.0	2568.07	5.4559	0.3328	0.0649	-	/home/luw/XDP3/data/paired/paired_4config_ring512_20260823/cells/20260823T200028Z_xdp_drop_14000000.json
14000000	4	4	native	read-data	1	True	11744757.5	0.161094	1.0	271.92	0.2639	0.084	0.2332	-	/home/luw/XDP3/data/paired/paired_4config_ring512_20260823/cells/20260823T200115Z_xdp_drop_14000000.json
14000000	4	1	skb	read-data	0	True	1243478.3	0.911185	1.0	0.0	0.0	0.0	0.0	-	/home/luw/XDP3/data/paired/paired_4config_ring512_20260823/cells/20260823T200203Z_xdp_drop_14000000.json
14000000	4	2	skb	no-touch	0	True	1245572.5	0.91103	1.0	0.0	0.0	0.0	0.0	-	/home/luw/XDP3/data/paired/paired_4config_ring512_20260823/cells/20260823T200251Z_xdp_drop_14000000.json
14000000	4	3	native	read-data	0	True	8343261.3	0.404057	1.0	0.0	0.0	0.0	0.0	-	/home/luw/XDP3/data/paired/paired_4config_ring512_20260823/cells/20260823T200338Z_xdp_drop_14000000.json
14000000	4	4	native	no-touch	0	True	14000144.0	0.0	1.0	0.0	0.0	0.0	0.0	-	/home/luw/XDP3/data/paired/paired_4config_ring512_20260823/cells/20260823T200426Z_xdp_drop_14000000.json
8000000	4	1	native	read-data	1	True	7999944.6	0.0	1.0	344.94	0.7769	0.0951	0.5446	-	/home/luw/XDP3/data/paired/paired_4config_ring512_20260823/cells/20260823T200514Z_xdp_drop_8000000.json
8000000	4	2	skb	no-touch	1	True	1246589.9	0.844177	1.0	2562.06	6.6275	0.2939	0.0646	-	/home/luw/XDP3/data/paired/paired_4config_ring512_20260823/cells/20260823T200602Z_xdp_drop_8000000.json
8000000	4	3	native	no-touch	1	True	7999963.6	0.0	1.0	298.18	0.9361	0.0846	0.009	-	/home/luw/XDP3/data/paired/paired_4config_ring512_20260823/cells/20260823T200649Z_xdp_drop_8000000.json
8000000	4	4	skb	read-data	1	True	1248144.5	0.84398	1.0	2558.86	6.413	0.2775	0.0643	-	/home/luw/XDP3/data/paired/paired_4config_ring512_20260823/cells/20260823T200737Z_xdp_drop_8000000.json
4000000	4	1	skb	no-touch	1	True	1250274.3	0.687434	1.0	2554.51	6.1891	0.26	0.0641	-	/home/luw/XDP3/data/paired/paired_4config_ring512_20260823/cells/20260823T200825Z_xdp_drop_4000000.json
4000000	4	2	native	read-data	1	True	4000030.7	0.0	1.0	437.71	0.4529	0.1064	0.2285	-	/home/luw/XDP3/data/paired/paired_4config_ring512_20260823/cells/20260823T200912Z_xdp_drop_4000000.json
4000000	4	3	native	no-touch	1	True	4000027.5	0.0	1.0	402.41	0.8123	0.0994	0.0176	-	/home/luw/XDP3/data/paired/paired_4config_ring512_20260823/cells/20260823T201000Z_xdp_drop_4000000.json
4000000	4	4	skb	read-data	1	True	1247635.0	0.688096	1.0	2559.9	6.3731	0.6871	0.0634	-	/home/luw/XDP3/data/paired/paired_4config_ring512_20260823/cells/20260823T201048Z_xdp_drop_4000000.json
11000000	4	1	native	no-touch	1	True	10999748.6	0.0	1.0	251.47	0.6164	0.0683	0.0035	-	/home/luw/XDP3/data/paired/paired_4config_ring512_20260823/cells/20260823T201135Z_xdp_drop_11000000.json
11000000	4	2	native	read-data	1	True	11000000.7	0.0	1.0	288.77	0.4106	0.0865	0.3073	-	/home/luw/XDP3/data/paired/paired_4config_ring512_20260823/cells/20260823T201223Z_xdp_drop_11000000.json
11000000	4	3	skb	no-touch	1	True	1244715.9	0.886846	1.0	2565.91	6.4831	0.2996	0.0645	-	/home/luw/XDP3/data/paired/paired_4config_ring512_20260823/cells/20260823T201311Z_xdp_drop_11000000.json
11000000	4	4	skb	read-data	1	True	1243624.1	0.886944	1.0	2568.13	6.4556	0.2808	0.0642	-	/home/luw/XDP3/data/paired/paired_4config_ring512_20260823/cells/20260823T201359Z_xdp_drop_11000000.json
3000000	4	1	skb	no-touch	1	True	1248441.4	0.583856	1.0	2558.21	6.2526	0.291	0.0644	-	/home/luw/XDP3/data/paired/paired_4config_ring512_20260823/cells/20260823T201446Z_xdp_drop_3000000.json
3000000	4	2	native	no-touch	1	True	3000010.5	0.0	1.0	430.65	1.0662	0.079	0.0207	-	/home/luw/XDP3/data/paired/paired_4config_ring512_20260823/cells/20260823T201534Z_xdp_drop_3000000.json
3000000	4	3	native	read-data	1	True	3000003.1	0.0	1.0	480.79	0.4779	0.0816	0.2496	-	/home/luw/XDP3/data/paired/paired_4config_ring512_20260823/cells/20260823T201622Z_xdp_drop_3000000.json
3000000	4	4	skb	read-data	1	True	1243100.7	0.585633	1.0	2569.18	6.4308	0.488	0.0644	-	/home/luw/XDP3/data/paired/paired_4config_ring512_20260823/cells/20260823T201710Z_xdp_drop_3000000.json
1500000	4	1	native	read-data	1	True	1500000.4	0.0	1.0	515.2	0.7719	0.0897	0.5615	-	/home/luw/XDP3/data/paired/paired_4config_ring512_20260823/cells/20260823T201757Z_xdp_drop_1500000.json
1500000	4	2	skb	no-touch	1	True	1246346.2	0.169105	1.0	2562.57	5.5487	0.2868	0.065	-	/home/luw/XDP3/data/paired/paired_4config_ring512_20260823/cells/20260823T201845Z_xdp_drop_1500000.json
1500000	4	3	skb	read-data	1	True	1245753.0	0.169499	1.0	2563.76	6.2943	0.267	0.0638	-	/home/luw/XDP3/data/paired/paired_4config_ring512_20260823/cells/20260823T201933Z_xdp_drop_1500000.json
1500000	4	4	native	no-touch	1	True	1500001.7	0.0	1.0	424.65	0.3463	0.0789	0.0198	-	/home/luw/XDP3/data/paired/paired_4config_ring512_20260823/cells/20260823T202020Z_xdp_drop_1500000.json
1000000	4	1	skb	no-touch	1	True	1000004.8	0.0	1.0	2762.51	7.3442	0.323	0.0342	-	/home/luw/XDP3/data/paired/paired_4config_ring512_20260823/cells/20260823T202108Z_xdp_drop_1000000.json
1000000	4	2	native	read-data	1	True	1000002.6	0.0	1.0	496.33	0.7306	0.0774	0.5086	-	/home/luw/XDP3/data/paired/paired_4config_ring512_20260823/cells/20260823T202156Z_xdp_drop_1000000.json
1000000	4	3	native	no-touch	1	True	1000002.4	0.0	1.0	411.85	0.7515	0.0709	0.0188	-	/home/luw/XDP3/data/paired/paired_4config_ring512_20260823/cells/20260823T202243Z_xdp_drop_1000000.json
1000000	4	4	skb	read-data	1	True	999999.3	0.0	1.0	2772.47	7.5215	0.723	0.0347	-	/home/luw/XDP3/data/paired/paired_4config_ring512_20260823/cells/20260823T202331Z_xdp_drop_1000000.json
2500000	4	1	skb	read-data	1	True	1244848.6	0.502066	1.0	2565.51	5.7662	0.6579	0.0626	-	/home/luw/XDP3/data/paired/paired_4config_ring512_20260823/cells/20260823T202419Z_xdp_drop_2500000.json
2500000	4	2	native	no-touch	1	True	2500011.6	0.0	1.0	454.05	0.7581	0.0675	0.0233	-	/home/luw/XDP3/data/paired/paired_4config_ring512_20260823/cells/20260823T202506Z_xdp_drop_2500000.json
2500000	4	3	skb	no-touch	1	True	1247385.4	0.501049	1.0	2560.42	5.4815	0.9886	0.0633	-	/home/luw/XDP3/data/paired/paired_4config_ring512_20260823/cells/20260823T202554Z_xdp_drop_2500000.json
2500000	4	4	native	read-data	1	True	2500003.3	0.0	1.0	556.49	0.9693	0.073	0.7398	-	/home/luw/XDP3/data/paired/paired_4config_ring512_20260823/cells/20260823T202642Z_xdp_drop_2500000.json
9000000	4	1	native	no-touch	1	True	9000014.4	0.0	1.0	273.01	0.3885	0.0765	0.0062	-	/home/luw/XDP3/data/paired/paired_4config_ring512_20260823/cells/20260823T202730Z_xdp_drop_9000000.json
9000000	4	2	native	read-data	1	True	9000017.1	0.0	1.0	324.77	0.6823	0.0944	0.4625	-	/home/luw/XDP3/data/paired/paired_4config_ring512_20260823/cells/20260823T202817Z_xdp_drop_9000000.json
9000000	4	3	skb	no-touch	1	True	1244978.3	0.861671	1.0	2565.36	5.6159	0.4618	0.0638	-	/home/luw/XDP3/data/paired/paired_4config_ring512_20260823/cells/20260823T202905Z_xdp_drop_9000000.json
9000000	4	4	skb	read-data	1	True	1244488.2	0.861726	1.0	2566.35	5.7874	0.4485	0.0631	-	/home/luw/XDP3/data/paired/paired_4config_ring512_20260823/cells/20260823T202953Z_xdp_drop_9000000.json
7500000	4	1	native	no-touch	1	True	7499994.3	0.0	1.0	310.83	0.887	0.0869	0.01	-	/home/luw/XDP3/data/paired/paired_4config_ring512_20260823/cells/20260823T203040Z_xdp_drop_7500000.json
7500000	4	2	skb	read-data	1	True	1242417.5	0.834348	1.0	2570.66	6.0121	0.7081	0.0638	-	/home/luw/XDP3/data/paired/paired_4config_ring512_20260823/cells/20260823T203128Z_xdp_drop_7500000.json
7500000	4	3	native	read-data	1	True	7500095.4	0.0	1.0	348.78	0.7418	0.1018	0.528	-	/home/luw/XDP3/data/paired/paired_4config_ring512_20260823/cells/20260823T203216Z_xdp_drop_7500000.json
7500000	4	4	skb	no-touch	1	True	1243136.7	0.834252	1.0	2569.08	6.5412	0.7746	0.0636	-	/home/luw/XDP3/data/paired/paired_4config_ring512_20260823/cells/20260823T203304Z_xdp_drop_7500000.json
11500000	4	1	native	read-data	1	True	8411247.6	0.268606	1.0	379.4	0.8735	0.0654	0.8748	-	/home/luw/XDP3/data/paired/paired_4config_ring512_20260823/cells/20260823T203352Z_xdp_drop_11500000.json
11500000	4	2	skb	no-touch	1	True	1248014.8	0.89148	1.0	2559.15	6.8022	0.2827	0.0643	-	/home/luw/XDP3/data/paired/paired_4config_ring512_20260823/cells/20260823T203439Z_xdp_drop_11500000.json
11500000	4	3	skb	read-data	1	True	1245257.5	0.891722	1.0	2564.82	6.0394	0.331	0.0648	-	/home/luw/XDP3/data/paired/paired_4config_ring512_20260823/cells/20260823T203527Z_xdp_drop_11500000.json
11500000	4	4	native	no-touch	1	True	11500245.9	0.0	1.0	249.43	0.3662	0.0753	0.0032	-	/home/luw/XDP3/data/paired/paired_4config_ring512_20260823/cells/20260823T203615Z_xdp_drop_11500000.json
5000000	4	1	skb	read-data	1	True	1244808.2	0.751045	1.0	2565.76	6.0071	0.2904	0.0643	-	/home/luw/XDP3/data/paired/paired_4config_ring512_20260823/cells/20260823T203702Z_xdp_drop_5000000.json
5000000	4	2	skb	no-touch	1	True	1245847.7	0.750834	1.0	2563.53	5.5533	0.265	0.064	-	/home/luw/XDP3/data/paired/paired_4config_ring512_20260823/cells/20260823T203750Z_xdp_drop_5000000.json
5000000	4	3	native	no-touch	1	True	4999963.2	0.0	1.0	386.16	1.1427	0.0766	0.0161	-	/home/luw/XDP3/data/paired/paired_4config_ring512_20260823/cells/20260823T203838Z_xdp_drop_5000000.json
5000000	4	4	native	read-data	1	True	4999979.6	0.0	1.0	464.61	0.956	0.1018	0.7725	-	/home/luw/XDP3/data/paired/paired_4config_ring512_20260823/cells/20260823T203925Z_xdp_drop_5000000.json
12500000	4	1	native	read-data	1	True	12111599.7	0.031085	1.0	263.7	0.2511	0.0645	0.1822	-	/home/luw/XDP3/data/paired/paired_4config_ring512_20260823/cells/20260823T204013Z_xdp_drop_12500000.json
12500000	4	2	skb	no-touch	1	True	1245834.1	0.900338	1.0	2563.59	5.7173	0.2722	0.0643	-	/home/luw/XDP3/data/paired/paired_4config_ring512_20260823/cells/20260823T204101Z_xdp_drop_12500000.json
12500000	4	3	skb	read-data	1	True	1242156.6	0.900631	1.0	2571.22	5.3852	0.2787	0.0647	-	/home/luw/XDP3/data/paired/paired_4config_ring512_20260823/cells/20260823T204149Z_xdp_drop_12500000.json
12500000	4	4	native	no-touch	1	True	12500145.2	0.0	1.0	243.83	1.107	0.0779	0.0011	-	/home/luw/XDP3/data/paired/paired_4config_ring512_20260823/cells/20260823T204236Z_xdp_drop_12500000.json
5500000	4	1	skb	read-data	1	True	1245558.3	0.773536	1.0	2564.15	5.4606	0.3014	0.065	-	/home/luw/XDP3/data/paired/paired_4config_ring512_20260823/cells/20260823T204324Z_xdp_drop_5500000.json
5500000	4	2	native	no-touch	1	True	5500005.0	0.0	1.0	365.49	0.8017	0.069	0.0135	-	/home/luw/XDP3/data/paired/paired_4config_ring512_20260823/cells/20260823T204412Z_xdp_drop_5500000.json
5500000	4	3	native	read-data	1	True	5499999.6	0.0	1.0	456.25	1.1939	0.1186	1.0106	-	/home/luw/XDP3/data/paired/paired_4config_ring512_20260823/cells/20260823T204459Z_xdp_drop_5500000.json
5500000	4	4	skb	no-touch	1	True	1247124.6	0.773251	1.0	2560.97	5.0747	1.1396	0.063	-	/home/luw/XDP3/data/paired/paired_4config_ring512_20260823/cells/20260823T204547Z_xdp_drop_5500000.json
7000000	4	1	skb	no-touch	1	True	1246739.8	0.821899	1.0	2561.75	6.1942	1.0921	0.0632	-	/home/luw/XDP3/data/paired/paired_4config_ring512_20260823/cells/20260823T204635Z_xdp_drop_7000000.json
7000000	4	2	native	no-touch	1	True	6999933.5	0.0	1.0	322.09	1.0746	0.0841	0.0114	-	/home/luw/XDP3/data/paired/paired_4config_ring512_20260823/cells/20260823T204722Z_xdp_drop_7000000.json
7000000	4	3	skb	read-data	1	True	1244109.3	0.822273	1.0	2567.14	6.1602	0.9274	0.0633	-	/home/luw/XDP3/data/paired/paired_4config_ring512_20260823/cells/20260823T204810Z_xdp_drop_7000000.json
7000000	4	4	native	read-data	1	True	7000047.0	0.0	1.0	409.12	0.9125	0.088	1.0042	-	/home/luw/XDP3/data/paired/paired_4config_ring512_20260823/cells/20260823T204858Z_xdp_drop_7000000.json
12000000	4	1	skb	no-touch	1	True	1245719.4	0.896196	1.0	2563.84	6.4582	0.9273	0.0633	-	/home/luw/XDP3/data/paired/paired_4config_ring512_20260823/cells/20260823T204945Z_xdp_drop_12000000.json
12000000	4	2	skb	read-data	1	True	1242164.5	0.89649	1.0	2571.13	5.9863	0.8895	0.0632	-	/home/luw/XDP3/data/paired/paired_4config_ring512_20260823/cells/20260823T205033Z_xdp_drop_12000000.json
12000000	4	3	native	read-data	1	True	8913128.4	0.257257	1.0	358.09	0.7689	0.0865	0.7686	-	/home/luw/XDP3/data/paired/paired_4config_ring512_20260823/cells/20260823T205121Z_xdp_drop_12000000.json
12000000	4	4	native	no-touch	1	True	12000126.6	0.0	1.0	247.55	0.8669	0.0717	0.0019	-	/home/luw/XDP3/data/paired/paired_4config_ring512_20260823/cells/20260823T205208Z_xdp_drop_12000000.json
3500000	4	1	skb	read-data	1	True	1243884.7	0.644607	1.0	2567.61	6.5375	0.7778	0.0636	-	/home/luw/XDP3/data/paired/paired_4config_ring512_20260823/cells/20260823T205256Z_xdp_drop_3500000.json
3500000	4	2	native	no-touch	1	True	3499987.8	0.0	1.0	420.36	0.6762	0.0675	0.0192	-	/home/luw/XDP3/data/paired/paired_4config_ring512_20260823/cells/20260823T205344Z_xdp_drop_3500000.json
3500000	4	3	skb	no-touch	1	True	1243577.8	0.644692	1.0	2568.27	6.3655	1.0859	0.0633	-	/home/luw/XDP3/data/paired/paired_4config_ring512_20260823/cells/20260823T205432Z_xdp_drop_3500000.json
3500000	4	4	native	read-data	1	True	3499986.2	0.0	1.0	536.47	0.992	0.1004	0.8115	-	/home/luw/XDP3/data/paired/paired_4config_ring512_20260823/cells/20260823T205520Z_xdp_drop_3500000.json
500000	4	1	skb	read-data	1	True	499999.3	0.0	1.0	2800.76	7.8011	0.3352	0.0272	-	/home/luw/XDP3/data/paired/paired_4config_ring512_20260823/cells/20260823T205607Z_xdp_drop_500000.json
500000	4	2	native	read-data	1	True	500000.7	0.0	1.0	451.28	0.4535	0.1006	0.2775	-	/home/luw/XDP3/data/paired/paired_4config_ring512_20260823/cells/20260823T205655Z_xdp_drop_500000.json
500000	4	3	skb	no-touch	1	True	500000.6	0.0	1.0	2803.17	8.0165	0.3389	0.0272	-	/home/luw/XDP3/data/paired/paired_4config_ring512_20260823/cells/20260823T205743Z_xdp_drop_500000.json
500000	4	4	native	no-touch	1	True	499999.3	0.0	1.0	388.9	0.4211	0.0819	0.0169	-	/home/luw/XDP3/data/paired/paired_4config_ring512_20260823/cells/20260823T205830Z_xdp_drop_500000.json
13000000	4	1	skb	read-data	1	True	1244958.9	0.904238	1.0	2565.39	6.3563	0.2988	0.0645	-	/home/luw/XDP3/data/paired/paired_4config_ring512_20260823/cells/20260823T205918Z_xdp_drop_13000000.json
13000000	4	2	native	read-data	1	True	12032464.1	0.074445	1.0	265.43	0.2548	0.0836	0.1879	-	/home/luw/XDP3/data/paired/paired_4config_ring512_20260823/cells/20260823T210006Z_xdp_drop_13000000.json
13000000	4	3	native	no-touch	1	True	13000312.8	0.0	1.0	238.65	0.3029	0.0757	0.0008	-	/home/luw/XDP3/data/paired/paired_4config_ring512_20260823/cells/20260823T210054Z_xdp_drop_13000000.json
13000000	4	4	skb	no-touch	1	True	1240765.2	0.904561	1.0	2574.08	6.6943	1.1163	0.0631	-	/home/luw/XDP3/data/paired/paired_4config_ring512_20260823/cells/20260823T210141Z_xdp_drop_13000000.json
2000000	4	1	skb	no-touch	1	True	1242776.6	0.378613	1.0	2569.93	6.1183	1.0637	0.0633	-	/home/luw/XDP3/data/paired/paired_4config_ring512_20260823/cells/20260823T210229Z_xdp_drop_2000000.json
2000000	4	2	skb	read-data	1	True	1238987.4	0.380509	1.0	2577.73	5.6724	1.0674	0.0631	-	/home/luw/XDP3/data/paired/paired_4config_ring512_20260823/cells/20260823T210317Z_xdp_drop_2000000.json
2000000	4	3	native	no-touch	1	True	2000002.6	0.0	1.0	419.35	0.9837	0.0684	0.0196	-	/home/luw/XDP3/data/paired/paired_4config_ring512_20260823/cells/20260823T210404Z_xdp_drop_2000000.json
2000000	4	4	native	read-data	1	True	2000002.2	0.0	1.0	528.29	0.8231	0.0962	0.6496	-	/home/luw/XDP3/data/paired/paired_4config_ring512_20260823/cells/20260823T210452Z_xdp_drop_2000000.json
10000000	4	1	skb	read-data	1	True	1240402.6	0.875961	1.0	2574.82	6.006	0.7483	0.0638	-	/home/luw/XDP3/data/paired/paired_4config_ring512_20260823/cells/20260823T210540Z_xdp_drop_10000000.json
10000000	4	2	native	read-data	1	True	9623030.5	0.037693	1.0	331.69	0.64	0.0595	0.5949	-	/home/luw/XDP3/data/paired/paired_4config_ring512_20260823/cells/20260823T210627Z_xdp_drop_10000000.json
10000000	4	3	skb	no-touch	1	True	1247585.7	0.875244	1.0	2560.06	5.3241	0.7198	0.0636	-	/home/luw/XDP3/data/paired/paired_4config_ring512_20260823/cells/20260823T210715Z_xdp_drop_10000000.json
10000000	4	4	native	no-touch	1	True	9999929.1	0.0	1.0	259.03	0.6378	0.0744	0.0043	-	/home/luw/XDP3/data/paired/paired_4config_ring512_20260823/cells/20260823T210803Z_xdp_drop_10000000.json
14500000	4	1	skb	no-touch	1	True	1243083.9	0.914273	1.0	2569.3	5.7035	0.9223	0.0635	-	/home/luw/XDP3/data/paired/paired_4config_ring512_20260823/cells/20260823T210851Z_xdp_drop_14500000.json
14500000	4	2	native	read-data	1	True	9467763.2	0.347059	1.0	337.23	0.6455	0.0838	0.6315	-	/home/luw/XDP3/data/paired/paired_4config_ring512_20260823/cells/20260823T210938Z_xdp_drop_14500000.json
14500000	4	3	skb	read-data	1	True	1244455.5	0.914171	1.0	2566.42	6.4441	0.2832	0.0644	-	/home/luw/XDP3/data/paired/paired_4config_ring512_20260823/cells/20260823T211026Z_xdp_drop_14500000.json
14500000	4	4	native	no-touch	1	True	14369320.0	0.009019	1.0	222.27	0.4253	0.0665	0.0	-	/home/luw/XDP3/data/paired/paired_4config_ring512_20260823/cells/20260823T211114Z_xdp_drop_14500000.json
6500000	4	1	skb	read-data	1	True	1245333.5	0.808413	1.0	2564.62	6.2037	0.3009	0.0647	-	/home/luw/XDP3/data/paired/paired_4config_ring512_20260823/cells/20260823T211202Z_xdp_drop_6500000.json
6500000	4	2	skb	no-touch	1	True	1249082.0	0.807836	1.0	2556.92	6.3791	0.2803	0.0632	-	/home/luw/XDP3/data/paired/paired_4config_ring512_20260823/cells/20260823T211249Z_xdp_drop_6500000.json
6500000	4	3	native	no-touch	1	True	6500007.2	0.0	1.0	332.67	0.4587	0.0756	0.012	-	/home/luw/XDP3/data/paired/paired_4config_ring512_20260823/cells/20260823T211337Z_xdp_drop_6500000.json
6500000	4	4	native	read-data	1	True	6499985.4	0.0	1.0	358.53	0.4731	0.0868	0.2123	-	/home/luw/XDP3/data/paired/paired_4config_ring512_20260823/cells/20260823T211425Z_xdp_drop_6500000.json
10500000	4	1	skb	read-data	1	True	1248010.6	0.881143	1.0	2559.15	6.5967	0.5277	0.0638	-	/home/luw/XDP3/data/paired/paired_4config_ring512_20260823/cells/20260823T211512Z_xdp_drop_10500000.json
10500000	4	2	native	no-touch	1	True	10499975.9	0.0	1.0	254.43	0.6004	0.0647	0.0039	-	/home/luw/XDP3/data/paired/paired_4config_ring512_20260823/cells/20260823T211600Z_xdp_drop_10500000.json
10500000	4	3	skb	no-touch	1	True	1243492.3	0.881573	1.0	2568.39	6.0372	1.1675	0.0635	-	/home/luw/XDP3/data/paired/paired_4config_ring512_20260823/cells/20260823T211648Z_xdp_drop_10500000.json
10500000	4	4	native	read-data	1	True	8579724.9	0.182876	1.0	372.1	0.8288	0.084	0.8376	-	/home/luw/XDP3/data/paired/paired_4config_ring512_20260823/cells/20260823T211735Z_xdp_drop_10500000.json
14880952	4	1	native	read-data	1	True	8040065.8	0.45956	1.0	396.86	0.9842	0.049	0.97	-	/home/luw/XDP3/data/paired/paired_4config_ring512_20260823/cells/20260823T211823Z_xdp_drop_14880952.json
14880952	4	2	skb	read-data	1	True	1245969.2	0.916256	1.0	2563.27	6.3738	0.2765	0.0639	-	/home/luw/XDP3/data/paired/paired_4config_ring512_20260823/cells/20260823T211911Z_xdp_drop_14880952.json
14880952	4	3	native	no-touch	1	True	14268757.8	0.041108	1.0	223.84	0.163	0.0709	0.0	-	/home/luw/XDP3/data/paired/paired_4config_ring512_20260823/cells/20260823T211958Z_xdp_drop_14880952.json
14880952	4	4	skb	no-touch	1	True	1245203.7	0.916308	1.0	2564.87	6.4095	0.2709	0.0644	-	/home/luw/XDP3/data/paired/paired_4config_ring512_20260823/cells/20260823T212046Z_xdp_drop_14880952.json
14880952	4	1	native	read-data	0	True	11956384.2	0.196506	1.0	0.0	0.0	0.0	0.0	-	/home/luw/XDP3/data/paired/paired_4config_ring512_20260823/cells/20260823T212134Z_xdp_drop_14880952.json
14880952	4	2	skb	no-touch	0	True	1247917.0	0.916124	1.0	0.0	0.0	0.0	0.0	-	/home/luw/XDP3/data/paired/paired_4config_ring512_20260823/cells/20260823T212222Z_xdp_drop_14880952.json
14880952	4	3	native	no-touch	0	True	14281407.0	0.040261	1.0	0.0	0.0	0.0	0.0	-	/home/luw/XDP3/data/paired/paired_4config_ring512_20260823/cells/20260823T212309Z_xdp_drop_14880952.json
14880952	4	4	skb	read-data	0	True	1248291.0	0.916097	1.0	0.0	0.0	0.0	0.0	-	/home/luw/XDP3/data/paired/paired_4config_ring512_20260823/cells/20260823T212357Z_xdp_drop_14880952.json
250000	4	1	native	read-data	1	True	249999.1	0.0	1.0	609.94	0.8363	0.0878	0.5924	-	/home/luw/XDP3/data/paired/paired_4config_ring512_20260823/cells/20260823T212445Z_xdp_drop_250000.json
250000	4	2	skb	no-touch	1	True	249998.9	0.0	1.0	2868.06	8.313	1.1697	0.0328	-	/home/luw/XDP3/data/paired/paired_4config_ring512_20260823/cells/20260823T212532Z_xdp_drop_250000.json
250000	4	3	skb	read-data	1	True	249999.9	0.0	1.0	2874.59	8.2823	1.1719	0.032	-	/home/luw/XDP3/data/paired/paired_4config_ring512_20260823/cells/20260823T212620Z_xdp_drop_250000.json
250000	4	4	native	no-touch	1	True	249999.4	0.0	1.0	524.51	1.0614	0.0657	0.0311	-	/home/luw/XDP3/data/paired/paired_4config_ring512_20260823/cells/20260823T212708Z_xdp_drop_250000.json
750000	4	1	native	no-touch	1	True	750002.9	0.0	1.0	412.84	0.7676	0.085	0.0189	-	/home/luw/XDP3/data/paired/paired_4config_ring512_20260823/cells/20260823T212755Z_xdp_drop_750000.json
750000	4	2	native	read-data	1	True	750002.1	0.0	1.0	563.46	1.1423	0.0756	0.9071	-	/home/luw/XDP3/data/paired/paired_4config_ring512_20260823/cells/20260823T212843Z_xdp_drop_750000.json
750000	4	3	skb	no-touch	1	True	750001.7	0.0	1.0	2847.64	7.6804	0.8451	0.0289	-	/home/luw/XDP3/data/paired/paired_4config_ring512_20260823/cells/20260823T212931Z_xdp_drop_750000.json
750000	4	4	skb	read-data	1	True	750001.9	0.0	1.0	2852.09	7.8595	0.8471	0.0289	-	/home/luw/XDP3/data/paired/paired_4config_ring512_20260823/cells/20260823T213019Z_xdp_drop_750000.json
8500000	4	1	native	no-touch	1	True	8499871.0	0.0	1.0	284.42	0.8167	0.0802	0.0075	-	/home/luw/XDP3/data/paired/paired_4config_ring512_20260823/cells/20260823T213106Z_xdp_drop_8500000.json
8500000	4	2	skb	read-data	1	True	1241699.2	0.853918	1.0	2572.15	6.6667	1.0079	0.0636	-	/home/luw/XDP3/data/paired/paired_4config_ring512_20260823/cells/20260823T213154Z_xdp_drop_8500000.json
8500000	4	3	skb	no-touch	1	True	1243049.7	0.853758	1.0	2569.39	5.9337	0.9744	0.0634	-	/home/luw/XDP3/data/paired/paired_4config_ring512_20260823/cells/20260823T213242Z_xdp_drop_8500000.json
8500000	4	4	native	read-data	1	True	8101103.1	0.046919	1.0	393.88	0.8931	0.0523	1.0001	-	/home/luw/XDP3/data/paired/paired_4config_ring512_20260823/cells/20260823T213330Z_xdp_drop_8500000.json
9500000	4	1	native	no-touch	1	True	9499855.3	0.0	1.0	264.42	1.0932	0.0673	0.0051	-	/home/luw/XDP3/data/paired/paired_4config_ring512_20260823/cells/20260823T213417Z_xdp_drop_9500000.json
9500000	4	2	skb	read-data	1	True	1242973.4	0.869157	1.0	2569.51	6.3121	0.5576	0.0633	-	/home/luw/XDP3/data/paired/paired_4config_ring512_20260823/cells/20260823T213505Z_xdp_drop_9500000.json
9500000	4	3	native	read-data	1	True	9499833.0	0.0	1.0	318.23	0.8175	0.0688	0.4104	-	/home/luw/XDP3/data/paired/paired_4config_ring512_20260823/cells/20260823T213553Z_xdp_drop_9500000.json
9500000	4	4	skb	no-touch	1	True	1248122.7	0.868619	1.0	2558.91	5.6614	0.2995	0.0642	-	/home/luw/XDP3/data/paired/paired_4config_ring512_20260823/cells/20260823T213640Z_xdp_drop_9500000.json
6000000	4	1	native	no-touch	1	True	6000009.9	0.0	1.0	346.83	0.4185	0.0855	0.0124	-	/home/luw/XDP3/data/paired/paired_4config_ring512_20260823/cells/20260823T213728Z_xdp_drop_6000000.json
6000000	4	2	skb	no-touch	1	True	1250691.3	0.791553	1.0	2553.61	5.601	0.5605	0.064	-	/home/luw/XDP3/data/paired/paired_4config_ring512_20260823/cells/20260823T213816Z_xdp_drop_6000000.json
6000000	4	3	native	read-data	1	True	6000013.9	0.0	1.0	391.35	0.6898	0.1026	0.466	-	/home/luw/XDP3/data/paired/paired_4config_ring512_20260823/cells/20260823T213903Z_xdp_drop_6000000.json
6000000	4	4	skb	read-data	1	True	1244661.4	0.79256	1.0	2565.96	5.6209	0.2915	0.0641	-	/home/luw/XDP3/data/paired/paired_4config_ring512_20260823/cells/20260823T213951Z_xdp_drop_6000000.json
13500000	4	1	skb	read-data	1	True	1244395.8	0.907826	1.0	2566.55	5.8728	0.2738	0.0634	-	/home/luw/XDP3/data/paired/paired_4config_ring512_20260823/cells/20260823T214039Z_xdp_drop_13500000.json
13500000	4	2	native	read-data	1	True	11962701.2	0.113888	1.0	266.99	0.2699	0.0678	0.1977	-	/home/luw/XDP3/data/paired/paired_4config_ring512_20260823/cells/20260823T214126Z_xdp_drop_13500000.json
13500000	4	3	skb	no-touch	1	True	1249127.8	0.907459	1.0	2556.86	6.0917	0.2807	0.0641	-	/home/luw/XDP3/data/paired/paired_4config_ring512_20260823/cells/20260823T214214Z_xdp_drop_13500000.json
13500000	4	4	native	no-touch	1	True	13500289.9	0.0	1.0	232.9	0.6886	0.0629	0.0004	-	/home/luw/XDP3/data/paired/paired_4config_ring512_20260823/cells/20260823T214302Z_xdp_drop_13500000.json
10500000	5	1	skb	read-data	1	True	1241505.9	0.881763	1.0	2572.59	6.5211	0.8783	0.0635	-	/home/luw/XDP3/data/paired/paired_4config_ring512_20260823/cells/20260823T214350Z_xdp_drop_10500000.json
10500000	5	2	skb	no-touch	1	True	1246685.8	0.88127	1.0	2561.86	6.4467	0.8554	0.0636	-	/home/luw/XDP3/data/paired/paired_4config_ring512_20260823/cells/20260823T214437Z_xdp_drop_10500000.json
10500000	5	3	native	read-data	1	True	9228572.3	0.121078	1.0	345.92	0.7057	0.0834	0.6945	-	/home/luw/XDP3/data/paired/paired_4config_ring512_20260823/cells/20260823T214525Z_xdp_drop_10500000.json
10500000	5	4	native	no-touch	1	True	10499967.0	0.0	1.0	254.37	0.7805	0.0757	0.0039	-	/home/luw/XDP3/data/paired/paired_4config_ring512_20260823/cells/20260823T214613Z_xdp_drop_10500000.json
9500000	5	1	native	read-data	1	True	8456953.1	0.109761	1.0	377.46	0.8831	0.0757	0.8961	-	/home/luw/XDP3/data/paired/paired_4config_ring512_20260823/cells/20260823T214700Z_xdp_drop_9500000.json
9500000	5	2	skb	no-touch	1	True	1248977.9	0.868529	1.0	2557.14	6.7339	0.2757	0.0642	-	/home/luw/XDP3/data/paired/paired_4config_ring512_20260823/cells/20260823T214748Z_xdp_drop_9500000.json
9500000	5	3	skb	read-data	1	True	1242916.0	0.869168	1.0	2569.59	6.1545	0.3946	0.0653	-	/home/luw/XDP3/data/paired/paired_4config_ring512_20260823/cells/20260823T214836Z_xdp_drop_9500000.json
9500000	5	4	native	no-touch	1	True	9499878.2	0.0	1.0	264.96	0.3756	0.0911	0.0051	-	/home/luw/XDP3/data/paired/paired_4config_ring512_20260823/cells/20260823T214923Z_xdp_drop_9500000.json
12500000	5	1	native	no-touch	1	True	12500025.3	0.0	1.0	244.99	0.4451	0.0778	0.0011	-	/home/luw/XDP3/data/paired/paired_4config_ring512_20260823/cells/20260823T215011Z_xdp_drop_12500000.json
12500000	5	2	skb	read-data	1	True	1237375.4	0.901009	1.0	2581.17	6.7059	1.1663	0.0635	-	/home/luw/XDP3/data/paired/paired_4config_ring512_20260823/cells/20260823T215059Z_xdp_drop_12500000.json
12500000	5	3	skb	no-touch	1	True	1240668.2	0.90075	1.0	2574.25	6.3329	1.1487	0.0634	-	/home/luw/XDP3/data/paired/paired_4config_ring512_20260823/cells/20260823T215147Z_xdp_drop_12500000.json
12500000	5	4	native	read-data	1	True	8399816.8	0.328025	1.0	379.99	0.8987	0.0696	0.9039	-	/home/luw/XDP3/data/paired/paired_4config_ring512_20260823/cells/20260823T215234Z_xdp_drop_12500000.json
4500000	5	1	skb	no-touch	1	True	1230754.9	0.726502	1.0	2595.02	6.5689	0.3771	0.0639	-	/home/luw/XDP3/data/paired/paired_4config_ring512_20260823/cells/20260823T215322Z_xdp_drop_4500000.json
4500000	5	2	skb	read-data	1	True	1241792.0	0.72405	1.0	2571.93	6.1794	0.3797	0.0642	-	/home/luw/XDP3/data/paired/paired_4config_ring512_20260823/cells/20260823T215410Z_xdp_drop_4500000.json
4500000	5	3	native	no-touch	1	True	4500001.8	0.0	1.0	400.64	0.4578	0.0895	0.0159	-	/home/luw/XDP3/data/paired/paired_4config_ring512_20260823/cells/20260823T215457Z_xdp_drop_4500000.json
4500000	5	4	native	read-data	1	True	4500020.4	0.0	1.0	429.94	0.4895	0.1047	0.2332	-	/home/luw/XDP3/data/paired/paired_4config_ring512_20260823/cells/20260823T215545Z_xdp_drop_4500000.json
2000000	5	1	skb	read-data	1	True	1239065.1	0.38047	1.0	2577.62	6.2469	0.2829	0.0648	-	/home/luw/XDP3/data/paired/paired_4config_ring512_20260823/cells/20260823T215633Z_xdp_drop_2000000.json
2000000	5	2	native	no-touch	1	True	2000007.7	0.0	1.0	419.19	0.395	0.0767	0.0196	-	/home/luw/XDP3/data/paired/paired_4config_ring512_20260823/cells/20260823T215721Z_xdp_drop_2000000.json
2000000	5	3	native	read-data	1	True	2000010.0	0.0	1.0	461.7	0.4415	0.1071	0.2465	-	/home/luw/XDP3/data/paired/paired_4config_ring512_20260823/cells/20260823T215808Z_xdp_drop_2000000.json
2000000	5	4	skb	no-touch	1	True	1247634.6	0.376184	1.0	2559.91	6.53	0.2618	0.0643	-	/home/luw/XDP3/data/paired/paired_4config_ring512_20260823/cells/20260823T215856Z_xdp_drop_2000000.json
500000	5	1	native	read-data	1	True	500000.1	0.0	1.0	456.74	0.5302	0.1064	0.351	-	/home/luw/XDP3/data/paired/paired_4config_ring512_20260823/cells/20260823T215944Z_xdp_drop_500000.json
500000	5	2	native	no-touch	1	True	500001.4	0.0	1.0	392.56	0.3492	0.0937	0.017	-	/home/luw/XDP3/data/paired/paired_4config_ring512_20260823/cells/20260823T220032Z_xdp_drop_500000.json
500000	5	3	skb	read-data	1	True	499998.8	0.0	1.0	2798.6	7.9514	0.3234	0.0268	-	/home/luw/XDP3/data/paired/paired_4config_ring512_20260823/cells/20260823T220119Z_xdp_drop_500000.json
500000	5	4	skb	no-touch	1	True	500002.0	0.0	1.0	2798.78	7.9293	0.3175	0.0269	-	/home/luw/XDP3/data/paired/paired_4config_ring512_20260823/cells/20260823T220207Z_xdp_drop_500000.json
8500000	5	1	skb	no-touch	1	True	1245632.5	0.853451	1.0	2563.97	6.4355	0.3201	0.0638	-	/home/luw/XDP3/data/paired/paired_4config_ring512_20260823/cells/20260823T220255Z_xdp_drop_8500000.json
8500000	5	2	skb	read-data	1	True	1245621.1	0.853457	1.0	2564.02	5.8485	0.2673	0.0638	-	/home/luw/XDP3/data/paired/paired_4config_ring512_20260823/cells/20260823T220342Z_xdp_drop_8500000.json
8500000	5	3	native	no-touch	1	True	8499864.3	0.0	1.0	284.46	0.4193	0.0696	0.0075	-	/home/luw/XDP3/data/paired/paired_4config_ring512_20260823/cells/20260823T220430Z_xdp_drop_8500000.json
8500000	5	4	native	read-data	1	True	8499879.0	0.0	1.0	316.34	0.5533	0.0796	0.3452	-	/home/luw/XDP3/data/paired/paired_4config_ring512_20260823/cells/20260823T220518Z_xdp_drop_8500000.json
7000000	5	1	skb	read-data	1	True	1237396.8	0.823233	1.0	2581.12	6.2198	1.2297	0.0634	-	/home/luw/XDP3/data/paired/paired_4config_ring512_20260823/cells/20260823T220605Z_xdp_drop_7000000.json
7000000	5	2	native	read-data	1	True	7000054.5	0.0	1.0	397.67	1.1135	0.0824	0.9042	-	/home/luw/XDP3/data/paired/paired_4config_ring512_20260823/cells/20260823T220653Z_xdp_drop_7000000.json
7000000	5	3	skb	no-touch	1	True	1244214.4	0.822259	1.0	2566.98	6.3933	0.7086	0.0634	-	/home/luw/XDP3/data/paired/paired_4config_ring512_20260823/cells/20260823T220741Z_xdp_drop_7000000.json
7000000	5	4	native	no-touch	1	True	7000057.3	0.0	1.0	321.86	0.8048	0.0791	0.0114	-	/home/luw/XDP3/data/paired/paired_4config_ring512_20260823/cells/20260823T220829Z_xdp_drop_7000000.json
11500000	5	1	native	read-data	1	True	9604756.1	0.16482	1.0	332.36	0.6068	0.0683	0.5764	-	/home/luw/XDP3/data/paired/paired_4config_ring512_20260823/cells/20260823T220917Z_xdp_drop_11500000.json
11500000	5	2	skb	no-touch	1	True	1247301.7	0.891545	1.0	2560.6	6.4385	0.4715	0.0636	-	/home/luw/XDP3/data/paired/paired_4config_ring512_20260823/cells/20260823T221004Z_xdp_drop_11500000.json
11500000	5	3	native	no-touch	1	True	11500247.4	0.0	1.0	249.2	0.553	0.074	0.0031	-	/home/luw/XDP3/data/paired/paired_4config_ring512_20260823/cells/20260823T221052Z_xdp_drop_11500000.json
11500000	5	4	skb	read-data	1	True	1244236.5	0.891809	1.0	2566.9	6.6258	0.3094	0.0647	-	/home/luw/XDP3/data/paired/paired_4config_ring512_20260823/cells/20260823T221140Z_xdp_drop_11500000.json
14000000	5	1	native	no-touch	1	True	14000169.0	0.0	1.0	227.45	1.0144	0.0478	0.0001	-	/home/luw/XDP3/data/paired/paired_4config_ring512_20260823/cells/20260823T221227Z_xdp_drop_14000000.json
14000000	5	2	skb	read-data	1	True	1241780.5	0.911305	1.0	2571.96	6.6007	0.3065	0.0639	-	/home/luw/XDP3/data/paired/paired_4config_ring512_20260823/cells/20260823T221315Z_xdp_drop_14000000.json
14000000	5	3	skb	no-touch	1	True	1243706.7	0.911165	1.0	2568.02	6.4789	0.306	0.0646	-	/home/luw/XDP3/data/paired/paired_4config_ring512_20260823/cells/20260823T221403Z_xdp_drop_14000000.json
14000000	5	4	native	read-data	1	True	9687982.4	0.308001	1.0	329.55	0.6111	0.0968	0.5949	-	/home/luw/XDP3/data/paired/paired_4config_ring512_20260823/cells/20260823T221450Z_xdp_drop_14000000.json
14000000	5	1	native	read-data	0	True	12781100.7	0.087069	1.0	0.0	0.0	0.0	0.0	-	/home/luw/XDP3/data/paired/paired_4config_ring512_20260823/cells/20260823T221538Z_xdp_drop_14000000.json
14000000	5	2	native	no-touch	0	True	14000162.0	0.0	1.0	0.0	0.0	0.0	0.0	-	/home/luw/XDP3/data/paired/paired_4config_ring512_20260823/cells/20260823T221626Z_xdp_drop_14000000.json
14000000	5	3	skb	read-data	0	True	1245273.9	0.911054	1.0	0.0	0.0	0.0	0.0	-	/home/luw/XDP3/data/paired/paired_4config_ring512_20260823/cells/20260823T221714Z_xdp_drop_14000000.json
14000000	5	4	skb	no-touch	0	True	1249360.2	0.910742	1.0	0.0	0.0	0.0	0.0	-	/home/luw/XDP3/data/paired/paired_4config_ring512_20260823/cells/20260823T221801Z_xdp_drop_14000000.json
1500000	5	1	skb	no-touch	1	True	1248799.6	0.167468	1.0	2557.46	6.4285	0.2735	0.0648	-	/home/luw/XDP3/data/paired/paired_4config_ring512_20260823/cells/20260823T221849Z_xdp_drop_1500000.json
1500000	5	2	skb	read-data	1	True	1247039.6	0.168643	1.0	2561.15	6.4194	0.276	0.0646	-	/home/luw/XDP3/data/paired/paired_4config_ring512_20260823/cells/20260823T221937Z_xdp_drop_1500000.json
1500000	5	3	native	read-data	1	True	1500001.0	0.0	1.0	470.45	0.4575	0.0922	0.2634	-	/home/luw/XDP3/data/paired/paired_4config_ring512_20260823/cells/20260823T222024Z_xdp_drop_1500000.json
1500000	5	4	native	no-touch	1	True	1500000.2	0.0	1.0	426.2	1.038	0.075	0.0198	-	/home/luw/XDP3/data/paired/paired_4config_ring512_20260823/cells/20260823T222112Z_xdp_drop_1500000.json
14880952	5	1	skb	no-touch	1	True	1244794.7	0.916333	1.0	2565.72	6.7474	0.9373	0.0632	-	/home/luw/XDP3/data/paired/paired_4config_ring512_20260823/cells/20260823T222200Z_xdp_drop_14880952.json
14880952	5	2	native	no-touch	1	True	14273358.3	0.040802	1.0	223.76	0.639	0.0506	0.0	-	/home/luw/XDP3/data/paired/paired_4config_ring512_20260823/cells/20260823T222247Z_xdp_drop_14880952.json
14880952	5	3	skb	read-data	1	True	1243863.6	0.916392	1.0	2567.68	6.4743	0.3989	0.0646	-	/home/luw/XDP3/data/paired/paired_4config_ring512_20260823/cells/20260823T222335Z_xdp_drop_14880952.json
14880952	5	4	native	read-data	1	True	11824328.4	0.20538	1.0	270.1	0.2739	0.0895	0.2162	-	/home/luw/XDP3/data/paired/paired_4config_ring512_20260823/cells/20260823T222423Z_xdp_drop_14880952.json
14880952	5	1	skb	no-touch	0	True	1243368.8	0.916428	1.0	0.0	0.0	0.0	0.0	-	/home/luw/XDP3/data/paired/paired_4config_ring512_20260823/cells/20260823T222511Z_xdp_drop_14880952.json
14880952	5	2	skb	read-data	0	True	1240149.5	0.916647	1.0	0.0	0.0	0.0	0.0	-	/home/luw/XDP3/data/paired/paired_4config_ring512_20260823/cells/20260823T222558Z_xdp_drop_14880952.json
14880952	5	3	native	no-touch	0	True	14401419.7	0.032197	1.0	0.0	0.0	0.0	0.0	-	/home/luw/XDP3/data/paired/paired_4config_ring512_20260823/cells/20260823T222646Z_xdp_drop_14880952.json
14880952	5	4	native	read-data	0	True	9393905.1	0.368706	1.0	0.0	0.0	0.0	0.0	-	/home/luw/XDP3/data/paired/paired_4config_ring512_20260823/cells/20260823T222734Z_xdp_drop_14880952.json
8000000	5	1	native	no-touch	1	True	7999958.3	0.0	1.0	297.93	0.7043	0.0912	0.009	-	/home/luw/XDP3/data/paired/paired_4config_ring512_20260823/cells/20260823T222822Z_xdp_drop_8000000.json
8000000	5	2	skb	read-data	1	True	1247672.7	0.844042	1.0	2559.83	6.0962	0.2986	0.0667	-	/home/luw/XDP3/data/paired/paired_4config_ring512_20260823/cells/20260823T222909Z_xdp_drop_8000000.json
8000000	5	3	native	read-data	1	True	7999958.6	0.0	1.0	314.86	0.4911	0.0765	0.2193	-	/home/luw/XDP3/data/paired/paired_4config_ring512_20260823/cells/20260823T222957Z_xdp_drop_8000000.json
8000000	5	4	skb	no-touch	1	True	1243872.0	0.844515	1.0	2567.66	6.6934	1.0051	0.063	-	/home/luw/XDP3/data/paired/paired_4config_ring512_20260823/cells/20260823T223045Z_xdp_drop_8000000.json
9000000	5	1	skb	read-data	1	True	1238998.0	0.862336	1.0	2577.71	6.2497	1.0008	0.0631	-	/home/luw/XDP3/data/paired/paired_4config_ring512_20260823/cells/20260823T223132Z_xdp_drop_9000000.json
9000000	5	2	native	read-data	1	True	9000050.3	1.4e-05	1.0	351.75	0.8253	0.0892	0.7024	-	/home/luw/XDP3/data/paired/paired_4config_ring512_20260823/cells/20260823T223220Z_xdp_drop_9000000.json
9000000	5	3	native	no-touch	1	True	9000035.9	0.0	1.0	272.66	0.8311	0.07	0.0062	-	/home/luw/XDP3/data/paired/paired_4config_ring512_20260823/cells/20260823T223308Z_xdp_drop_9000000.json
9000000	5	4	skb	no-touch	1	True	1245443.0	0.86162	1.0	2564.37	5.245	0.2939	0.0646	-	/home/luw/XDP3/data/paired/paired_4config_ring512_20260823/cells/20260823T223356Z_xdp_drop_9000000.json
12000000	5	1	skb	read-data	1	True	1246390.4	0.896137	1.0	2562.44	5.7959	0.2748	0.0634	-	/home/luw/XDP3/data/paired/paired_4config_ring512_20260823/cells/20260823T223443Z_xdp_drop_12000000.json
12000000	5	2	skb	no-touch	1	True	1244345.6	0.896308	1.0	2566.63	5.8566	0.2755	0.0634	-	/home/luw/XDP3/data/paired/paired_4config_ring512_20260823/cells/20260823T223531Z_xdp_drop_12000000.json
12000000	5	3	native	no-touch	1	True	12000243.5	0.0	1.0	247.18	1.1711	0.0637	0.0019	-	/home/luw/XDP3/data/paired/paired_4config_ring512_20260823/cells/20260823T223618Z_xdp_drop_12000000.json
12000000	5	4	native	read-data	1	True	8637714.1	0.28021	1.0	369.57	0.8296	0.0734	0.8335	-	/home/luw/XDP3/data/paired/paired_4config_ring512_20260823/cells/20260823T223706Z_xdp_drop_12000000.json
5500000	5	1	native	read-data	1	True	5499991.5	0.0	1.0	446.65	1.072	0.1272	0.8969	-	/home/luw/XDP3/data/paired/paired_4config_ring512_20260823/cells/20260823T223754Z_xdp_drop_5500000.json
5500000	5	2	native	no-touch	1	True	5499959.8	0.0	1.0	365.0	0.7257	0.077	0.0135	-	/home/luw/XDP3/data/paired/paired_4config_ring512_20260823/cells/20260823T223842Z_xdp_drop_5500000.json
5500000	5	3	skb	no-touch	1	True	1248374.4	0.773025	1.0	2558.41	6.006	0.2755	0.0657	-	/home/luw/XDP3/data/paired/paired_4config_ring512_20260823/cells/20260823T223929Z_xdp_drop_5500000.json
5500000	5	4	skb	read-data	1	True	1247942.1	0.773103	1.0	2559.29	6.341	0.2807	0.0635	-	/home/luw/XDP3/data/paired/paired_4config_ring512_20260823/cells/20260823T224017Z_xdp_drop_5500000.json
14500000	5	1	native	no-touch	1	True	14220828.3	0.019257	1.0	224.59	0.5625	0.0712	0.0	-	/home/luw/XDP3/data/paired/paired_4config_ring512_20260823/cells/20260823T224105Z_xdp_drop_14500000.json
14500000	5	2	native	read-data	1	True	9990534.6	0.310992	1.0	319.6	0.5471	0.0652	0.5302	-	/home/luw/XDP3/data/paired/paired_4config_ring512_20260823/cells/20260823T224152Z_xdp_drop_14500000.json
14500000	5	3	skb	no-touch	1	True	1244920.8	0.914138	1.0	2565.43	4.7303	1.1978	0.0631	-	/home/luw/XDP3/data/paired/paired_4config_ring512_20260823/cells/20260823T224240Z_xdp_drop_14500000.json
14500000	5	4	skb	read-data	1	True	1242215.7	0.914334	1.0	2571.07	4.9494	1.1477	0.0631	-	/home/luw/XDP3/data/paired/paired_4config_ring512_20260823/cells/20260823T224328Z_xdp_drop_14500000.json
6500000	5	1	skb	no-touch	1	True	1243203.1	0.808741	1.0	2569.03	4.9516	1.1506	0.0631	-	/home/luw/XDP3/data/paired/paired_4config_ring512_20260823/cells/20260823T224415Z_xdp_drop_6500000.json
6500000	5	2	native	read-data	1	True	6499898.9	0.0	1.0	404.89	1.0715	0.1098	0.8606	-	/home/luw/XDP3/data/paired/paired_4config_ring512_20260823/cells/20260823T224503Z_xdp_drop_6500000.json
6500000	5	3	native	no-touch	1	True	6500011.7	0.0	1.0	331.62	1.1306	0.0635	0.0122	-	/home/luw/XDP3/data/paired/paired_4config_ring512_20260823/cells/20260823T224551Z_xdp_drop_6500000.json
6500000	5	4	skb	read-data	1	True	1244440.2	0.808544	1.0	2566.53	5.2385	0.5544	0.0637	-	/home/luw/XDP3/data/paired/paired_4config_ring512_20260823/cells/20260823T224639Z_xdp_drop_6500000.json
5000000	5	1	skb	read-data	1	True	1243509.8	0.751297	1.0	2568.39	5.8518	0.5242	0.0635	-	/home/luw/XDP3/data/paired/paired_4config_ring512_20260823/cells/20260823T224727Z_xdp_drop_5000000.json
5000000	5	2	skb	no-touch	1	True	1245046.2	0.750991	1.0	2565.22	6.098	0.531	0.0634	-	/home/luw/XDP3/data/paired/paired_4config_ring512_20260823/cells/20260823T224814Z_xdp_drop_5000000.json
5000000	5	3	native	read-data	1	True	4999970.6	0.0	1.0	433.59	0.6945	0.1098	0.456	-	/home/luw/XDP3/data/paired/paired_4config_ring512_20260823/cells/20260823T224902Z_xdp_drop_5000000.json
5000000	5	4	native	no-touch	1	True	4999961.5	0.0	1.0	385.42	1.0792	0.0692	0.0161	-	/home/luw/XDP3/data/paired/paired_4config_ring512_20260823/cells/20260823T224950Z_xdp_drop_5000000.json
750000	5	1	skb	read-data	1	True	749999.4	0.0	1.0	2845.92	8.0279	0.4555	0.0293	-	/home/luw/XDP3/data/paired/paired_4config_ring512_20260823/cells/20260823T225037Z_xdp_drop_750000.json
750000	5	2	skb	no-touch	1	True	750002.0	0.0	1.0	2840.46	8.0105	0.4505	0.0292	-	/home/luw/XDP3/data/paired/paired_4config_ring512_20260823/cells/20260823T225125Z_xdp_drop_750000.json
750000	5	3	native	read-data	1	True	750001.0	0.0	1.0	473.1	0.6084	0.0816	0.3547	-	/home/luw/XDP3/data/paired/paired_4config_ring512_20260823/cells/20260823T225213Z_xdp_drop_750000.json
750000	5	4	native	no-touch	1	True	750003.9	0.0	1.0	411.06	1.1084	0.0649	0.0189	-	/home/luw/XDP3/data/paired/paired_4config_ring512_20260823/cells/20260823T225300Z_xdp_drop_750000.json
3000000	5	1	skb	read-data	1	True	1249588.8	0.583467	1.0	2555.92	5.2548	0.3772	0.0638	-	/home/luw/XDP3/data/paired/paired_4config_ring512_20260823/cells/20260823T225348Z_xdp_drop_3000000.json
3000000	5	2	native	read-data	1	True	3000009.2	0.0	1.0	543.68	0.9907	0.0772	0.7154	-	/home/luw/XDP3/data/paired/paired_4config_ring512_20260823/cells/20260823T225436Z_xdp_drop_3000000.json
3000000	5	3	native	no-touch	1	True	3000007.5	0.0	1.0	428.67	1.0822	0.0569	0.0206	-	/home/luw/XDP3/data/paired/paired_4config_ring512_20260823/cells/20260823T225524Z_xdp_drop_3000000.json
3000000	5	4	skb	no-touch	1	True	1243751.9	0.585417	1.0	2567.86	5.1369	1.1733	0.0633	-	/home/luw/XDP3/data/paired/paired_4config_ring512_20260823/cells/20260823T225611Z_xdp_drop_3000000.json
4000000	5	1	skb	no-touch	1	True	1241935.0	0.68952	1.0	2571.66	5.8489	1.1463	0.0632	-	/home/luw/XDP3/data/paired/paired_4config_ring512_20260823/cells/20260823T225659Z_xdp_drop_4000000.json
4000000	5	2	native	read-data	1	True	4000036.1	0.0	1.0	520.66	1.0794	0.0941	0.8694	-	/home/luw/XDP3/data/paired/paired_4config_ring512_20260823/cells/20260823T225747Z_xdp_drop_4000000.json
4000000	5	3	skb	read-data	1	True	1247009.3	0.688255	1.0	2561.21	6.1754	0.2604	0.0639	-	/home/luw/XDP3/data/paired/paired_4config_ring512_20260823/cells/20260823T225834Z_xdp_drop_4000000.json
4000000	5	4	native	no-touch	1	True	4000035.1	0.0	1.0	402.54	0.3481	0.0983	0.0176	-	/home/luw/XDP3/data/paired/paired_4config_ring512_20260823/cells/20260823T225922Z_xdp_drop_4000000.json
11000000	5	1	skb	no-touch	1	True	1249910.0	0.886374	1.0	2555.22	6.0328	0.2384	0.0633	-	/home/luw/XDP3/data/paired/paired_4config_ring512_20260823/cells/20260823T230010Z_xdp_drop_11000000.json
11000000	5	2	native	read-data	1	True	10737187.4	0.023877	1.0	297.44	0.467	0.0376	0.3272	-	/home/luw/XDP3/data/paired/paired_4config_ring512_20260823/cells/20260823T230057Z_xdp_drop_11000000.json
11000000	5	3	native	no-touch	1	True	10999975.2	0.0	1.0	251.43	1.1031	0.0702	0.0035	-	/home/luw/XDP3/data/paired/paired_4config_ring512_20260823/cells/20260823T230145Z_xdp_drop_11000000.json
11000000	5	4	skb	read-data	1	True	1246937.1	0.886645	1.0	2561.37	6.7216	0.2911	0.0645	-	/home/luw/XDP3/data/paired/paired_4config_ring512_20260823/cells/20260823T230233Z_xdp_drop_11000000.json
3500000	5	1	skb	read-data	1	True	1244182.9	0.64452	1.0	2567.01	6.3246	0.3193	0.0646	-	/home/luw/XDP3/data/paired/paired_4config_ring512_20260823/cells/20260823T230321Z_xdp_drop_3500000.json
3500000	5	2	native	read-data	1	True	3499976.5	0.0	1.0	462.54	0.5756	0.0965	0.2547	-	/home/luw/XDP3/data/paired/paired_4config_ring512_20260823/cells/20260823T230408Z_xdp_drop_3500000.json
3500000	5	3	native	no-touch	1	True	3499987.2	0.0	1.0	419.76	0.5394	0.057	0.0192	-	/home/luw/XDP3/data/paired/paired_4config_ring512_20260823/cells/20260823T230456Z_xdp_drop_3500000.json
3500000	5	4	skb	no-touch	1	True	1244400.0	0.644458	1.0	2566.57	5.4575	0.7023	0.0642	-	/home/luw/XDP3/data/paired/paired_4config_ring512_20260823/cells/20260823T230544Z_xdp_drop_3500000.json
2500000	5	1	skb	read-data	1	True	1243903.3	0.50244	1.0	2567.59	6.0452	0.7016	0.0644	-	/home/luw/XDP3/data/paired/paired_4config_ring512_20260823/cells/20260823T230632Z_xdp_drop_2500000.json
2500000	5	2	native	no-touch	1	True	2499996.6	0.0	1.0	452.91	0.6663	0.061	0.0231	-	/home/luw/XDP3/data/paired/paired_4config_ring512_20260823/cells/20260823T230719Z_xdp_drop_2500000.json
2500000	5	3	native	read-data	1	True	2500007.7	0.0	1.0	580.02	1.1566	0.102	0.9242	-	/home/luw/XDP3/data/paired/paired_4config_ring512_20260823/cells/20260823T230807Z_xdp_drop_2500000.json
2500000	5	4	skb	no-touch	1	True	1244652.1	0.502143	1.0	2566.02	5.8513	0.6424	0.064	-	/home/luw/XDP3/data/paired/paired_4config_ring512_20260823/cells/20260823T230855Z_xdp_drop_2500000.json
6000000	5	1	skb	no-touch	1	True	1247931.7	0.792014	1.0	2559.28	5.9716	0.6332	0.0636	-	/home/luw/XDP3/data/paired/paired_4config_ring512_20260823/cells/20260823T230942Z_xdp_drop_6000000.json
6000000	5	2	skb	read-data	1	True	1244859.6	0.792524	1.0	2565.65	6.0677	0.6349	0.0634	-	/home/luw/XDP3/data/paired/paired_4config_ring512_20260823/cells/20260823T231030Z_xdp_drop_6000000.json
6000000	5	3	native	read-data	1	True	6000004.6	0.0	1.0	400.88	0.8043	0.1076	0.568	-	/home/luw/XDP3/data/paired/paired_4config_ring512_20260823/cells/20260823T231118Z_xdp_drop_6000000.json
6000000	5	4	native	no-touch	1	True	6000023.1	0.0	1.0	347.4	0.4258	0.0811	0.0121	-	/home/luw/XDP3/data/paired/paired_4config_ring512_20260823/cells/20260823T231205Z_xdp_drop_6000000.json
7500000	5	1	native	read-data	1	True	7500093.1	0.0	1.0	344.92	0.7017	0.1001	0.4775	-	/home/luw/XDP3/data/paired/paired_4config_ring512_20260823/cells/20260823T231253Z_xdp_drop_7500000.json
7500000	5	2	native	no-touch	1	True	7500093.8	0.0	1.0	310.37	1.1141	0.0743	0.01	-	/home/luw/XDP3/data/paired/paired_4config_ring512_20260823/cells/20260823T231341Z_xdp_drop_7500000.json
7500000	5	3	skb	no-touch	1	True	1242674.0	0.834315	1.0	2570.15	6.1779	0.9911	0.0634	-	/home/luw/XDP3/data/paired/paired_4config_ring512_20260823/cells/20260823T231429Z_xdp_drop_7500000.json
7500000	5	4	skb	read-data	1	True	1246017.8	0.833867	1.0	2563.19	6.3029	0.9508	0.0633	-	/home/luw/XDP3/data/paired/paired_4config_ring512_20260823/cells/20260823T231516Z_xdp_drop_7500000.json
250000	5	1	skb	no-touch	1	True	250000.7	0.0	1.0	2870.52	8.2292	1.0328	0.0329	-	/home/luw/XDP3/data/paired/paired_4config_ring512_20260823/cells/20260823T231604Z_xdp_drop_250000.json
250000	5	2	native	no-touch	1	True	250001.5	0.0	1.0	523.29	1.0964	0.0795	0.0311	-	/home/luw/XDP3/data/paired/paired_4config_ring512_20260823/cells/20260823T231652Z_xdp_drop_250000.json
250000	5	3	skb	read-data	1	True	250000.6	0.0	1.0	2871.94	8.3374	0.9028	0.0326	-	/home/luw/XDP3/data/paired/paired_4config_ring512_20260823/cells/20260823T231739Z_xdp_drop_250000.json
250000	5	4	native	read-data	1	True	250001.4	0.0	1.0	642.31	1.0188	0.0861	0.768	-	/home/luw/XDP3/data/paired/paired_4config_ring512_20260823/cells/20260823T231827Z_xdp_drop_250000.json
10000000	5	1	skb	read-data	1	True	1247527.4	0.875249	1.0	2560.12	5.7127	0.2902	0.0647	-	/home/luw/XDP3/data/paired/paired_4config_ring512_20260823/cells/20260823T231915Z_xdp_drop_10000000.json
10000000	5	2	native	no-touch	1	True	9999948.8	0.0	1.0	259.33	0.3838	0.0749	0.0044	-	/home/luw/XDP3/data/paired/paired_4config_ring512_20260823/cells/20260823T232002Z_xdp_drop_10000000.json
10000000	5	3	native	read-data	1	True	8770566.7	0.122941	1.0	363.97	0.792	0.0852	0.7918	-	/home/luw/XDP3/data/paired/paired_4config_ring512_20260823/cells/20260823T232050Z_xdp_drop_10000000.json
10000000	5	4	skb	no-touch	1	True	1244015.1	0.875598	1.0	2567.38	5.462	0.9984	0.0636	-	/home/luw/XDP3/data/paired/paired_4config_ring512_20260823/cells/20260823T232138Z_xdp_drop_10000000.json
13500000	5	1	native	no-touch	1	True	13500244.1	0.0	1.0	232.95	0.766	0.0517	0.0004	-	/home/luw/XDP3/data/paired/paired_4config_ring512_20260823/cells/20260823T232226Z_xdp_drop_13500000.json
13500000	5	2	skb	read-data	1	True	1246587.4	0.907665	1.0	2562.05	4.8686	0.8609	0.0636	-	/home/luw/XDP3/data/paired/paired_4config_ring512_20260823/cells/20260823T232314Z_xdp_drop_13500000.json
13500000	5	3	native	read-data	1	True	9414898.7	0.30261	1.0	338.93	0.655	0.0622	0.6359	-	/home/luw/XDP3/data/paired/paired_4config_ring512_20260823/cells/20260823T232401Z_xdp_drop_13500000.json
13500000	5	4	skb	no-touch	1	True	1247994.6	0.907559	1.0	2559.14	5.1061	0.3041	0.0647	-	/home/luw/XDP3/data/paired/paired_4config_ring512_20260823/cells/20260823T232449Z_xdp_drop_13500000.json
1000000	5	1	skb	no-touch	1	True	1000002.5	0.0	1.0	2765.39	7.5311	0.3499	0.0347	-	/home/luw/XDP3/data/paired/paired_4config_ring512_20260823/cells/20260823T232537Z_xdp_drop_1000000.json
1000000	5	2	native	no-touch	1	True	1000002.3	0.0	1.0	412.34	0.8038	0.0786	0.0188	-	/home/luw/XDP3/data/paired/paired_4config_ring512_20260823/cells/20260823T232624Z_xdp_drop_1000000.json
1000000	5	3	native	read-data	1	True	1000003.3	0.0	1.0	549.65	1.0498	0.1032	0.8531	-	/home/luw/XDP3/data/paired/paired_4config_ring512_20260823/cells/20260823T232712Z_xdp_drop_1000000.json
1000000	5	4	skb	read-data	1	True	1000004.0	0.0	1.0	2770.35	7.5165	0.5993	0.0349	-	/home/luw/XDP3/data/paired/paired_4config_ring512_20260823/cells/20260823T232800Z_xdp_drop_1000000.json
13000000	5	1	native	no-touch	1	True	13000342.0	0.0	1.0	238.59	0.4933	0.0718	0.0008	-	/home/luw/XDP3/data/paired/paired_4config_ring512_20260823/cells/20260823T232847Z_xdp_drop_13000000.json
13000000	5	2	skb	read-data	1	True	1247826.3	0.904017	1.0	2559.49	5.3074	0.2838	0.065	-	/home/luw/XDP3/data/paired/paired_4config_ring512_20260823/cells/20260823T232935Z_xdp_drop_13000000.json
13000000	5	3	skb	no-touch	1	True	1249486.7	0.90389	1.0	2556.09	5.3392	0.2871	0.0652	-	/home/luw/XDP3/data/paired/paired_4config_ring512_20260823/cells/20260823T233023Z_xdp_drop_13000000.json
13000000	5	4	native	read-data	1	True	8888842.0	0.316257	1.0	358.9	0.7955	0.0633	0.771	-	/home/luw/XDP3/data/paired/paired_4config_ring512_20260823/cells/20260823T233110Z_xdp_drop_13000000.json
3000000	6	1	skb	no-touch	1	True	1248462.0	0.58385	1.0	2558.19	5.7613	0.2886	0.0648	-	/home/luw/XDP3/data/paired/paired_4config_ring512_20260823/cells/20260823T233158Z_xdp_drop_3000000.json
3000000	6	2	native	read-data	1	True	3000008.1	0.0	1.0	466.71	0.5018	0.0762	0.2355	-	/home/luw/XDP3/data/paired/paired_4config_ring512_20260823/cells/20260823T233246Z_xdp_drop_3000000.json
3000000	6	3	skb	read-data	1	True	1242648.7	0.585785	1.0	2570.19	6.2228	1.0225	0.0637	-	/home/luw/XDP3/data/paired/paired_4config_ring512_20260823/cells/20260823T233334Z_xdp_drop_3000000.json
3000000	6	4	native	no-touch	1	True	3000009.9	0.0	1.0	430.71	0.9191	0.0622	0.0206	-	/home/luw/XDP3/data/paired/paired_4config_ring512_20260823/cells/20260823T233421Z_xdp_drop_3000000.json
14000000	6	1	native	no-touch	1	True	14000071.5	0.0	1.0	227.54	0.3395	0.0545	0.0001	-	/home/luw/XDP3/data/paired/paired_4config_ring512_20260823/cells/20260823T233509Z_xdp_drop_14000000.json
14000000	6	2	skb	read-data	1	True	1242514.7	0.911253	1.0	2570.46	6.3338	1.0303	0.063	-	/home/luw/XDP3/data/paired/paired_4config_ring512_20260823/cells/20260823T233557Z_xdp_drop_14000000.json
14000000	6	3	skb	no-touch	1	True	1244735.4	0.911089	1.0	2565.86	5.9886	0.9816	0.0632	-	/home/luw/XDP3/data/paired/paired_4config_ring512_20260823/cells/20260823T233644Z_xdp_drop_14000000.json
14000000	6	4	native	read-data	1	True	8607644.6	0.385176	1.0	370.64	0.8719	0.0461	0.8289	-	/home/luw/XDP3/data/paired/paired_4config_ring512_20260823/cells/20260823T233732Z_xdp_drop_14000000.json
14000000	6	1	native	no-touch	0	True	13999976.7	0.0	1.0	0.0	0.0	0.0	0.0	-	/home/luw/XDP3/data/paired/paired_4config_ring512_20260823/cells/20260823T233820Z_xdp_drop_14000000.json
14000000	6	2	native	read-data	0	True	12045325.0	0.139627	1.0	0.0	0.0	0.0	0.0	-	/home/luw/XDP3/data/paired/paired_4config_ring512_20260823/cells/20260823T233908Z_xdp_drop_14000000.json
14000000	6	3	skb	read-data	0	True	1250759.1	0.910662	1.0	0.0	0.0	0.0	0.0	-	/home/luw/XDP3/data/paired/paired_4config_ring512_20260823/cells/20260823T233956Z_xdp_drop_14000000.json
14000000	6	4	skb	no-touch	0	True	1245455.1	0.911043	1.0	0.0	0.0	0.0	0.0	-	/home/luw/XDP3/data/paired/paired_4config_ring512_20260823/cells/20260823T234043Z_xdp_drop_14000000.json
4000000	6	1	skb	read-data	1	True	1244721.6	0.688821	1.0	2565.86	5.8527	0.3064	0.0645	-	/home/luw/XDP3/data/paired/paired_4config_ring512_20260823/cells/20260823T234131Z_xdp_drop_4000000.json
4000000	6	2	skb	no-touch	1	True	1246616.8	0.688346	1.0	2561.97	5.9939	0.3055	0.0644	-	/home/luw/XDP3/data/paired/paired_4config_ring512_20260823/cells/20260823T234219Z_xdp_drop_4000000.json
4000000	6	3	native	no-touch	1	True	3999991.8	0.0	1.0	402.79	0.6722	0.0872	0.0177	-	/home/luw/XDP3/data/paired/paired_4config_ring512_20260823/cells/20260823T234306Z_xdp_drop_4000000.json
4000000	6	4	native	read-data	1	True	3999980.1	0.0	1.0	451.48	0.5515	0.0791	0.3148	-	/home/luw/XDP3/data/paired/paired_4config_ring512_20260823/cells/20260823T234354Z_xdp_drop_4000000.json
8500000	6	1	native	no-touch	1	True	8500186.9	0.0	1.0	284.05	0.7238	0.0798	0.0076	-	/home/luw/XDP3/data/paired/paired_4config_ring512_20260823/cells/20260823T234442Z_xdp_drop_8500000.json
8500000	6	2	skb	no-touch	1	True	1246490.0	0.853361	1.0	2562.25	6.2222	0.4987	0.0648	-	/home/luw/XDP3/data/paired/paired_4config_ring512_20260823/cells/20260823T234529Z_xdp_drop_8500000.json
8500000	6	3	skb	read-data	1	True	1243681.5	0.85367	1.0	2568.03	5.5829	0.4631	0.0644	-	/home/luw/XDP3/data/paired/paired_4config_ring512_20260823/cells/20260823T234617Z_xdp_drop_8500000.json
8500000	6	4	native	read-data	1	True	8500153.1	0.0	1.0	361.61	0.9399	0.0783	0.712	-	/home/luw/XDP3/data/paired/paired_4config_ring512_20260823/cells/20260823T234705Z_xdp_drop_8500000.json
11500000	6	1	skb	no-touch	1	True	1245458.3	0.891698	1.0	2564.38	5.703	0.2902	0.0646	-	/home/luw/XDP3/data/paired/paired_4config_ring512_20260823/cells/20260823T234753Z_xdp_drop_11500000.json
11500000	6	2	native	no-touch	1	True	11500192.4	0.0	1.0	248.84	0.3754	0.0784	0.003	-	/home/luw/XDP3/data/paired/paired_4config_ring512_20260823/cells/20260823T234840Z_xdp_drop_11500000.json
11500000	6	3	skb	read-data	1	True	1242939.1	0.891924	1.0	2569.54	5.5814	0.4939	0.0637	-	/home/luw/XDP3/data/paired/paired_4config_ring512_20260823/cells/20260823T234928Z_xdp_drop_11500000.json
11500000	6	4	native	read-data	1	True	11500154.1	1.3e-05	1.0	277.58	0.4784	0.0644	0.254	-	/home/luw/XDP3/data/paired/paired_4config_ring512_20260823/cells/20260823T235016Z_xdp_drop_11500000.json
11000000	6	1	skb	no-touch	1	True	1250686.3	0.886306	1.0	2553.69	4.9484	0.2809	0.0649	-	/home/luw/XDP3/data/paired/paired_4config_ring512_20260823/cells/20260823T235103Z_xdp_drop_11000000.json
11000000	6	2	native	read-data	1	True	11000409.7	0.0	1.0	281.83	0.4031	0.0814	0.2023	-	/home/luw/XDP3/data/paired/paired_4config_ring512_20260823/cells/20260823T235151Z_xdp_drop_11000000.json
11000000	6	3	skb	read-data	1	True	1246513.7	0.886689	1.0	2562.19	5.3305	0.2954	0.0642	-	/home/luw/XDP3/data/paired/paired_4config_ring512_20260823/cells/20260823T235239Z_xdp_drop_11000000.json
11000000	6	4	native	no-touch	1	True	11000438.3	0.0	1.0	251.77	0.3598	0.0739	0.0035	-	/home/luw/XDP3/data/paired/paired_4config_ring512_20260823/cells/20260823T235326Z_xdp_drop_11000000.json
6500000	6	1	native	read-data	1	True	6500161.1	0.0	1.0	403.41	1.0822	0.0833	0.8404	-	/home/luw/XDP3/data/paired/paired_4config_ring512_20260823/cells/20260823T235414Z_xdp_drop_6500000.json
6500000	6	2	native	no-touch	1	True	6500148.8	0.0	1.0	333.24	0.8761	0.07	0.0121	-	/home/luw/XDP3/data/paired/paired_4config_ring512_20260823/cells/20260823T235502Z_xdp_drop_6500000.json
6500000	6	3	skb	no-touch	1	True	1246689.0	0.808204	1.0	2561.83	5.4152	0.4463	0.0647	-	/home/luw/XDP3/data/paired/paired_4config_ring512_20260823/cells/20260823T235550Z_xdp_drop_6500000.json
6500000	6	4	skb	read-data	1	True	1242513.3	0.808849	1.0	2570.45	5.8586	0.4477	0.0641	-	/home/luw/XDP3/data/paired/paired_4config_ring512_20260823/cells/20260823T235638Z_xdp_drop_6500000.json
7000000	6	1	native	read-data	1	True	7000079.5	0.0	1.0	354.18	0.6262	0.0979	0.3722	-	/home/luw/XDP3/data/paired/paired_4config_ring512_20260823/cells/20260823T235725Z_xdp_drop_7000000.json
7000000	6	2	native	no-touch	1	True	7000056.4	0.0	1.0	321.62	0.7249	0.0816	0.0114	-	/home/luw/XDP3/data/paired/paired_4config_ring512_20260823/cells/20260823T235813Z_xdp_drop_7000000.json
7000000	6	3	skb	read-data	1	True	1245362.8	0.822092	1.0	2564.57	5.5367	0.3044	0.0656	-	/home/luw/XDP3/data/paired/paired_4config_ring512_20260823/cells/20260823T235901Z_xdp_drop_7000000.json
7000000	6	4	skb	no-touch	1	True	1248804.8	0.821603	1.0	2557.47	4.7563	0.2779	0.0642	-	/home/luw/XDP3/data/paired/paired_4config_ring512_20260823/cells/20260823T235948Z_xdp_drop_7000000.json
7500000	6	1	native	no-touch	1	True	7500101.2	0.0	1.0	309.7	0.4173	0.0897	0.01	-	/home/luw/XDP3/data/paired/paired_4config_ring512_20260823/cells/20260824T000036Z_xdp_drop_7500000.json
7500000	6	2	native	read-data	1	True	7500114.3	0.0	1.0	327.65	0.4862	0.0966	0.1989	-	/home/luw/XDP3/data/paired/paired_4config_ring512_20260823/cells/20260824T000124Z_xdp_drop_7500000.json
7500000	6	3	skb	no-touch	1	True	1252677.4	0.832981	1.0	2549.59	4.7675	0.2571	0.0635	-	/home/luw/XDP3/data/paired/paired_4config_ring512_20260823/cells/20260824T000212Z_xdp_drop_7500000.json
7500000	6	4	skb	read-data	1	True	1245572.3	0.833927	1.0	2564.14	5.1663	0.2565	0.0639	-	/home/luw/XDP3/data/paired/paired_4config_ring512_20260823/cells/20260824T000259Z_xdp_drop_7500000.json
10500000	6	1	native	read-data	1	True	10500378.5	0.0	1.0	285.41	0.4483	0.0953	0.1962	-	/home/luw/XDP3/data/paired/paired_4config_ring512_20260823/cells/20260824T000347Z_xdp_drop_10500000.json
10500000	6	2	native	no-touch	1	True	10500381.7	0.0	1.0	254.51	0.3666	0.0798	0.0039	-	/home/luw/XDP3/data/paired/paired_4config_ring512_20260823/cells/20260824T000435Z_xdp_drop_10500000.json
10500000	6	3	skb	no-touch	1	True	1242141.0	0.881705	1.0	2571.24	5.2133	1.1324	0.0628	-	/home/luw/XDP3/data/paired/paired_4config_ring512_20260823/cells/20260824T000522Z_xdp_drop_10500000.json
10500000	6	4	skb	read-data	1	True	1241290.5	0.881788	1.0	2572.95	5.3327	1.0958	0.0632	-	/home/luw/XDP3/data/paired/paired_4config_ring512_20260823/cells/20260824T000610Z_xdp_drop_10500000.json
1000000	6	1	native	read-data	1	True	1000003.0	0.0	1.0	574.55	1.2568	0.0937	1.0162	-	/home/luw/XDP3/data/paired/paired_4config_ring512_20260823/cells/20260824T000658Z_xdp_drop_1000000.json
1000000	6	2	native	no-touch	1	True	1000002.2	0.0	1.0	411.5	0.4241	0.0935	0.0188	-	/home/luw/XDP3/data/paired/paired_4config_ring512_20260823/cells/20260824T000745Z_xdp_drop_1000000.json
1000000	6	3	skb	no-touch	1	True	1000005.4	0.0	1.0	2760.95	7.2923	0.327	0.0341	-	/home/luw/XDP3/data/paired/paired_4config_ring512_20260823/cells/20260824T000833Z_xdp_drop_1000000.json
1000000	6	4	skb	read-data	1	True	1000002.1	0.0	1.0	2764.08	7.4169	0.3299	0.0344	-	/home/luw/XDP3/data/paired/paired_4config_ring512_20260823/cells/20260824T000921Z_xdp_drop_1000000.json
9000000	6	1	skb	no-touch	1	True	1246929.7	0.861453	1.0	2561.38	5.6661	0.2706	0.0647	-	/home/luw/XDP3/data/paired/paired_4config_ring512_20260823/cells/20260824T001008Z_xdp_drop_9000000.json
9000000	6	2	skb	read-data	1	True	1247758.9	0.861366	1.0	2559.62	6.1625	0.2773	0.0641	-	/home/luw/XDP3/data/paired/paired_4config_ring512_20260823/cells/20260824T001056Z_xdp_drop_9000000.json
9000000	6	3	native	no-touch	1	True	9000058.5	0.0	1.0	272.61	0.3952	0.0795	0.0061	-	/home/luw/XDP3/data/paired/paired_4config_ring512_20260823/cells/20260824T001144Z_xdp_drop_9000000.json
9000000	6	4	native	read-data	1	True	8411335.9	0.065412	1.0	379.51	0.8894	0.0645	0.8948	-	/home/luw/XDP3/data/paired/paired_4config_ring512_20260823/cells/20260824T001232Z_xdp_drop_9000000.json
250000	6	1	native	read-data	1	True	250001.4	0.0	1.0	622.28	0.8455	0.0694	0.5639	-	/home/luw/XDP3/data/paired/paired_4config_ring512_20260823/cells/20260824T001320Z_xdp_drop_250000.json
250000	6	2	native	no-touch	1	True	250000.7	0.0	1.0	524.37	1.1021	0.0742	0.0311	-	/home/luw/XDP3/data/paired/paired_4config_ring512_20260823/cells/20260824T001407Z_xdp_drop_250000.json
250000	6	3	skb	no-touch	1	True	250000.3	0.0	1.0	2857.33	8.1328	0.3549	0.0327	-	/home/luw/XDP3/data/paired/paired_4config_ring512_20260823/cells/20260824T001455Z_xdp_drop_250000.json
250000	6	4	skb	read-data	1	True	250000.8	0.0	1.0	2865.72	8.2583	0.3245	0.0327	-	/home/luw/XDP3/data/paired/paired_4config_ring512_20260823/cells/20260824T001543Z_xdp_drop_250000.json
6000000	6	1	native	read-data	1	True	6000135.5	0.0	1.0	376.95	0.5154	0.1031	0.2532	-	/home/luw/XDP3/data/paired/paired_4config_ring512_20260823/cells/20260824T001630Z_xdp_drop_6000000.json
6000000	6	2	skb	no-touch	1	True	1245910.7	0.792356	1.0	2563.45	6.2913	0.3054	0.0651	-	/home/luw/XDP3/data/paired/paired_4config_ring512_20260823/cells/20260824T001718Z_xdp_drop_6000000.json
6000000	6	3	skb	read-data	1	True	1246834.3	0.792199	1.0	2561.52	5.7161	0.2858	0.0639	-	/home/luw/XDP3/data/paired/paired_4config_ring512_20260823/cells/20260824T001806Z_xdp_drop_6000000.json
6000000	6	4	native	no-touch	1	True	6000156.5	0.0	1.0	347.39	1.0476	0.0679	0.0121	-	/home/luw/XDP3/data/paired/paired_4config_ring512_20260823/cells/20260824T001853Z_xdp_drop_6000000.json
12500000	6	1	skb	read-data	1	True	1243511.5	0.900523	1.0	2568.4	5.8214	0.2934	0.0645	-	/home/luw/XDP3/data/paired/paired_4config_ring512_20260823/cells/20260824T001941Z_xdp_drop_12500000.json
12500000	6	2	skb	no-touch	1	True	1245497.4	0.900364	1.0	2564.31	5.4782	0.306	0.0652	-	/home/luw/XDP3/data/paired/paired_4config_ring512_20260823/cells/20260824T002029Z_xdp_drop_12500000.json
12500000	6	3	native	read-data	1	True	11942805.7	0.044588	1.0	267.42	0.229	0.0989	0.2075	-	/home/luw/XDP3/data/paired/paired_4config_ring512_20260823/cells/20260824T002116Z_xdp_drop_12500000.json
12500000	6	4	native	no-touch	1	True	12500141.2	0.0	1.0	244.16	1.1117	0.0692	0.001	-	/home/luw/XDP3/data/paired/paired_4config_ring512_20260823/cells/20260824T002204Z_xdp_drop_12500000.json
500000	6	1	skb	no-touch	1	True	499998.6	0.0	1.0	2796.89	7.5841	0.3386	0.0268	-	/home/luw/XDP3/data/paired/paired_4config_ring512_20260823/cells/20260824T002252Z_xdp_drop_500000.json
500000	6	2	native	no-touch	1	True	500001.0	0.0	1.0	386.45	0.3974	0.0888	0.0164	-	/home/luw/XDP3/data/paired/paired_4config_ring512_20260823/cells/20260824T002340Z_xdp_drop_500000.json
500000	6	3	skb	read-data	1	True	499999.2	0.0	1.0	2804.46	7.9401	0.3354	0.0267	-	/home/luw/XDP3/data/paired/paired_4config_ring512_20260823/cells/20260824T002427Z_xdp_drop_500000.json
500000	6	4	native	read-data	1	True	500001.3	0.0	1.0	435.34	0.4734	0.0959	0.2639	-	/home/luw/XDP3/data/paired/paired_4config_ring512_20260823/cells/20260824T002515Z_xdp_drop_500000.json
9500000	6	1	skb	read-data	1	True	1248762.6	0.86855	1.0	2557.59	6.5971	0.3029	0.0648	-	/home/luw/XDP3/data/paired/paired_4config_ring512_20260823/cells/20260824T002603Z_xdp_drop_9500000.json
9500000	6	2	skb	no-touch	1	True	1252556.1	0.868159	1.0	2549.81	6.0986	0.2806	0.0651	-	/home/luw/XDP3/data/paired/paired_4config_ring512_20260823/cells/20260824T002650Z_xdp_drop_9500000.json
9500000	6	3	native	read-data	1	True	9500175.8	0.0	1.0	291.33	0.4303	0.0872	0.2116	-	/home/luw/XDP3/data/paired/paired_4config_ring512_20260823/cells/20260824T002738Z_xdp_drop_9500000.json
9500000	6	4	native	no-touch	1	True	9500084.9	0.0	1.0	264.41	1.0984	0.0602	0.0051	-	/home/luw/XDP3/data/paired/paired_4config_ring512_20260823/cells/20260824T002826Z_xdp_drop_9500000.json
13000000	6	1	skb	read-data	1	True	1247310.0	0.904058	1.0	2560.58	6.6389	0.287	0.064	-	/home/luw/XDP3/data/paired/paired_4config_ring512_20260823/cells/20260824T002914Z_xdp_drop_13000000.json
13000000	6	2	native	read-data	1	True	12039608.7	0.0739	1.0	265.27	0.2338	0.0758	0.2017	-	/home/luw/XDP3/data/paired/paired_4config_ring512_20260823/cells/20260824T003002Z_xdp_drop_13000000.json
13000000	6	3	skb	no-touch	1	True	1246752.5	0.9041	1.0	2561.76	6.4363	0.2945	0.064	-	/home/luw/XDP3/data/paired/paired_4config_ring512_20260823/cells/20260824T003049Z_xdp_drop_13000000.json
13000000	6	4	native	no-touch	1	True	13000308.3	0.0	1.0	237.95	0.6402	0.0814	0.0008	-	/home/luw/XDP3/data/paired/paired_4config_ring512_20260823/cells/20260824T003137Z_xdp_drop_13000000.json
13500000	6	1	native	no-touch	1	True	13499579.1	0.0	1.0	232.9	0.723	0.0592	0.0004	-	/home/luw/XDP3/data/paired/paired_4config_ring512_20260823/cells/20260824T003225Z_xdp_drop_13500000.json
13500000	6	2	skb	no-touch	1	True	1248909.2	0.907488	1.0	2557.28	5.836	0.2618	0.0642	-	/home/luw/XDP3/data/paired/paired_4config_ring512_20260823/cells/20260824T003313Z_xdp_drop_13500000.json
13500000	6	3	skb	read-data	1	True	1245612.2	0.907731	1.0	2564.04	5.2861	0.2817	0.0647	-	/home/luw/XDP3/data/paired/paired_4config_ring512_20260823/cells/20260824T003400Z_xdp_drop_13500000.json
13500000	6	4	native	read-data	1	True	12138540.9	0.100822	1.0	263.11	0.3227	0.0692	0.1779	-	/home/luw/XDP3/data/paired/paired_4config_ring512_20260823/cells/20260824T003448Z_xdp_drop_13500000.json
14880952	6	1	native	read-data	1	True	10350723.9	0.304403	1.0	308.47	0.5132	0.0771	0.4649	-	/home/luw/XDP3/data/paired/paired_4config_ring512_20260823/cells/20260824T003536Z_xdp_drop_14880952.json
14880952	6	2	skb	no-touch	1	True	1247958.6	0.916117	1.0	2559.23	5.7573	0.2906	0.0649	-	/home/luw/XDP3/data/paired/paired_4config_ring512_20260823/cells/20260824T003623Z_xdp_drop_14880952.json
14880952	6	3	native	no-touch	1	True	14278739.6	0.040438	1.0	223.68	0.4304	0.0551	0.0	-	/home/luw/XDP3/data/paired/paired_4config_ring512_20260823/cells/20260824T003711Z_xdp_drop_14880952.json
14880952	6	4	skb	read-data	1	True	1247417.3	0.916139	1.0	2560.31	5.3946	0.8171	0.0634	-	/home/luw/XDP3/data/paired/paired_4config_ring512_20260823/cells/20260824T003759Z_xdp_drop_14880952.json
14880952	6	1	native	no-touch	0	True	14413109.3	0.03141	1.0	0.0	0.0	0.0	0.0	-	/home/luw/XDP3/data/paired/paired_4config_ring512_20260823/cells/20260824T003846Z_xdp_drop_14880952.json
14880952	6	2	native	read-data	0	True	9884954.9	0.335713	1.0	0.0	0.0	0.0	0.0	-	/home/luw/XDP3/data/paired/paired_4config_ring512_20260823/cells/20260824T003934Z_xdp_drop_14880952.json
14880952	6	3	skb	read-data	0	True	1244447.9	0.916357	1.0	0.0	0.0	0.0	0.0	-	/home/luw/XDP3/data/paired/paired_4config_ring512_20260823/cells/20260824T004022Z_xdp_drop_14880952.json
14880952	6	4	skb	no-touch	0	True	1246366.6	0.916227	1.0	0.0	0.0	0.0	0.0	-	/home/luw/XDP3/data/paired/paired_4config_ring512_20260823/cells/20260824T004110Z_xdp_drop_14880952.json
2000000	6	1	skb	read-data	1	True	1243743.4	0.378136	1.0	2567.93	5.7313	0.4439	0.0635	-	/home/luw/XDP3/data/paired/paired_4config_ring512_20260823/cells/20260824T004157Z_xdp_drop_2000000.json
2000000	6	2	native	no-touch	1	True	2000012.7	0.0	1.0	419.38	0.8933	0.0703	0.0196	-	/home/luw/XDP3/data/paired/paired_4config_ring512_20260823/cells/20260824T004245Z_xdp_drop_2000000.json
2000000	6	3	skb	no-touch	1	True	1244627.5	0.377692	1.0	2566.1	5.5763	0.2695	0.0647	-	/home/luw/XDP3/data/paired/paired_4config_ring512_20260823/cells/20260824T004333Z_xdp_drop_2000000.json
2000000	6	4	native	read-data	1	True	2000019.4	0.0	1.0	589.52	1.2415	0.066	1.0019	-	/home/luw/XDP3/data/paired/paired_4config_ring512_20260823/cells/20260824T004420Z_xdp_drop_2000000.json
750000	6	1	skb	no-touch	1	True	749995.6	0.0	1.0	2842.02	7.8593	0.3321	0.0289	-	/home/luw/XDP3/data/paired/paired_4config_ring512_20260823/cells/20260824T004508Z_xdp_drop_750000.json
750000	6	2	native	read-data	1	True	750002.7	0.0	1.0	456.3	0.4621	0.0874	0.2682	-	/home/luw/XDP3/data/paired/paired_4config_ring512_20260823/cells/20260824T004556Z_xdp_drop_750000.json
750000	6	3	skb	read-data	1	True	750000.9	0.0	1.0	2842.88	7.6987	0.3158	0.0292	-	/home/luw/XDP3/data/paired/paired_4config_ring512_20260823/cells/20260824T004644Z_xdp_drop_750000.json
750000	6	4	native	no-touch	1	True	750000.9	0.0	1.0	413.5	0.4459	0.0791	0.0189	-	/home/luw/XDP3/data/paired/paired_4config_ring512_20260823/cells/20260824T004731Z_xdp_drop_750000.json
5000000	6	1	skb	read-data	1	True	1242133.0	0.751581	1.0	2571.18	5.3513	1.1421	0.0631	-	/home/luw/XDP3/data/paired/paired_4config_ring512_20260823/cells/20260824T004819Z_xdp_drop_5000000.json
5000000	6	2	native	no-touch	1	True	4999967.3	0.0	1.0	386.36	1.0257	0.0739	0.0161	-	/home/luw/XDP3/data/paired/paired_4config_ring512_20260823/cells/20260824T004907Z_xdp_drop_5000000.json
5000000	6	3	skb	no-touch	1	True	1244143.8	0.751171	1.0	2567.08	5.5399	0.4282	0.0641	-	/home/luw/XDP3/data/paired/paired_4config_ring512_20260823/cells/20260824T004954Z_xdp_drop_5000000.json
5000000	6	4	native	read-data	1	True	4999968.0	0.0	1.0	462.14	0.9787	0.0785	0.7696	-	/home/luw/XDP3/data/paired/paired_4config_ring512_20260823/cells/20260824T005042Z_xdp_drop_5000000.json
8000000	6	1	skb	read-data	1	True	1241059.3	0.844869	1.0	2573.47	6.345	1.1448	0.0632	-	/home/luw/XDP3/data/paired/paired_4config_ring512_20260823/cells/20260824T005130Z_xdp_drop_8000000.json
8000000	6	2	native	read-data	1	True	7999931.5	0.0	1.0	386.91	1.0629	0.0979	0.861	-	/home/luw/XDP3/data/paired/paired_4config_ring512_20260823/cells/20260824T005217Z_xdp_drop_8000000.json
8000000	6	3	skb	no-touch	1	True	1246372.5	0.844206	1.0	2562.46	6.6805	0.3084	0.0644	-	/home/luw/XDP3/data/paired/paired_4config_ring512_20260823/cells/20260824T005305Z_xdp_drop_8000000.json
8000000	6	4	native	no-touch	1	True	7999935.6	0.0	1.0	298.97	0.4017	0.0931	0.0091	-	/home/luw/XDP3/data/paired/paired_4config_ring512_20260823/cells/20260824T005353Z_xdp_drop_8000000.json
1500000	6	1	native	read-data	1	True	1500002.5	0.0	1.0	469.7	0.5379	0.0886	0.2746	-	/home/luw/XDP3/data/paired/paired_4config_ring512_20260823/cells/20260824T005441Z_xdp_drop_1500000.json
1500000	6	2	skb	no-touch	1	True	1249085.5	0.167276	1.0	2556.9	6.4492	0.2844	0.0642	-	/home/luw/XDP3/data/paired/paired_4config_ring512_20260823/cells/20260824T005528Z_xdp_drop_1500000.json
1500000	6	3	skb	read-data	1	True	1242227.7	0.171852	1.0	2571.03	6.0909	0.3149	0.0644	-	/home/luw/XDP3/data/paired/paired_4config_ring512_20260823/cells/20260824T005616Z_xdp_drop_1500000.json
1500000	6	4	native	no-touch	1	True	1500006.3	0.0	1.0	423.69	0.9316	0.0795	0.0198	-	/home/luw/XDP3/data/paired/paired_4config_ring512_20260823/cells/20260824T005704Z_xdp_drop_1500000.json
3500000	6	1	skb	read-data	1	True	1244171.3	0.644528	1.0	2566.99	6.1681	0.2952	0.065	-	/home/luw/XDP3/data/paired/paired_4config_ring512_20260823/cells/20260824T005751Z_xdp_drop_3500000.json
3500000	6	2	native	no-touch	1	True	3500019.1	0.0	1.0	419.72	0.593	0.0956	0.0192	-	/home/luw/XDP3/data/paired/paired_4config_ring512_20260823/cells/20260824T005839Z_xdp_drop_3500000.json
3500000	6	3	native	read-data	1	True	3500031.1	0.0	1.0	566.98	1.1955	0.113	0.9884	-	/home/luw/XDP3/data/paired/paired_4config_ring512_20260823/cells/20260824T005927Z_xdp_drop_3500000.json
3500000	6	4	skb	no-touch	1	True	1247047.0	0.643708	1.0	2561.05	6.7279	0.287	0.0644	-	/home/luw/XDP3/data/paired/paired_4config_ring512_20260823/cells/20260824T010014Z_xdp_drop_3500000.json
4500000	6	1	skb	no-touch	1	True	1247680.8	0.722741	1.0	2559.78	6.389	0.3111	0.0644	-	/home/luw/XDP3/data/paired/paired_4config_ring512_20260823/cells/20260824T010102Z_xdp_drop_4500000.json
4500000	6	2	native	read-data	1	True	4500007.8	0.0	1.0	432.29	0.4938	0.0944	0.2402	-	/home/luw/XDP3/data/paired/paired_4config_ring512_20260823/cells/20260824T010150Z_xdp_drop_4500000.json
4500000	6	3	skb	read-data	1	True	1246630.4	0.722973	1.0	2561.81	6.4849	0.2954	0.064	-	/home/luw/XDP3/data/paired/paired_4config_ring512_20260823/cells/20260824T010237Z_xdp_drop_4500000.json
4500000	6	4	native	no-touch	1	True	4500018.2	0.0	1.0	400.26	0.3673	0.089	0.0159	-	/home/luw/XDP3/data/paired/paired_4config_ring512_20260823/cells/20260824T010325Z_xdp_drop_4500000.json
2500000	6	1	native	no-touch	1	True	2499988.3	0.0	1.0	453.45	1.0097	0.0737	0.0232	-	/home/luw/XDP3/data/paired/paired_4config_ring512_20260823/cells/20260824T010413Z_xdp_drop_2500000.json
2500000	6	2	native	read-data	1	True	2499980.7	0.0	1.0	573.33	1.0926	0.086	0.8379	-	/home/luw/XDP3/data/paired/paired_4config_ring512_20260823/cells/20260824T010501Z_xdp_drop_2500000.json
2500000	6	3	skb	no-touch	1	True	1243428.1	0.502624	1.0	2568.49	6.7949	0.2914	0.0641	-	/home/luw/XDP3/data/paired/paired_4config_ring512_20260823/cells/20260824T010549Z_xdp_drop_2500000.json
2500000	6	4	skb	read-data	1	True	1242156.0	0.503136	1.0	2571.18	5.869	0.298	0.0654	-	/home/luw/XDP3/data/paired/paired_4config_ring512_20260823/cells/20260824T010636Z_xdp_drop_2500000.json
14500000	6	1	native	read-data	1	True	11133318.1	0.232152	1.0	286.82	0.39	0.0773	0.3218	-	/home/luw/XDP3/data/paired/paired_4config_ring512_20260823/cells/20260824T010724Z_xdp_drop_14500000.json
14500000	6	2	skb	no-touch	1	True	1246876.5	0.913994	1.0	2561.47	6.2199	0.2934	0.0646	-	/home/luw/XDP3/data/paired/paired_4config_ring512_20260823/cells/20260824T010812Z_xdp_drop_14500000.json
14500000	6	3	skb	read-data	1	True	1247894.4	0.913936	1.0	2559.37	5.8134	0.2667	0.0642	-	/home/luw/XDP3/data/paired/paired_4config_ring512_20260823/cells/20260824T010859Z_xdp_drop_14500000.json
14500000	6	4	native	no-touch	1	True	14356761.8	0.009835	1.0	222.46	0.5158	0.0602	0.0	-	/home/luw/XDP3/data/paired/paired_4config_ring512_20260823/cells/20260824T010947Z_xdp_drop_14500000.json
12000000	6	1	native	no-touch	1	True	12000291.8	0.0	1.0	247.25	0.6111	0.0797	0.0019	-	/home/luw/XDP3/data/paired/paired_4config_ring512_20260823/cells/20260824T011035Z_xdp_drop_12000000.json
12000000	6	2	skb	read-data	1	True	1238912.8	0.896761	1.0	2577.93	5.9424	1.2052	0.0628	-	/home/luw/XDP3/data/paired/paired_4config_ring512_20260823/cells/20260824T011122Z_xdp_drop_12000000.json
12000000	6	3	native	read-data	1	True	8307796.8	0.307696	1.0	384.15	0.9082	0.0605	0.8858	-	/home/luw/XDP3/data/paired/paired_4config_ring512_20260823/cells/20260824T011210Z_xdp_drop_12000000.json
12000000	6	4	skb	no-touch	1	True	1248795.6	0.895938	1.0	2557.51	5.8536	0.4447	0.0638	-	/home/luw/XDP3/data/paired/paired_4config_ring512_20260823/cells/20260824T011258Z_xdp_drop_12000000.json
5500000	6	1	skb	read-data	1	True	1243341.0	0.773938	1.0	2568.75	6.2253	0.4242	0.0639	-	/home/luw/XDP3/data/paired/paired_4config_ring512_20260823/cells/20260824T011345Z_xdp_drop_5500000.json
5500000	6	2	skb	no-touch	1	True	1247766.7	0.773134	1.0	2559.66	6.0482	0.4457	0.0638	-	/home/luw/XDP3/data/paired/paired_4config_ring512_20260823/cells/20260824T011433Z_xdp_drop_5500000.json
5500000	6	3	native	no-touch	1	True	5499972.7	0.0	1.0	365.06	0.5385	0.0824	0.0135	-	/home/luw/XDP3/data/paired/paired_4config_ring512_20260823/cells/20260824T011521Z_xdp_drop_5500000.json
5500000	6	4	native	read-data	1	True	5499982.8	0.0	1.0	451.04	1.1609	0.114	0.9667	-	/home/luw/XDP3/data/paired/paired_4config_ring512_20260823/cells/20260824T011608Z_xdp_drop_5500000.json
10000000	6	1	native	no-touch	1	True	9999965.0	0.0	1.0	258.81	0.8202	0.0698	0.0044	-	/home/luw/XDP3/data/paired/paired_4config_ring512_20260823/cells/20260824T011656Z_xdp_drop_10000000.json
10000000	6	2	native	read-data	1	True	9509797.1	0.049015	1.0	335.74	0.6132	0.0776	0.6223	-	/home/luw/XDP3/data/paired/paired_4config_ring512_20260823/cells/20260824T011744Z_xdp_drop_10000000.json
10000000	6	3	skb	read-data	1	True	1244560.3	0.875545	1.0	2566.2	6.2575	0.2818	0.0646	-	/home/luw/XDP3/data/paired/paired_4config_ring512_20260823/cells/20260824T011832Z_xdp_drop_10000000.json
10000000	6	4	skb	no-touch	1	True	1248212.1	0.87518	1.0	2558.7	6.0715	0.2914	0.0651	-	/home/luw/XDP3/data/paired/paired_4config_ring512_20260823/cells/20260824T011919Z_xdp_drop_10000000.json
11500000	7	1	native	no-touch	1	True	11500194.4	0.0	1.0	249.13	0.4363	0.0735	0.0031	-	/home/luw/XDP3/data/paired/paired_4config_ring512_20260823/cells/20260824T012007Z_xdp_drop_11500000.json
11500000	7	2	skb	read-data	1	True	1242176.8	0.891985	1.0	2571.14	6.7223	0.3302	0.0638	-	/home/luw/XDP3/data/paired/paired_4config_ring512_20260823/cells/20260824T012055Z_xdp_drop_11500000.json
11500000	7	3	native	read-data	1	True	10800404.1	0.060854	1.0	295.64	0.4073	0.0893	0.3665	-	/home/luw/XDP3/data/paired/paired_4config_ring512_20260823/cells/20260824T012142Z_xdp_drop_11500000.json
11500000	7	4	skb	no-touch	1	True	1246985.5	0.891574	1.0	2561.26	6.4655	0.283	0.0647	-	/home/luw/XDP3/data/paired/paired_4config_ring512_20260823/cells/20260824T012230Z_xdp_drop_11500000.json
250000	7	1	native	no-touch	1	True	249999.7	0.0	1.0	523.77	0.8117	0.0872	0.0311	-	/home/luw/XDP3/data/paired/paired_4config_ring512_20260823/cells/20260824T012318Z_xdp_drop_250000.json
250000	7	2	skb	read-data	1	True	250001.0	0.0	1.0	2870.52	8.4799	0.6148	0.0329	-	/home/luw/XDP3/data/paired/paired_4config_ring512_20260823/cells/20260824T012405Z_xdp_drop_250000.json
250000	7	3	native	read-data	1	True	250000.0	0.0	1.0	601.68	0.8116	0.0824	0.5302	-	/home/luw/XDP3/data/paired/paired_4config_ring512_20260823/cells/20260824T012453Z_xdp_drop_250000.json
250000	7	4	skb	no-touch	1	True	250000.3	0.0	1.0	2869.81	8.0817	0.9687	0.0329	-	/home/luw/XDP3/data/paired/paired_4config_ring512_20260823/cells/20260824T012541Z_xdp_drop_250000.json
8000000	7	1	skb	no-touch	1	True	1243900.4	0.844515	1.0	2567.51	5.7541	0.9638	0.0637	-	/home/luw/XDP3/data/paired/paired_4config_ring512_20260823/cells/20260824T012628Z_xdp_drop_8000000.json
8000000	7	2	native	no-touch	1	True	7999907.7	0.0	1.0	298.31	0.9608	0.0998	0.009	-	/home/luw/XDP3/data/paired/paired_4config_ring512_20260823/cells/20260824T012716Z_xdp_drop_8000000.json
8000000	7	3	skb	read-data	1	True	1247683.8	0.844038	1.0	2559.77	6.1102	0.3249	0.0653	-	/home/luw/XDP3/data/paired/paired_4config_ring512_20260823/cells/20260824T012804Z_xdp_drop_8000000.json
8000000	7	4	native	read-data	1	True	7999947.7	0.0	1.0	334.07	0.6574	0.0886	0.4706	-	/home/luw/XDP3/data/paired/paired_4config_ring512_20260823/cells/20260824T012851Z_xdp_drop_8000000.json
9000000	7	1	skb	read-data	1	True	1244157.0	0.861762	1.0	2567.04	5.5219	0.2214	0.0634	-	/home/luw/XDP3/data/paired/paired_4config_ring512_20260823/cells/20260824T012939Z_xdp_drop_9000000.json
9000000	7	2	skb	no-touch	1	True	1251149.1	0.860988	1.0	2552.66	5.097	0.2249	0.0633	-	/home/luw/XDP3/data/paired/paired_4config_ring512_20260823/cells/20260824T013027Z_xdp_drop_9000000.json
9000000	7	3	native	read-data	1	True	9000008.7	0.0	1.0	284.71	0.5562	0.0698	0.1063	-	/home/luw/XDP3/data/paired/paired_4config_ring512_20260823/cells/20260824T013114Z_xdp_drop_9000000.json
9000000	7	4	native	no-touch	1	True	8999994.0	0.0	1.0	272.27	1.1885	0.0809	0.0062	-	/home/luw/XDP3/data/paired/paired_4config_ring512_20260823/cells/20260824T013202Z_xdp_drop_9000000.json
11000000	7	1	native	read-data	1	True	8306945.8	0.244852	1.0	384.15	0.8951	0.059	0.8941	-	/home/luw/XDP3/data/paired/paired_4config_ring512_20260823/cells/20260824T013250Z_xdp_drop_11000000.json
11000000	7	2	skb	no-touch	1	True	1239693.4	0.887301	1.0	2576.28	5.4075	1.2177	0.0632	-	/home/luw/XDP3/data/paired/paired_4config_ring512_20260823/cells/20260824T013338Z_xdp_drop_11000000.json
11000000	7	3	native	no-touch	1	True	11000380.3	0.0	1.0	251.11	1.1004	0.0609	0.0034	-	/home/luw/XDP3/data/paired/paired_4config_ring512_20260823/cells/20260824T013426Z_xdp_drop_11000000.json
11000000	7	4	skb	read-data	1	True	1246324.7	0.886707	1.0	2562.59	5.3426	0.2645	0.0637	-	/home/luw/XDP3/data/paired/paired_4config_ring512_20260823/cells/20260824T013513Z_xdp_drop_11000000.json
8500000	7	1	native	no-touch	1	True	8500138.3	0.0	1.0	284.07	0.6439	0.0702	0.0075	-	/home/luw/XDP3/data/paired/paired_4config_ring512_20260823/cells/20260824T013601Z_xdp_drop_8500000.json
8500000	7	2	skb	read-data	1	True	1243875.1	0.853667	1.0	2567.61	5.9161	1.0054	0.0632	-	/home/luw/XDP3/data/paired/paired_4config_ring512_20260823/cells/20260824T013649Z_xdp_drop_8500000.json
8500000	7	3	skb	no-touch	1	True	1243851.9	0.853669	1.0	2567.62	6.3445	0.9533	0.0628	-	/home/luw/XDP3/data/paired/paired_4config_ring512_20260823/cells/20260824T013736Z_xdp_drop_8500000.json
8500000	7	4	native	read-data	1	True	8500167.4	0.0	1.0	362.52	0.939	0.0859	0.7094	-	/home/luw/XDP3/data/paired/paired_4config_ring512_20260823/cells/20260824T013824Z_xdp_drop_8500000.json
10500000	7	1	skb	no-touch	1	True	1244697.7	0.881464	1.0	2565.94	6.3428	0.7503	0.0633	-	/home/luw/XDP3/data/paired/paired_4config_ring512_20260823/cells/20260824T013912Z_xdp_drop_10500000.json
10500000	7	2	skb	read-data	1	True	1243485.0	0.881569	1.0	2568.47	6.3608	0.7673	0.0635	-	/home/luw/XDP3/data/paired/paired_4config_ring512_20260823/cells/20260824T013959Z_xdp_drop_10500000.json
10500000	7	3	native	read-data	1	True	10146279.3	0.033723	1.0	314.73	0.5268	0.0581	0.4931	-	/home/luw/XDP3/data/paired/paired_4config_ring512_20260823/cells/20260824T014047Z_xdp_drop_10500000.json
10500000	7	4	native	no-touch	1	True	10500371.2	0.0	1.0	254.36	1.0061	0.0543	0.004	-	/home/luw/XDP3/data/paired/paired_4config_ring512_20260823/cells/20260824T014135Z_xdp_drop_10500000.json
5500000	7	1	native	read-data	1	True	5499993.2	0.0	1.0	417.89	0.7589	0.1137	0.5475	-	/home/luw/XDP3/data/paired/paired_4config_ring512_20260823/cells/20260824T014223Z_xdp_drop_5500000.json
5500000	7	2	skb	no-touch	1	True	1247676.5	0.773148	1.0	2559.79	6.4028	0.3052	0.0649	-	/home/luw/XDP3/data/paired/paired_4config_ring512_20260823/cells/20260824T014310Z_xdp_drop_5500000.json
5500000	7	3	native	no-touch	1	True	5499946.0	0.0	1.0	364.85	0.9426	0.0761	0.0134	-	/home/luw/XDP3/data/paired/paired_4config_ring512_20260823/cells/20260824T014358Z_xdp_drop_5500000.json
5500000	7	4	skb	read-data	1	True	1242478.1	0.774097	1.0	2570.55	6.7237	0.3934	0.0644	-	/home/luw/XDP3/data/paired/paired_4config_ring512_20260823/cells/20260824T014446Z_xdp_drop_5500000.json
1500000	7	1	skb	read-data	1	True	1241643.6	0.17224	1.0	2572.26	5.7915	0.3949	0.0651	-	/home/luw/XDP3/data/paired/paired_4config_ring512_20260823/cells/20260824T014533Z_xdp_drop_1500000.json
1500000	7	2	native	no-touch	1	True	1499997.7	0.0	1.0	431.61	0.4419	0.0695	0.0198	-	/home/luw/XDP3/data/paired/paired_4config_ring512_20260823/cells/20260824T014621Z_xdp_drop_1500000.json
1500000	7	3	native	read-data	1	True	1500004.4	0.0	1.0	479.65	0.4482	0.0991	0.2577	-	/home/luw/XDP3/data/paired/paired_4config_ring512_20260823/cells/20260824T014709Z_xdp_drop_1500000.json
1500000	7	4	skb	no-touch	1	True	1249149.8	0.167236	1.0	2556.79	6.5544	0.3829	0.0641	-	/home/luw/XDP3/data/paired/paired_4config_ring512_20260823/cells/20260824T014757Z_xdp_drop_1500000.json
14000000	7	1	skb	no-touch	1	True	1244355.0	0.911116	1.0	2566.67	6.7001	0.4066	0.0644	-	/home/luw/XDP3/data/paired/paired_4config_ring512_20260823/cells/20260824T014845Z_xdp_drop_14000000.json
14000000	7	2	native	read-data	1	True	9384983.7	0.32965	1.0	340.1	0.647	0.0621	0.6577	-	/home/luw/XDP3/data/paired/paired_4config_ring512_20260823/cells/20260824T014932Z_xdp_drop_14000000.json
14000000	7	3	skb	read-data	1	True	1243853.2	0.911156	1.0	2567.68	6.8516	0.4894	0.0642	-	/home/luw/XDP3/data/paired/paired_4config_ring512_20260823/cells/20260824T015020Z_xdp_drop_14000000.json
14000000	7	4	native	no-touch	1	True	14000132.4	0.0	1.0	227.19	0.3425	0.0758	0.0001	-	/home/luw/XDP3/data/paired/paired_4config_ring512_20260823/cells/20260824T015108Z_xdp_drop_14000000.json
14000000	7	1	skb	read-data	0	True	1239381.7	0.911477	1.0	0.0	0.0	0.0	0.0	-	/home/luw/XDP3/data/paired/paired_4config_ring512_20260823/cells/20260824T015155Z_xdp_drop_14000000.json
14000000	7	2	skb	no-touch	0	True	1244915.0	0.911082	1.0	0.0	0.0	0.0	0.0	-	/home/luw/XDP3/data/paired/paired_4config_ring512_20260823/cells/20260824T015243Z_xdp_drop_14000000.json
14000000	7	3	native	read-data	0	True	10291758.2	0.264882	1.0	0.0	0.0	0.0	0.0	-	/home/luw/XDP3/data/paired/paired_4config_ring512_20260823/cells/20260824T015331Z_xdp_drop_14000000.json
14000000	7	4	native	no-touch	0	True	14000018.6	0.0	1.0	0.0	0.0	0.0	0.0	-	/home/luw/XDP3/data/paired/paired_4config_ring512_20260823/cells/20260824T015418Z_xdp_drop_14000000.json
6000000	7	1	native	no-touch	1	True	6000125.4	0.0	1.0	346.79	0.6822	0.0793	0.0121	-	/home/luw/XDP3/data/paired/paired_4config_ring512_20260823/cells/20260824T015506Z_xdp_drop_6000000.json
6000000	7	2	skb	no-touch	1	True	1245544.9	0.792418	1.0	2564.23	5.803	1.1742	0.0635	-	/home/luw/XDP3/data/paired/paired_4config_ring512_20260823/cells/20260824T015554Z_xdp_drop_6000000.json
6000000	7	3	skb	read-data	1	True	1240716.5	0.793221	1.0	2574.2	5.7134	1.1305	0.0628	-	/home/luw/XDP3/data/paired/paired_4config_ring512_20260823/cells/20260824T015641Z_xdp_drop_6000000.json
6000000	7	4	native	read-data	1	True	6000144.8	0.0	1.0	419.36	1.0739	0.1052	0.8518	-	/home/luw/XDP3/data/paired/paired_4config_ring512_20260823/cells/20260824T015729Z_xdp_drop_6000000.json
14880952	7	1	skb	read-data	1	True	1243963.0	0.916289	1.0	2567.45	6.2408	0.2993	0.0644	-	/home/luw/XDP3/data/paired/paired_4config_ring512_20260823/cells/20260824T015817Z_xdp_drop_14880952.json
14880952	7	2	native	read-data	1	True	12074582.4	0.188562	1.0	264.49	0.239	0.0852	0.1884	-	/home/luw/XDP3/data/paired/paired_4config_ring512_20260823/cells/20260824T015905Z_xdp_drop_14880952.json
14880952	7	3	skb	no-touch	1	True	1249135.4	0.916042	1.0	2556.78	6.4986	0.2882	0.0647	-	/home/luw/XDP3/data/paired/paired_4config_ring512_20260823/cells/20260824T015952Z_xdp_drop_14880952.json
14880952	7	4	native	no-touch	1	True	14261304.6	0.041612	1.0	223.95	0.62	0.0606	0.0	-	/home/luw/XDP3/data/paired/paired_4config_ring512_20260823/cells/20260824T020040Z_xdp_drop_14880952.json
14880952	7	1	native	no-touch	0	True	14273231.1	0.040808	1.0	0.0	0.0	0.0	0.0	-	/home/luw/XDP3/data/paired/paired_4config_ring512_20260823/cells/20260824T020128Z_xdp_drop_14880952.json
14880952	7	2	skb	no-touch	0	True	1252412.5	0.915819	1.0	0.0	0.0	0.0	0.0	-	/home/luw/XDP3/data/paired/paired_4config_ring512_20260823/cells/20260824T020216Z_xdp_drop_14880952.json
14880952	7	3	native	read-data	0	True	11836692.8	0.204548	1.0	0.0	0.0	0.0	0.0	-	/home/luw/XDP3/data/paired/paired_4config_ring512_20260823/cells/20260824T020303Z_xdp_drop_14880952.json
14880952	7	4	skb	read-data	0	True	1241950.8	0.916523	1.0	0.0	0.0	0.0	0.0	-	/home/luw/XDP3/data/paired/paired_4config_ring512_20260823/cells/20260824T020351Z_xdp_drop_14880952.json
500000	7	1	native	read-data	1	True	500001.4	0.0	1.0	512.9	0.9482	0.0851	0.7451	-	/home/luw/XDP3/data/paired/paired_4config_ring512_20260823/cells/20260824T020439Z_xdp_drop_500000.json
500000	7	2	skb	read-data	1	True	499999.6	0.0	1.0	2801.51	7.6292	0.3341	0.0269	-	/home/luw/XDP3/data/paired/paired_4config_ring512_20260823/cells/20260824T020527Z_xdp_drop_500000.json
500000	7	3	skb	no-touch	1	True	500000.4	0.0	1.0	2799.15	7.7943	0.3413	0.027	-	/home/luw/XDP3/data/paired/paired_4config_ring512_20260823/cells/20260824T020614Z_xdp_drop_500000.json
500000	7	4	native	no-touch	1	True	500001.9	0.0	1.0	389.93	0.7899	0.0861	0.0166	-	/home/luw/XDP3/data/paired/paired_4config_ring512_20260823/cells/20260824T020702Z_xdp_drop_500000.json
14500000	7	1	native	no-touch	1	True	14357262.4	0.009789	1.0	222.45	0.5375	0.0454	0.0	-	/home/luw/XDP3/data/paired/paired_4config_ring512_20260823/cells/20260824T020750Z_xdp_drop_14500000.json
14500000	7	2	skb	no-touch	1	True	1247963.7	0.913928	1.0	2559.17	5.4466	0.3704	0.0643	-	/home/luw/XDP3/data/paired/paired_4config_ring512_20260823/cells/20260824T020837Z_xdp_drop_14500000.json
14500000	7	3	skb	read-data	1	True	1248387.0	0.913903	1.0	2558.34	5.7153	0.3722	0.0637	-	/home/luw/XDP3/data/paired/paired_4config_ring512_20260823/cells/20260824T020925Z_xdp_drop_14500000.json
14500000	7	4	native	read-data	1	True	9958713.2	0.313143	1.0	320.55	0.5887	0.0619	0.5259	-	/home/luw/XDP3/data/paired/paired_4config_ring512_20260823/cells/20260824T021013Z_xdp_drop_14500000.json
750000	7	1	native	no-touch	1	True	750001.4	0.0	1.0	412.8	1.0492	0.0809	0.0189	-	/home/luw/XDP3/data/paired/paired_4config_ring512_20260823/cells/20260824T021100Z_xdp_drop_750000.json
750000	7	2	native	read-data	1	True	749999.6	0.0	1.0	473.21	0.5485	0.1024	0.3531	-	/home/luw/XDP3/data/paired/paired_4config_ring512_20260823/cells/20260824T021148Z_xdp_drop_750000.json
750000	7	3	skb	no-touch	1	True	750001.0	0.0	1.0	2842.79	7.7894	0.331	0.0289	-	/home/luw/XDP3/data/paired/paired_4config_ring512_20260823/cells/20260824T021236Z_xdp_drop_750000.json
750000	7	4	skb	read-data	1	True	750003.9	0.0	1.0	2843.26	7.6455	0.3284	0.029	-	/home/luw/XDP3/data/paired/paired_4config_ring512_20260823/cells/20260824T021324Z_xdp_drop_750000.json
4500000	7	1	native	read-data	1	True	4499997.3	0.0	1.0	491.57	0.9857	0.0862	0.7846	-	/home/luw/XDP3/data/paired/paired_4config_ring512_20260823/cells/20260824T021411Z_xdp_drop_4500000.json
4500000	7	2	skb	read-data	1	True	1245358.0	0.723255	1.0	2564.59	5.9842	0.7406	0.0638	-	/home/luw/XDP3/data/paired/paired_4config_ring512_20260823/cells/20260824T021459Z_xdp_drop_4500000.json
4500000	7	3	skb	no-touch	1	True	1244679.2	0.723406	1.0	2565.96	5.8732	0.7106	0.0637	-	/home/luw/XDP3/data/paired/paired_4config_ring512_20260823/cells/20260824T021547Z_xdp_drop_4500000.json
4500000	7	4	native	no-touch	1	True	4500005.8	0.0	1.0	398.58	0.8114	0.078	0.0159	-	/home/luw/XDP3/data/paired/paired_4config_ring512_20260823/cells/20260824T021634Z_xdp_drop_4500000.json
6500000	7	1	native	no-touch	1	True	6500144.8	0.0	1.0	332.8	0.3846	0.088	0.0121	-	/home/luw/XDP3/data/paired/paired_4config_ring512_20260823/cells/20260824T021722Z_xdp_drop_6500000.json
6500000	7	2	skb	read-data	1	True	1242900.3	0.808793	1.0	2569.68	6.3684	1.1199	0.0634	-	/home/luw/XDP3/data/paired/paired_4config_ring512_20260823/cells/20260824T021810Z_xdp_drop_6500000.json
6500000	7	3	native	read-data	1	True	6500135.2	0.0	1.0	401.09	1.0425	0.0873	0.7898	-	/home/luw/XDP3/data/paired/paired_4config_ring512_20260823/cells/20260824T021857Z_xdp_drop_6500000.json
6500000	7	4	skb	no-touch	1	True	1242799.7	0.808803	1.0	2569.89	6.0691	0.985	0.0632	-	/home/luw/XDP3/data/paired/paired_4config_ring512_20260823/cells/20260824T021945Z_xdp_drop_6500000.json
3500000	7	1	native	read-data	1	True	3500024.7	0.0	1.0	537.67	1.059	0.0871	0.8143	-	/home/luw/XDP3/data/paired/paired_4config_ring512_20260823/cells/20260824T022033Z_xdp_drop_3500000.json
3500000	7	2	skb	read-data	1	True	1245439.2	0.644167	1.0	2564.44	4.7612	1.2111	0.0634	-	/home/luw/XDP3/data/paired/paired_4config_ring512_20260823/cells/20260824T022121Z_xdp_drop_3500000.json
3500000	7	3	skb	no-touch	1	True	1242819.7	0.644912	1.0	2569.8	4.9653	1.1608	0.0631	-	/home/luw/XDP3/data/paired/paired_4config_ring512_20260823/cells/20260824T022208Z_xdp_drop_3500000.json
3500000	7	4	native	no-touch	1	True	3500038.9	0.0	1.0	419.26	1.1123	0.0609	0.0192	-	/home/luw/XDP3/data/paired/paired_4config_ring512_20260823/cells/20260824T022256Z_xdp_drop_3500000.json
2500000	7	1	native	read-data	1	True	2499982.6	0.0	1.0	581.77	1.1639	0.0755	0.9236	-	/home/luw/XDP3/data/paired/paired_4config_ring512_20260823/cells/20260824T022344Z_xdp_drop_2500000.json
2500000	7	2	native	no-touch	1	True	2499976.3	0.0	1.0	453.87	0.5989	0.0841	0.0233	-	/home/luw/XDP3/data/paired/paired_4config_ring512_20260823/cells/20260824T022432Z_xdp_drop_2500000.json
2500000	7	3	skb	read-data	1	True	1246280.7	0.501481	1.0	2562.66	5.2088	0.2989	0.0643	-	/home/luw/XDP3/data/paired/paired_4config_ring512_20260823/cells/20260824T022519Z_xdp_drop_2500000.json
2500000	7	4	skb	no-touch	1	True	1248450.4	0.500619	1.0	2558.22	5.6412	0.2782	0.0634	-	/home/luw/XDP3/data/paired/paired_4config_ring512_20260823/cells/20260824T022607Z_xdp_drop_2500000.json
4000000	7	1	skb	read-data	1	True	1244395.9	0.688903	1.0	2566.58	5.6746	0.2767	0.063	-	/home/luw/XDP3/data/paired/paired_4config_ring512_20260823/cells/20260824T022655Z_xdp_drop_4000000.json
4000000	7	2	native	read-data	1	True	3999987.8	0.0	1.0	483.78	0.7837	0.0973	0.5782	-	/home/luw/XDP3/data/paired/paired_4config_ring512_20260823/cells/20260824T022742Z_xdp_drop_4000000.json
4000000	7	3	native	no-touch	1	True	3999962.7	0.0	1.0	402.79	0.7864	0.063	0.0176	-	/home/luw/XDP3/data/paired/paired_4config_ring512_20260823/cells/20260824T022830Z_xdp_drop_4000000.json
4000000	7	4	skb	no-touch	1	True	1247889.8	0.688027	1.0	2559.4	6.3023	0.3043	0.0644	-	/home/luw/XDP3/data/paired/paired_4config_ring512_20260823/cells/20260824T022918Z_xdp_drop_4000000.json
13500000	7	1	skb	read-data	1	True	1244926.9	0.907779	1.0	2565.5	6.2272	0.2703	0.064	-	/home/luw/XDP3/data/paired/paired_4config_ring512_20260823/cells/20260824T023005Z_xdp_drop_13500000.json
13500000	7	2	skb	no-touch	1	True	1245356.0	0.907751	1.0	2564.61	6.1649	0.2688	0.0637	-	/home/luw/XDP3/data/paired/paired_4config_ring512_20260823/cells/20260824T023053Z_xdp_drop_13500000.json
13500000	7	3	native	no-touch	1	True	13499624.6	0.0	1.0	233.33	0.2569	0.0727	0.0004	-	/home/luw/XDP3/data/paired/paired_4config_ring512_20260823/cells/20260824T023141Z_xdp_drop_13500000.json
13500000	7	4	native	read-data	1	True	12287064.1	0.089819	1.0	259.93	0.2589	0.0666	0.1703	-	/home/luw/XDP3/data/paired/paired_4config_ring512_20260823/cells/20260824T023228Z_xdp_drop_13500000.json
10000000	7	1	skb	no-touch	1	True	1244418.1	0.875559	1.0	2566.53	6.3977	0.6353	0.0636	-	/home/luw/XDP3/data/paired/paired_4config_ring512_20260823/cells/20260824T023316Z_xdp_drop_10000000.json
10000000	7	2	native	no-touch	1	True	9999929.1	0.0	1.0	259.08	1.0858	0.0693	0.0044	-	/home/luw/XDP3/data/paired/paired_4config_ring512_20260823/cells/20260824T023404Z_xdp_drop_10000000.json
10000000	7	3	native	read-data	1	True	9999937.7	0.0	1.0	287.12	0.3957	0.0841	0.2049	-	/home/luw/XDP3/data/paired/paired_4config_ring512_20260823/cells/20260824T023452Z_xdp_drop_10000000.json
10000000	7	4	skb	read-data	1	True	1243883.8	0.875612	1.0	2567.65	5.6539	0.5846	0.0638	-	/home/luw/XDP3/data/paired/paired_4config_ring512_20260823/cells/20260824T023539Z_xdp_drop_10000000.json
12000000	7	1	skb	no-touch	1	True	1250005.4	0.895807	1.0	2555.07	6.339	0.5518	0.0637	-	/home/luw/XDP3/data/paired/paired_4config_ring512_20260823/cells/20260824T023627Z_xdp_drop_12000000.json
12000000	7	2	skb	read-data	1	True	1246354.9	0.896143	1.0	2562.54	5.671	0.5615	0.0637	-	/home/luw/XDP3/data/paired/paired_4config_ring512_20260823/cells/20260824T023715Z_xdp_drop_12000000.json
12000000	7	3	native	no-touch	1	True	12000276.1	0.0	1.0	247.58	0.5173	0.085	0.0019	-	/home/luw/XDP3/data/paired/paired_4config_ring512_20260823/cells/20260824T023802Z_xdp_drop_12000000.json
12000000	7	4	native	read-data	1	True	8211316.9	0.315737	1.0	388.78	0.5706	0.0641	0.9611	-	/home/luw/XDP3/data/paired/paired_4config_ring512_20260823/cells/20260824T023850Z_xdp_drop_12000000.json
5000000	7	1	native	read-data	1	True	4999978.3	0.0	1.0	476.4	1.0998	0.1221	0.9177	-	/home/luw/XDP3/data/paired/paired_4config_ring512_20260823/cells/20260824T023938Z_xdp_drop_5000000.json
5000000	7	2	native	no-touch	1	True	4999970.7	0.0	1.0	386.2	0.6898	0.0951	0.0161	-	/home/luw/XDP3/data/paired/paired_4config_ring512_20260823/cells/20260824T024026Z_xdp_drop_5000000.json
5000000	7	3	skb	read-data	1	True	1247621.4	0.750474	1.0	2559.94	6.05	0.2705	0.0642	-	/home/luw/XDP3/data/paired/paired_4config_ring512_20260823/cells/20260824T024114Z_xdp_drop_5000000.json
5000000	7	4	skb	no-touch	1	True	1249512.6	0.750099	1.0	2556.07	5.7724	0.2669	0.0639	-	/home/luw/XDP3/data/paired/paired_4config_ring512_20260823/cells/20260824T024201Z_xdp_drop_5000000.json
7500000	7	1	native	no-touch	1	True	7500077.2	0.0	1.0	312.17	0.4065	0.0818	0.01	-	/home/luw/XDP3/data/paired/paired_4config_ring512_20260823/cells/20260824T024249Z_xdp_drop_7500000.json
7500000	7	2	native	read-data	1	True	7500081.0	0.0	1.0	351.42	0.7453	0.0953	0.5226	-	/home/luw/XDP3/data/paired/paired_4config_ring512_20260823/cells/20260824T024337Z_xdp_drop_7500000.json
7500000	7	3	skb	read-data	1	True	1238494.2	0.834873	1.0	2578.79	5.3918	1.1547	0.0632	-	/home/luw/XDP3/data/paired/paired_4config_ring512_20260823/cells/20260824T024424Z_xdp_drop_7500000.json
7500000	7	4	skb	no-touch	1	True	1242168.9	0.834383	1.0	2571.14	6.0652	1.1111	0.0631	-	/home/luw/XDP3/data/paired/paired_4config_ring512_20260823/cells/20260824T024512Z_xdp_drop_7500000.json
1000000	7	1	native	read-data	1	True	999999.8	0.0	1.0	576.29	1.1788	0.0891	0.9951	-	/home/luw/XDP3/data/paired/paired_4config_ring512_20260823/cells/20260824T024600Z_xdp_drop_1000000.json
1000000	7	2	skb	no-touch	1	True	1000003.1	0.0	1.0	2768.78	7.2515	0.7524	0.0344	-	/home/luw/XDP3/data/paired/paired_4config_ring512_20260823/cells/20260824T024647Z_xdp_drop_1000000.json
1000000	7	3	skb	read-data	1	True	1000001.5	0.0	1.0	2769.56	7.3591	0.7504	0.0346	-	/home/luw/XDP3/data/paired/paired_4config_ring512_20260823/cells/20260824T024735Z_xdp_drop_1000000.json
1000000	7	4	native	no-touch	1	True	999999.2	0.0	1.0	412.5	0.6583	0.0753	0.0188	-	/home/luw/XDP3/data/paired/paired_4config_ring512_20260823/cells/20260824T024823Z_xdp_drop_1000000.json
12500000	7	1	native	read-data	1	True	12214034.9	0.022891	1.0	261.48	0.2623	0.0762	0.1721	-	/home/luw/XDP3/data/paired/paired_4config_ring512_20260823/cells/20260824T024910Z_xdp_drop_12500000.json
12500000	7	2	native	no-touch	1	True	12500151.6	0.0	1.0	245.02	0.3813	0.0559	0.001	-	/home/luw/XDP3/data/paired/paired_4config_ring512_20260823/cells/20260824T024958Z_xdp_drop_12500000.json
12500000	7	3	skb	no-touch	1	True	1246313.9	0.900282	1.0	2562.6	5.2991	1.1516	0.0633	-	/home/luw/XDP3/data/paired/paired_4config_ring512_20260823/cells/20260824T025046Z_xdp_drop_12500000.json
12500000	7	4	skb	read-data	1	True	1239480.4	0.900845	1.0	2576.72	5.5623	1.0926	0.0631	-	/home/luw/XDP3/data/paired/paired_4config_ring512_20260823/cells/20260824T025134Z_xdp_drop_12500000.json
9500000	7	1	skb	no-touch	1	True	1242565.2	0.869208	1.0	2570.26	5.6491	1.0961	0.0631	-	/home/luw/XDP3/data/paired/paired_4config_ring512_20260823/cells/20260824T025221Z_xdp_drop_9500000.json
9500000	7	2	native	no-touch	1	True	9500218.5	0.0	1.0	264.01	1.0272	0.062	0.0052	-	/home/luw/XDP3/data/paired/paired_4config_ring512_20260823/cells/20260824T025309Z_xdp_drop_9500000.json
9500000	7	3	skb	read-data	1	True	1245757.8	0.868875	1.0	2563.76	5.8196	0.294	0.0642	-	/home/luw/XDP3/data/paired/paired_4config_ring512_20260823/cells/20260824T025357Z_xdp_drop_9500000.json
9500000	7	4	native	read-data	1	True	9500191.7	0.0	1.0	288.19	0.4984	0.0794	0.1785	-	/home/luw/XDP3/data/paired/paired_4config_ring512_20260823/cells/20260824T025444Z_xdp_drop_9500000.json
3000000	7	1	skb	no-touch	1	True	1246765.7	0.584415	1.0	2561.7	6.1196	0.2658	0.064	-	/home/luw/XDP3/data/paired/paired_4config_ring512_20260823/cells/20260824T025532Z_xdp_drop_3000000.json
3000000	7	2	native	no-touch	1	True	3000008.9	0.0	1.0	429.41	0.3729	0.0654	0.0206	-	/home/luw/XDP3/data/paired/paired_4config_ring512_20260823/cells/20260824T025620Z_xdp_drop_3000000.json
3000000	7	3	native	read-data	1	True	2999990.9	0.0	1.0	466.94	0.5203	0.0807	0.2486	-	/home/luw/XDP3/data/paired/paired_4config_ring512_20260823/cells/20260824T025707Z_xdp_drop_3000000.json
3000000	7	4	skb	read-data	1	True	1244929.6	0.585029	1.0	2565.45	6.6253	0.5728	0.0637	-	/home/luw/XDP3/data/paired/paired_4config_ring512_20260823/cells/20260824T025755Z_xdp_drop_3000000.json
13000000	7	1	skb	no-touch	1	True	1248351.1	0.903977	1.0	2558.36	6.288	0.5453	0.0631	-	/home/luw/XDP3/data/paired/paired_4config_ring512_20260823/cells/20260824T025843Z_xdp_drop_13000000.json
13000000	7	2	skb	read-data	1	True	1248551.8	0.903964	1.0	2557.95	5.5923	0.5614	0.0638	-	/home/luw/XDP3/data/paired/paired_4config_ring512_20260823/cells/20260824T025930Z_xdp_drop_13000000.json
13000000	7	3	native	no-touch	1	True	13000305.0	0.0	1.0	238.49	0.5501	0.0704	0.0008	-	/home/luw/XDP3/data/paired/paired_4config_ring512_20260823/cells/20260824T030018Z_xdp_drop_13000000.json
13000000	7	4	native	read-data	1	True	9670511.0	0.25613	1.0	330.08	0.6055	0.0672	0.591	-	/home/luw/XDP3/data/paired/paired_4config_ring512_20260823/cells/20260824T030106Z_xdp_drop_13000000.json
2000000	7	1	skb	no-touch	1	True	1249073.4	0.375468	1.0	2556.97	6.9027	0.3753	0.0646	-	/home/luw/XDP3/data/paired/paired_4config_ring512_20260823/cells/20260824T030154Z_xdp_drop_2000000.json
2000000	7	2	skb	read-data	1	True	1242087.0	0.378964	1.0	2571.32	6.5507	0.394	0.0641	-	/home/luw/XDP3/data/paired/paired_4config_ring512_20260823/cells/20260824T030242Z_xdp_drop_2000000.json
2000000	7	3	native	no-touch	1	True	2000016.1	0.0	1.0	419.83	0.4956	0.0833	0.0196	-	/home/luw/XDP3/data/paired/paired_4config_ring512_20260823/cells/20260824T030329Z_xdp_drop_2000000.json
2000000	7	4	native	read-data	1	True	2000018.6	0.0	1.0	490.33	0.6216	0.0894	0.414	-	/home/luw/XDP3/data/paired/paired_4config_ring512_20260823/cells/20260824T030417Z_xdp_drop_2000000.json
7000000	7	1	skb	read-data	1	True	1244001.6	0.822287	1.0	2567.33	5.8602	0.286	0.0647	-	/home/luw/XDP3/data/paired/paired_4config_ring512_20260823/cells/20260824T030505Z_xdp_drop_7000000.json
7000000	7	2	native	no-touch	1	True	7000066.0	0.0	1.0	322.51	0.4466	0.0847	0.0115	-	/home/luw/XDP3/data/paired/paired_4config_ring512_20260823/cells/20260824T030552Z_xdp_drop_7000000.json
7000000	7	3	native	read-data	1	True	7000040.8	0.0	1.0	376.41	0.9185	0.0995	0.6855	-	/home/luw/XDP3/data/paired/paired_4config_ring512_20260823/cells/20260824T030640Z_xdp_drop_7000000.json
7000000	7	4	skb	no-touch	1	True	1251140.8	0.821271	1.0	2552.77	5.7907	0.4153	0.064	-	/home/luw/XDP3/data/paired/paired_4config_ring512_20260823/cells/20260824T030728Z_xdp_drop_7000000.json
7000000	8	1	skb	read-data	1	True	1243242.0	0.822393	1.0	2568.91	5.6141	0.5267	0.0641	-	/home/luw/XDP3/data/paired/paired_4config_ring512_20260823/cells/20260824T030816Z_xdp_drop_7000000.json
7000000	8	2	native	no-touch	1	True	7000058.6	0.0	1.0	320.15	0.7767	0.094	0.0116	-	/home/luw/XDP3/data/paired/paired_4config_ring512_20260823/cells/20260824T030903Z_xdp_drop_7000000.json
7000000	8	3	skb	no-touch	1	True	1246730.1	0.8219	1.0	2561.72	5.6083	0.2862	0.0637	-	/home/luw/XDP3/data/paired/paired_4config_ring512_20260823/cells/20260824T030951Z_xdp_drop_7000000.json
7000000	8	4	native	read-data	1	True	7000028.2	0.0	1.0	345.78	0.473	0.1012	0.2253	-	/home/luw/XDP3/data/paired/paired_4config_ring512_20260823/cells/20260824T031039Z_xdp_drop_7000000.json
2500000	8	1	skb	read-data	1	True	1248160.3	0.50073	1.0	2558.87	6.6172	0.2855	0.0646	-	/home/luw/XDP3/data/paired/paired_4config_ring512_20260823/cells/20260824T031126Z_xdp_drop_2500000.json
2500000	8	2	skb	no-touch	1	True	1248728.8	0.500508	1.0	2557.64	5.5547	0.2898	0.065	-	/home/luw/XDP3/data/paired/paired_4config_ring512_20260823/cells/20260824T031214Z_xdp_drop_2500000.json
2500000	8	3	native	no-touch	1	True	2499989.1	0.0	1.0	453.89	0.5467	0.0631	0.0233	-	/home/luw/XDP3/data/paired/paired_4config_ring512_20260823/cells/20260824T031302Z_xdp_drop_2500000.json
2500000	8	4	native	read-data	1	True	2499972.4	0.0	1.0	585.62	1.1441	0.0933	0.9585	-	/home/luw/XDP3/data/paired/paired_4config_ring512_20260823/cells/20260824T031349Z_xdp_drop_2500000.json
9500000	8	1	native	read-data	1	True	9500140.5	0.0	1.0	320.65	0.6696	0.0738	0.4034	-	/home/luw/XDP3/data/paired/paired_4config_ring512_20260823/cells/20260824T031437Z_xdp_drop_9500000.json
9500000	8	2	skb	read-data	1	True	1244711.5	0.868961	1.0	2565.94	6.77	0.4655	0.0639	-	/home/luw/XDP3/data/paired/paired_4config_ring512_20260823/cells/20260824T031525Z_xdp_drop_9500000.json
9500000	8	3	native	no-touch	1	True	9500150.4	0.0	1.0	265.14	1.0202	0.0696	0.0051	-	/home/luw/XDP3/data/paired/paired_4config_ring512_20260823/cells/20260824T031612Z_xdp_drop_9500000.json
9500000	8	4	skb	no-touch	1	True	1239551.7	0.869526	1.0	2576.6	6.2121	1.2359	0.0633	-	/home/luw/XDP3/data/paired/paired_4config_ring512_20260823/cells/20260824T031700Z_xdp_drop_9500000.json
8500000	8	1	skb	read-data	1	True	1236270.7	0.854559	1.0	2583.47	5.6489	1.1932	0.0631	-	/home/luw/XDP3/data/paired/paired_4config_ring512_20260823/cells/20260824T031748Z_xdp_drop_8500000.json
8500000	8	2	native	no-touch	1	True	8500111.8	0.0	1.0	284.09	1.1034	0.0832	0.0075	-	/home/luw/XDP3/data/paired/paired_4config_ring512_20260823/cells/20260824T031835Z_xdp_drop_8500000.json
8500000	8	3	native	read-data	1	True	8500143.0	0.0	1.0	305.14	0.4425	0.1026	0.2165	-	/home/luw/XDP3/data/paired/paired_4config_ring512_20260823/cells/20260824T031923Z_xdp_drop_8500000.json
8500000	8	4	skb	no-touch	1	True	1246487.7	0.853359	1.0	2562.31	5.9142	0.3093	0.065	-	/home/luw/XDP3/data/paired/paired_4config_ring512_20260823/cells/20260824T032011Z_xdp_drop_8500000.json
1500000	8	1	skb	read-data	1	True	1247789.1	0.168149	1.0	2559.54	5.1639	0.2835	0.0649	-	/home/luw/XDP3/data/paired/paired_4config_ring512_20260823/cells/20260824T032059Z_xdp_drop_1500000.json
1500000	8	2	skb	no-touch	1	True	1251792.6	0.165473	1.0	2551.39	5.3973	0.2831	0.0645	-	/home/luw/XDP3/data/paired/paired_4config_ring512_20260823/cells/20260824T032147Z_xdp_drop_1500000.json
1500000	8	3	native	no-touch	1	True	1499999.5	0.0	1.0	425.54	0.3252	0.0977	0.0198	-	/home/luw/XDP3/data/paired/paired_4config_ring512_20260823/cells/20260824T032234Z_xdp_drop_1500000.json
1500000	8	4	native	read-data	1	True	1500003.6	0.0	1.0	580.59	1.1545	0.0839	0.916	-	/home/luw/XDP3/data/paired/paired_4config_ring512_20260823/cells/20260824T032322Z_xdp_drop_1500000.json
5000000	8	1	native	no-touch	1	True	4999971.6	0.0	1.0	385.6	0.5	0.0847	0.016	-	/home/luw/XDP3/data/paired/paired_4config_ring512_20260823/cells/20260824T032410Z_xdp_drop_5000000.json
5000000	8	2	skb	read-data	1	True	1244890.0	0.751023	1.0	2565.55	5.273	0.6961	0.0638	-	/home/luw/XDP3/data/paired/paired_4config_ring512_20260823/cells/20260824T032457Z_xdp_drop_5000000.json
5000000	8	3	native	read-data	1	True	4999965.1	0.0	1.0	480.88	1.1809	0.0924	0.9862	-	/home/luw/XDP3/data/paired/paired_4config_ring512_20260823/cells/20260824T032545Z_xdp_drop_5000000.json
5000000	8	4	skb	no-touch	1	True	1245577.0	0.750886	1.0	2564.11	5.798	0.2966	0.0644	-	/home/luw/XDP3/data/paired/paired_4config_ring512_20260823/cells/20260824T032633Z_xdp_drop_5000000.json
250000	8	1	native	no-touch	1	True	250002.4	0.0	1.0	524.01	0.5261	0.0715	0.0311	-	/home/luw/XDP3/data/paired/paired_4config_ring512_20260823/cells/20260824T032720Z_xdp_drop_250000.json
250000	8	2	native	read-data	1	True	250000.8	0.0	1.0	628.37	0.9249	0.1154	0.7134	-	/home/luw/XDP3/data/paired/paired_4config_ring512_20260823/cells/20260824T032808Z_xdp_drop_250000.json
250000	8	3	skb	no-touch	1	True	249999.8	0.0	1.0	2864.59	8.0813	1.1457	0.0325	-	/home/luw/XDP3/data/paired/paired_4config_ring512_20260823/cells/20260824T032856Z_xdp_drop_250000.json
250000	8	4	skb	read-data	1	True	250000.6	0.0	1.0	2890.65	8.2709	1.1461	0.0328	-	/home/luw/XDP3/data/paired/paired_4config_ring512_20260823/cells/20260824T032944Z_xdp_drop_250000.json
9000000	8	1	skb	no-touch	1	True	1245661.7	0.861596	1.0	2563.89	6.3314	1.0777	0.0631	-	/home/luw/XDP3/data/paired/paired_4config_ring512_20260823/cells/20260824T033031Z_xdp_drop_9000000.json
9000000	8	2	skb	read-data	1	True	1242276.6	0.861973	1.0	2570.85	5.6858	1.08	0.0633	-	/home/luw/XDP3/data/paired/paired_4config_ring512_20260823/cells/20260824T033119Z_xdp_drop_9000000.json
9000000	8	3	native	no-touch	1	True	9000027.6	0.0	1.0	271.8	1.0159	0.0708	0.0061	-	/home/luw/XDP3/data/paired/paired_4config_ring512_20260823/cells/20260824T033207Z_xdp_drop_9000000.json
9000000	8	4	native	read-data	1	True	9000031.2	0.0	1.0	296.61	0.4225	0.1023	0.21	-	/home/luw/XDP3/data/paired/paired_4config_ring512_20260823/cells/20260824T033254Z_xdp_drop_9000000.json
3000000	8	1	skb	read-data	1	True	1248505.4	0.583833	1.0	2558.05	5.769	0.2736	0.0637	-	/home/luw/XDP3/data/paired/paired_4config_ring512_20260823/cells/20260824T033342Z_xdp_drop_3000000.json
3000000	8	2	native	read-data	1	True	2999995.5	0.0	1.0	458.92	0.5983	0.0718	0.1881	-	/home/luw/XDP3/data/paired/paired_4config_ring512_20260823/cells/20260824T033430Z_xdp_drop_3000000.json
3000000	8	3	native	no-touch	1	True	3000003.2	0.0	1.0	429.2	0.3621	0.0736	0.0206	-	/home/luw/XDP3/data/paired/paired_4config_ring512_20260823/cells/20260824T033518Z_xdp_drop_3000000.json
3000000	8	4	skb	no-touch	1	True	1249850.1	0.583386	1.0	2555.34	6.3607	0.7311	0.0637	-	/home/luw/XDP3/data/paired/paired_4config_ring512_20260823/cells/20260824T033606Z_xdp_drop_3000000.json
1000000	8	1	native	read-data	1	True	1000004.1	0.0	1.0	559.57	1.1387	0.0998	0.917	-	/home/luw/XDP3/data/paired/paired_4config_ring512_20260823/cells/20260824T033653Z_xdp_drop_1000000.json
1000000	8	2	skb	read-data	1	True	999997.1	0.0	1.0	2765.27	7.6882	0.3246	0.034	-	/home/luw/XDP3/data/paired/paired_4config_ring512_20260823/cells/20260824T033741Z_xdp_drop_1000000.json
1000000	8	3	native	no-touch	1	True	1000001.1	0.0	1.0	412.07	0.7651	0.0879	0.0188	-	/home/luw/XDP3/data/paired/paired_4config_ring512_20260823/cells/20260824T033829Z_xdp_drop_1000000.json
1000000	8	4	skb	no-touch	1	True	1000003.3	0.0	1.0	2764.96	7.6491	0.3509	0.0343	-	/home/luw/XDP3/data/paired/paired_4config_ring512_20260823/cells/20260824T033916Z_xdp_drop_1000000.json
500000	8	1	skb	no-touch	1	True	499998.1	0.0	1.0	2799.16	7.7227	0.3481	0.0269	-	/home/luw/XDP3/data/paired/paired_4config_ring512_20260823/cells/20260824T034004Z_xdp_drop_500000.json
500000	8	2	skb	read-data	1	True	500001.8	0.0	1.0	2802.52	7.716	0.3509	0.0269	-	/home/luw/XDP3/data/paired/paired_4config_ring512_20260823/cells/20260824T034052Z_xdp_drop_500000.json
500000	8	3	native	read-data	1	True	500004.0	0.0	1.0	466.87	0.6445	0.0945	0.463	-	/home/luw/XDP3/data/paired/paired_4config_ring512_20260823/cells/20260824T034139Z_xdp_drop_500000.json
500000	8	4	native	no-touch	1	True	500002.2	0.0	1.0	388.48	0.2916	0.0811	0.0166	-	/home/luw/XDP3/data/paired/paired_4config_ring512_20260823/cells/20260824T034227Z_xdp_drop_500000.json
14880952	8	1	skb	read-data	1	True	1242161.1	0.916505	1.0	2571.11	5.5682	1.2348	0.0632	-	/home/luw/XDP3/data/paired/paired_4config_ring512_20260823/cells/20260824T034315Z_xdp_drop_14880952.json
14880952	8	2	native	no-touch	1	True	14291502.1	0.039568	1.0	223.49	0.8528	0.0629	0.0	-	/home/luw/XDP3/data/paired/paired_4config_ring512_20260823/cells/20260824T034402Z_xdp_drop_14880952.json
14880952	8	3	native	read-data	1	True	12279385.8	0.174801	1.0	260.08	0.2454	0.065	0.1683	-	/home/luw/XDP3/data/paired/paired_4config_ring512_20260823/cells/20260824T034450Z_xdp_drop_14880952.json
14880952	8	4	skb	no-touch	1	True	1246605.0	0.916211	1.0	2561.98	4.75	1.2351	0.0633	-	/home/luw/XDP3/data/paired/paired_4config_ring512_20260823/cells/20260824T034538Z_xdp_drop_14880952.json
14880952	8	1	skb	read-data	0	True	1241742.7	0.916538	1.0	0.0	0.0	0.0	0.0	-	/home/luw/XDP3/data/paired/paired_4config_ring512_20260823/cells/20260824T034626Z_xdp_drop_14880952.json
14880952	8	2	native	no-touch	0	True	14306438.1	0.03858	1.0	0.0	0.0	0.0	0.0	-	/home/luw/XDP3/data/paired/paired_4config_ring512_20260823/cells/20260824T034713Z_xdp_drop_14880952.json
14880952	8	3	skb	no-touch	0	True	1250134.1	0.915908	1.0	0.0	0.0	0.0	0.0	-	/home/luw/XDP3/data/paired/paired_4config_ring512_20260823/cells/20260824T034801Z_xdp_drop_14880952.json
14880952	8	4	native	read-data	0	True	12158938.0	0.182894	1.0	0.0	0.0	0.0	0.0	-	/home/luw/XDP3/data/paired/paired_4config_ring512_20260823/cells/20260824T034849Z_xdp_drop_14880952.json
6500000	8	1	skb	no-touch	1	True	1244861.4	0.80849	1.0	2565.58	5.7292	0.6694	0.0635	-	/home/luw/XDP3/data/paired/paired_4config_ring512_20260823/cells/20260824T034936Z_xdp_drop_6500000.json
6500000	8	2	skb	read-data	1	True	1241439.0	0.809016	1.0	2572.63	5.4938	0.6577	0.0636	-	/home/luw/XDP3/data/paired/paired_4config_ring512_20260823/cells/20260824T035024Z_xdp_drop_6500000.json
6500000	8	3	native	no-touch	1	True	6500149.9	0.0	1.0	333.6	0.9799	0.0746	0.0122	-	/home/luw/XDP3/data/paired/paired_4config_ring512_20260823/cells/20260824T035112Z_xdp_drop_6500000.json
6500000	8	4	native	read-data	1	True	6500144.2	0.0	1.0	393.35	0.9318	0.1304	0.7319	-	/home/luw/XDP3/data/paired/paired_4config_ring512_20260823/cells/20260824T035159Z_xdp_drop_6500000.json
12000000	8	1	native	read-data	1	True	10527453.4	0.122734	1.0	303.33	0.4522	0.0809	0.4267	-	/home/luw/XDP3/data/paired/paired_4config_ring512_20260823/cells/20260824T035247Z_xdp_drop_12000000.json
12000000	8	2	skb	read-data	1	True	1243825.1	0.896348	1.0	2567.71	5.5735	0.6611	0.0643	-	/home/luw/XDP3/data/paired/paired_4config_ring512_20260823/cells/20260824T035335Z_xdp_drop_12000000.json
12000000	8	3	native	no-touch	1	True	12000249.1	0.0	1.0	248.07	0.6577	0.0715	0.0018	-	/home/luw/XDP3/data/paired/paired_4config_ring512_20260823/cells/20260824T035423Z_xdp_drop_12000000.json
12000000	8	4	skb	no-touch	1	True	1247403.3	0.896055	1.0	2560.38	6.4694	0.2863	0.0642	-	/home/luw/XDP3/data/paired/paired_4config_ring512_20260823/cells/20260824T035511Z_xdp_drop_12000000.json
4500000	8	1	native	read-data	1	True	4500008.6	0.0	1.0	431.96	0.4657	0.1076	0.2577	-	/home/luw/XDP3/data/paired/paired_4config_ring512_20260823/cells/20260824T035558Z_xdp_drop_4500000.json
4500000	8	2	native	no-touch	1	True	4500012.7	0.0	1.0	400.21	0.5428	0.0853	0.0159	-	/home/luw/XDP3/data/paired/paired_4config_ring512_20260823/cells/20260824T035646Z_xdp_drop_4500000.json
4500000	8	3	skb	read-data	1	True	1243418.9	0.723688	1.0	2568.55	6.426	0.3097	0.0641	-	/home/luw/XDP3/data/paired/paired_4config_ring512_20260823/cells/20260824T035734Z_xdp_drop_4500000.json
4500000	8	4	skb	no-touch	1	True	1246606.2	0.722979	1.0	2561.91	6.0938	0.2574	0.0636	-	/home/luw/XDP3/data/paired/paired_4config_ring512_20260823/cells/20260824T035821Z_xdp_drop_4500000.json
7500000	8	1	skb	no-touch	1	True	1246634.5	0.833787	1.0	2561.89	5.9171	0.2602	0.0642	-	/home/luw/XDP3/data/paired/paired_4config_ring512_20260823/cells/20260824T035909Z_xdp_drop_7500000.json
7500000	8	2	skb	read-data	1	True	1244183.4	0.834113	1.0	2566.94	5.9183	0.2644	0.064	-	/home/luw/XDP3/data/paired/paired_4config_ring512_20260823/cells/20260824T035957Z_xdp_drop_7500000.json
7500000	8	3	native	read-data	1	True	7500100.6	0.0	1.0	367.91	0.8654	0.0998	0.6952	-	/home/luw/XDP3/data/paired/paired_4config_ring512_20260823/cells/20260824T040044Z_xdp_drop_7500000.json
7500000	8	4	native	no-touch	1	True	7500153.4	0.0	1.0	310.74	1.0594	0.0772	0.01	-	/home/luw/XDP3/data/paired/paired_4config_ring512_20260823/cells/20260824T040132Z_xdp_drop_7500000.json
2000000	8	1	skb	no-touch	1	True	1244119.5	0.377947	1.0	2567.07	6.3021	0.2895	0.0641	-	/home/luw/XDP3/data/paired/paired_4config_ring512_20260823/cells/20260824T040220Z_xdp_drop_2000000.json
2000000	8	2	native	read-data	1	True	2000020.7	0.0	1.0	465.86	0.4662	0.0777	0.2552	-	/home/luw/XDP3/data/paired/paired_4config_ring512_20260823/cells/20260824T040307Z_xdp_drop_2000000.json
2000000	8	3	native	no-touch	1	True	2000017.8	0.0	1.0	420.03	0.6253	0.0924	0.0196	-	/home/luw/XDP3/data/paired/paired_4config_ring512_20260823/cells/20260824T040355Z_xdp_drop_2000000.json
2000000	8	4	skb	read-data	1	True	1249084.3	0.375465	1.0	2556.9	5.6099	0.2752	0.064	-	/home/luw/XDP3/data/paired/paired_4config_ring512_20260823/cells/20260824T040443Z_xdp_drop_2000000.json
8000000	8	1	skb	no-touch	1	True	1246030.9	0.844248	1.0	2563.09	5.3617	0.2843	0.0646	-	/home/luw/XDP3/data/paired/paired_4config_ring512_20260823/cells/20260824T040531Z_xdp_drop_8000000.json
8000000	8	2	native	no-touch	1	True	7999958.6	0.0	1.0	299.4	0.7953	0.0881	0.0091	-	/home/luw/XDP3/data/paired/paired_4config_ring512_20260823/cells/20260824T040618Z_xdp_drop_8000000.json
8000000	8	3	skb	read-data	1	True	1246198.1	0.844227	1.0	2562.87	5.397	0.3019	0.0645	-	/home/luw/XDP3/data/paired/paired_4config_ring512_20260823/cells/20260824T040706Z_xdp_drop_8000000.json
8000000	8	4	native	read-data	1	True	7999969.9	0.0	1.0	317.12	0.5119	0.104	0.2343	-	/home/luw/XDP3/data/paired/paired_4config_ring512_20260823/cells/20260824T040754Z_xdp_drop_8000000.json
10000000	8	1	native	read-data	1	True	9999937.3	0.0	1.0	284.52	0.4154	0.0834	0.1963	-	/home/luw/XDP3/data/paired/paired_4config_ring512_20260823/cells/20260824T040841Z_xdp_drop_10000000.json
10000000	8	2	skb	read-data	1	True	1242920.1	0.875709	1.0	2569.61	5.9887	1.0179	0.0633	-	/home/luw/XDP3/data/paired/paired_4config_ring512_20260823/cells/20260824T040929Z_xdp_drop_10000000.json
10000000	8	3	native	no-touch	1	True	9999962.5	0.0	1.0	258.97	1.1278	0.0543	0.0044	-	/home/luw/XDP3/data/paired/paired_4config_ring512_20260823/cells/20260824T041017Z_xdp_drop_10000000.json
10000000	8	4	skb	no-touch	1	True	1247941.2	0.875206	1.0	2559.23	6.4842	0.704	0.0634	-	/home/luw/XDP3/data/paired/paired_4config_ring512_20260823/cells/20260824T041105Z_xdp_drop_10000000.json
5500000	8	1	skb	read-data	1	True	1243357.8	0.773936	1.0	2568.71	6.0342	0.7044	0.0638	-	/home/luw/XDP3/data/paired/paired_4config_ring512_20260823/cells/20260824T041152Z_xdp_drop_5500000.json
5500000	8	2	skb	no-touch	1	True	1243935.5	0.773827	1.0	2567.43	6.2351	0.7419	0.0637	-	/home/luw/XDP3/data/paired/paired_4config_ring512_20260823/cells/20260824T041240Z_xdp_drop_5500000.json
5500000	8	3	native	no-touch	1	True	5499968.8	0.0	1.0	342.08	1.0555	0.0709	0.0136	-	/home/luw/XDP3/data/paired/paired_4config_ring512_20260823/cells/20260824T041327Z_xdp_drop_5500000.json
5500000	8	4	native	read-data	1	True	5499981.8	0.0	1.0	413.96	0.6882	0.1054	0.4866	-	/home/luw/XDP3/data/paired/paired_4config_ring512_20260823/cells/20260824T041415Z_xdp_drop_5500000.json
13500000	8	1	native	no-touch	1	True	13499592.3	0.0	1.0	232.88	0.2495	0.0738	0.0005	-	/home/luw/XDP3/data/paired/paired_4config_ring512_20260823/cells/20260824T041503Z_xdp_drop_13500000.json
13500000	8	2	skb	read-data	1	True	1247285.5	0.907605	1.0	2560.61	6.5585	0.4424	0.0638	-	/home/luw/XDP3/data/paired/paired_4config_ring512_20260823/cells/20260824T041551Z_xdp_drop_13500000.json
13500000	8	3	skb	no-touch	1	True	1247639.4	0.907581	1.0	2559.88	5.7341	0.521	0.0644	-	/home/luw/XDP3/data/paired/paired_4config_ring512_20260823/cells/20260824T041639Z_xdp_drop_13500000.json
13500000	8	4	native	read-data	1	True	8347500.8	0.381647	1.0	382.3	0.895	0.063	0.881	-	/home/luw/XDP3/data/paired/paired_4config_ring512_20260823/cells/20260824T041726Z_xdp_drop_13500000.json
13000000	8	1	native	read-data	1	True	11962122.6	0.079858	1.0	266.98	0.2238	0.0787	0.2038	-	/home/luw/XDP3/data/paired/paired_4config_ring512_20260823/cells/20260824T041814Z_xdp_drop_13000000.json
13000000	8	2	skb	no-touch	1	True	1246171.6	0.904146	1.0	2562.91	5.7526	0.2715	0.0642	-	/home/luw/XDP3/data/paired/paired_4config_ring512_20260823/cells/20260824T041902Z_xdp_drop_13000000.json
13000000	8	3	skb	read-data	1	True	1247018.0	0.904082	1.0	2561.12	5.8369	0.2781	0.0642	-	/home/luw/XDP3/data/paired/paired_4config_ring512_20260823/cells/20260824T041950Z_xdp_drop_13000000.json
13000000	8	4	native	no-touch	1	True	13000334.9	0.0	1.0	238.67	0.3134	0.077	0.0008	-	/home/luw/XDP3/data/paired/paired_4config_ring512_20260823/cells/20260824T042037Z_xdp_drop_13000000.json
11000000	8	1	skb	read-data	1	True	1247166.2	0.886623	1.0	2560.9	6.1797	0.3029	0.0645	-	/home/luw/XDP3/data/paired/paired_4config_ring512_20260823/cells/20260824T042125Z_xdp_drop_11000000.json
11000000	8	2	native	no-touch	1	True	11000436.0	0.0	1.0	252.04	0.3737	0.0808	0.0035	-	/home/luw/XDP3/data/paired/paired_4config_ring512_20260823/cells/20260824T042213Z_xdp_drop_11000000.json
11000000	8	3	skb	no-touch	1	True	1248620.5	0.886496	1.0	2557.87	6.8286	0.2709	0.0638	-	/home/luw/XDP3/data/paired/paired_4config_ring512_20260823/cells/20260824T042300Z_xdp_drop_11000000.json
11000000	8	4	native	read-data	1	True	8529713.0	0.224603	1.0	374.22	0.827	0.061	0.8296	-	/home/luw/XDP3/data/paired/paired_4config_ring512_20260823/cells/20260824T042348Z_xdp_drop_11000000.json
14000000	8	1	native	no-touch	1	True	14000208.2	0.0	1.0	227.52	0.4125	0.0601	0.0001	-	/home/luw/XDP3/data/paired/paired_4config_ring512_20260823/cells/20260824T042436Z_xdp_drop_14000000.json
14000000	8	2	native	read-data	1	True	12502674.9	0.10696	1.0	255.45	0.2826	0.0591	0.1508	-	/home/luw/XDP3/data/paired/paired_4config_ring512_20260823/cells/20260824T042524Z_xdp_drop_14000000.json
14000000	8	3	skb	no-touch	1	True	1248520.6	0.910822	1.0	2558.05	5.6785	0.2548	0.0637	-	/home/luw/XDP3/data/paired/paired_4config_ring512_20260823/cells/20260824T042612Z_xdp_drop_14000000.json
14000000	8	4	skb	read-data	1	True	1244312.0	0.911124	1.0	2566.76	5.7262	0.2438	0.0625	-	/home/luw/XDP3/data/paired/paired_4config_ring512_20260823/cells/20260824T042659Z_xdp_drop_14000000.json
14000000	8	1	skb	no-touch	0	True	1251582.4	0.910538	1.0	0.0	0.0	0.0	0.0	-	/home/luw/XDP3/data/paired/paired_4config_ring512_20260823/cells/20260824T042747Z_xdp_drop_14000000.json
14000000	8	2	native	read-data	0	True	12446408.4	0.110979	1.0	0.0	0.0	0.0	0.0	-	/home/luw/XDP3/data/paired/paired_4config_ring512_20260823/cells/20260824T042834Z_xdp_drop_14000000.json
14000000	8	3	skb	read-data	0	True	1241929.6	0.911293	1.0	0.0	0.0	0.0	0.0	-	/home/luw/XDP3/data/paired/paired_4config_ring512_20260823/cells/20260824T042922Z_xdp_drop_14000000.json
14000000	8	4	native	no-touch	0	True	14000128.8	0.0	1.0	0.0	0.0	0.0	0.0	-	/home/luw/XDP3/data/paired/paired_4config_ring512_20260823/cells/20260824T043010Z_xdp_drop_14000000.json
4000000	8	1	skb	no-touch	1	True	1249225.8	0.687693	1.0	2556.64	6.2016	0.3484	0.064	-	/home/luw/XDP3/data/paired/paired_4config_ring512_20260823/cells/20260824T043058Z_xdp_drop_4000000.json
4000000	8	2	skb	read-data	1	True	1247458.8	0.688132	1.0	2560.27	6.4457	0.3267	0.0631	-	/home/luw/XDP3/data/paired/paired_4config_ring512_20260823/cells/20260824T043145Z_xdp_drop_4000000.json
4000000	8	3	native	no-touch	1	True	3999979.3	0.0	1.0	402.6	0.447	0.0818	0.0176	-	/home/luw/XDP3/data/paired/paired_4config_ring512_20260823/cells/20260824T043233Z_xdp_drop_4000000.json
4000000	8	4	native	read-data	1	True	3999968.3	0.0	1.0	515.78	1.0163	0.094	0.7914	-	/home/luw/XDP3/data/paired/paired_4config_ring512_20260823/cells/20260824T043321Z_xdp_drop_4000000.json
11500000	8	1	skb	no-touch	1	True	1249680.2	0.891336	1.0	2555.69	6.4479	0.2852	0.0638	-	/home/luw/XDP3/data/paired/paired_4config_ring512_20260823/cells/20260824T043408Z_xdp_drop_11500000.json
11500000	8	2	native	read-data	1	True	10877200.6	0.054176	1.0	293.58	0.3789	0.0688	0.3601	-	/home/luw/XDP3/data/paired/paired_4config_ring512_20260823/cells/20260824T043456Z_xdp_drop_11500000.json
11500000	8	3	native	no-touch	1	True	11500187.4	0.0	1.0	248.21	0.6219	0.07	0.0032	-	/home/luw/XDP3/data/paired/paired_4config_ring512_20260823/cells/20260824T043544Z_xdp_drop_11500000.json
11500000	8	4	skb	read-data	1	True	1242939.9	0.891921	1.0	2569.54	6.3709	0.4451	0.0643	-	/home/luw/XDP3/data/paired/paired_4config_ring512_20260823/cells/20260824T043632Z_xdp_drop_11500000.json
12500000	8	1	skb	no-touch	1	True	1245502.0	0.900362	1.0	2564.28	5.9405	0.4145	0.0642	-	/home/luw/XDP3/data/paired/paired_4config_ring512_20260823/cells/20260824T043719Z_xdp_drop_12500000.json
12500000	8	2	native	read-data	1	True	10871519.0	0.130292	1.0	293.74	0.4459	0.071	0.3544	-	/home/luw/XDP3/data/paired/paired_4config_ring512_20260823/cells/20260824T043807Z_xdp_drop_12500000.json
12500000	8	3	skb	read-data	1	True	1239462.1	0.900848	1.0	2576.74	6.1012	0.6557	0.0636	-	/home/luw/XDP3/data/paired/paired_4config_ring512_20260823/cells/20260824T043855Z_xdp_drop_12500000.json
12500000	8	4	native	no-touch	1	True	12500116.5	0.0	1.0	244.85	0.6085	0.07	0.001	-	/home/luw/XDP3/data/paired/paired_4config_ring512_20260823/cells/20260824T043942Z_xdp_drop_12500000.json
6000000	8	1	skb	no-touch	1	True	1246954.6	0.792181	1.0	2561.33	6.2789	0.3029	0.0643	-	/home/luw/XDP3/data/paired/paired_4config_ring512_20260823/cells/20260824T044030Z_xdp_drop_6000000.json
6000000	8	2	skb	read-data	1	True	1248450.8	0.791929	1.0	2558.23	6.5064	0.2783	0.0638	-	/home/luw/XDP3/data/paired/paired_4config_ring512_20260823/cells/20260824T044118Z_xdp_drop_6000000.json
6000000	8	3	native	no-touch	1	True	6000160.4	0.0	1.0	347.7	1.1021	0.0552	0.0124	-	/home/luw/XDP3/data/paired/paired_4config_ring512_20260823/cells/20260824T044205Z_xdp_drop_6000000.json
6000000	8	4	native	read-data	1	True	6000133.9	0.0	1.0	426.78	1.1722	0.0908	0.9637	-	/home/luw/XDP3/data/paired/paired_4config_ring512_20260823/cells/20260824T044253Z_xdp_drop_6000000.json
3500000	8	1	native	no-touch	1	True	3500015.3	0.0	1.0	419.99	1.0325	0.0887	0.0193	-	/home/luw/XDP3/data/paired/paired_4config_ring512_20260823/cells/20260824T044341Z_xdp_drop_3500000.json
3500000	8	2	skb	no-touch	1	True	1248750.6	0.64322	1.0	2557.56	6.832	0.3642	0.0637	-	/home/luw/XDP3/data/paired/paired_4config_ring512_20260823/cells/20260824T044429Z_xdp_drop_3500000.json
3500000	8	3	native	read-data	1	True	3500028.4	0.0	1.0	470.09	0.5467	0.0881	0.3348	-	/home/luw/XDP3/data/paired/paired_4config_ring512_20260823/cells/20260824T044517Z_xdp_drop_3500000.json
3500000	8	4	skb	read-data	1	True	1245487.4	0.644151	1.0	2564.31	5.9283	0.2906	0.0643	-	/home/luw/XDP3/data/paired/paired_4config_ring512_20260823/cells/20260824T044604Z_xdp_drop_3500000.json
10500000	8	1	skb	read-data	1	True	1245339.9	0.881402	1.0	2564.54	5.2201	0.2704	0.064	-	/home/luw/XDP3/data/paired/paired_4config_ring512_20260823/cells/20260824T044652Z_xdp_drop_10500000.json
10500000	8	2	native	read-data	1	True	10346461.0	0.014654	1.0	308.59	0.4787	0.0776	0.4601	-	/home/luw/XDP3/data/paired/paired_4config_ring512_20260823/cells/20260824T044740Z_xdp_drop_10500000.json
10500000	8	3	native	no-touch	1	True	10500367.6	0.0	1.0	254.32	1.1008	0.0561	0.004	-	/home/luw/XDP3/data/paired/paired_4config_ring512_20260823/cells/20260824T044827Z_xdp_drop_10500000.json
10500000	8	4	skb	no-touch	1	True	1241414.0	0.881776	1.0	2572.69	5.6637	0.9686	0.0634	-	/home/luw/XDP3/data/paired/paired_4config_ring512_20260823/cells/20260824T044915Z_xdp_drop_10500000.json
750000	8	1	native	no-touch	1	True	750001.9	0.0	1.0	413.29	1.0489	0.0598	0.0189	-	/home/luw/XDP3/data/paired/paired_4config_ring512_20260823/cells/20260824T045003Z_xdp_drop_750000.json
750000	8	2	skb	read-data	1	True	750002.6	0.0	1.0	2849.19	7.7016	0.342	0.0288	-	/home/luw/XDP3/data/paired/paired_4config_ring512_20260823/cells/20260824T045050Z_xdp_drop_750000.json
750000	8	3	native	read-data	1	True	749999.8	0.0	1.0	491.56	0.7022	0.0952	0.4971	-	/home/luw/XDP3/data/paired/paired_4config_ring512_20260823/cells/20260824T045138Z_xdp_drop_750000.json
750000	8	4	skb	no-touch	1	True	750000.9	0.0	1.0	2838.54	7.8217	0.3343	0.0291	-	/home/luw/XDP3/data/paired/paired_4config_ring512_20260823/cells/20260824T045226Z_xdp_drop_750000.json
14500000	8	1	native	no-touch	1	True	14274860.6	0.015474	1.0	223.74	0.1674	0.0691	0.0	-	/home/luw/XDP3/data/paired/paired_4config_ring512_20260823/cells/20260824T045314Z_xdp_drop_14500000.json
14500000	8	2	skb	read-data	1	True	1237585.9	0.914649	1.0	2580.65	6.6141	0.9216	0.0638	-	/home/luw/XDP3/data/paired/paired_4config_ring512_20260823/cells/20260824T045401Z_xdp_drop_14500000.json
14500000	8	3	skb	no-touch	1	True	1239738.9	0.914499	1.0	2576.15	6.1245	0.8804	0.0637	-	/home/luw/XDP3/data/paired/paired_4config_ring512_20260823/cells/20260824T045449Z_xdp_drop_14500000.json
14500000	8	4	native	read-data	1	True	8989358.8	0.380013	1.0	355.1	0.726	0.0861	0.7168	-	/home/luw/XDP3/data/paired/paired_4config_ring512_20260823/cells/20260824T045537Z_xdp_drop_14500000.json
8000000	9	1	skb	no-touch	1	True	1240548.4	0.844933	1.0	2574.49	6.3855	1.243	0.0633	-	/home/luw/XDP3/data/paired/paired_4config_ring512_20260823/cells/20260824T045624Z_xdp_drop_8000000.json
8000000	9	2	skb	read-data	1	True	1238252.5	0.84522	1.0	2579.29	5.9548	1.1999	0.0631	-	/home/luw/XDP3/data/paired/paired_4config_ring512_20260823/cells/20260824T045712Z_xdp_drop_8000000.json
8000000	9	3	native	read-data	1	True	7999950.4	0.0	1.0	389.21	1.0382	0.1012	0.8843	-	/home/luw/XDP3/data/paired/paired_4config_ring512_20260823/cells/20260824T045800Z_xdp_drop_8000000.json
8000000	9	4	native	no-touch	1	True	7999904.9	0.0	1.0	298.64	0.9455	0.0789	0.0091	-	/home/luw/XDP3/data/paired/paired_4config_ring512_20260823/cells/20260824T045847Z_xdp_drop_8000000.json
9000000	9	1	skb	read-data	1	True	1244470.9	0.861724	1.0	2566.38	5.6377	0.2742	0.0649	-	/home/luw/XDP3/data/paired/paired_4config_ring512_20260823/cells/20260824T045935Z_xdp_drop_9000000.json
9000000	9	2	native	read-data	1	True	9000017.1	0.0	1.0	310.24	0.5155	0.0865	0.3111	-	/home/luw/XDP3/data/paired/paired_4config_ring512_20260823/cells/20260824T050023Z_xdp_drop_9000000.json
9000000	9	3	native	no-touch	1	True	9000001.6	0.0	1.0	273.46	0.3867	0.0867	0.0062	-	/home/luw/XDP3/data/paired/paired_4config_ring512_20260823/cells/20260824T050110Z_xdp_drop_9000000.json
9000000	9	4	skb	no-touch	1	True	1247301.7	0.861412	1.0	2560.58	6.1654	0.2652	0.0637	-	/home/luw/XDP3/data/paired/paired_4config_ring512_20260823/cells/20260824T050158Z_xdp_drop_9000000.json
14000000	9	1	skb	no-touch	1	True	1250012.1	0.910713	1.0	2555.02	6.4853	0.2617	0.0635	-	/home/luw/XDP3/data/paired/paired_4config_ring512_20260823/cells/20260824T050246Z_xdp_drop_14000000.json
14000000	9	2	native	no-touch	1	True	14000062.7	0.0	1.0	227.59	0.4074	0.0528	0.0001	-	/home/luw/XDP3/data/paired/paired_4config_ring512_20260823/cells/20260824T050333Z_xdp_drop_14000000.json
14000000	9	3	native	read-data	1	True	8370873.9	0.402088	1.0	381.22	0.8803	0.0765	0.9001	-	/home/luw/XDP3/data/paired/paired_4config_ring512_20260823/cells/20260824T050421Z_xdp_drop_14000000.json
14000000	9	4	skb	read-data	1	True	1244303.9	0.911125	1.0	2566.75	5.6899	0.6676	0.0635	-	/home/luw/XDP3/data/paired/paired_4config_ring512_20260823/cells/20260824T050509Z_xdp_drop_14000000.json
14000000	9	1	native	read-data	0	True	10094631.3	0.278963	1.0	0.0	0.0	0.0	0.0	-	/home/luw/XDP3/data/paired/paired_4config_ring512_20260823/cells/20260824T050557Z_xdp_drop_14000000.json
14000000	9	2	skb	read-data	0	True	1247950.7	0.910863	1.0	0.0	0.0	0.0	0.0	-	/home/luw/XDP3/data/paired/paired_4config_ring512_20260823/cells/20260824T050645Z_xdp_drop_14000000.json
14000000	9	3	native	no-touch	0	True	14000120.5	0.0	1.0	0.0	0.0	0.0	0.0	-	/home/luw/XDP3/data/paired/paired_4config_ring512_20260823/cells/20260824T050732Z_xdp_drop_14000000.json
14000000	9	4	skb	no-touch	0	True	1247667.1	0.910884	1.0	0.0	0.0	0.0	0.0	-	/home/luw/XDP3/data/paired/paired_4config_ring512_20260823/cells/20260824T050820Z_xdp_drop_14000000.json
12000000	9	1	native	no-touch	1	True	12000268.5	0.0	1.0	247.56	0.4767	0.0784	0.002	-	/home/luw/XDP3/data/paired/paired_4config_ring512_20260823/cells/20260824T050908Z_xdp_drop_12000000.json
12000000	9	2	skb	no-touch	1	True	1247099.9	0.89608	1.0	2561.02	5.4285	0.2732	0.0649	-	/home/luw/XDP3/data/paired/paired_4config_ring512_20260823/cells/20260824T050955Z_xdp_drop_12000000.json
12000000	9	3	native	read-data	1	True	12000284.9	0.0	1.0	265.99	0.3024	0.0737	0.1909	-	/home/luw/XDP3/data/paired/paired_4config_ring512_20260823/cells/20260824T051043Z_xdp_drop_12000000.json
12000000	9	4	skb	read-data	1	True	1244521.6	0.896291	1.0	2566.27	5.1478	0.6626	0.0635	-	/home/luw/XDP3/data/paired/paired_4config_ring512_20260823/cells/20260824T051131Z_xdp_drop_12000000.json
11000000	9	1	native	read-data	1	True	8339876.2	0.241859	1.0	382.67	0.8948	0.0706	0.8912	-	/home/luw/XDP3/data/paired/paired_4config_ring512_20260823/cells/20260824T051218Z_xdp_drop_11000000.json
11000000	9	2	skb	no-touch	1	True	1250570.2	0.886318	1.0	2553.91	5.174	0.271	0.0642	-	/home/luw/XDP3/data/paired/paired_4config_ring512_20260823/cells/20260824T051306Z_xdp_drop_11000000.json
11000000	9	3	native	no-touch	1	True	11000403.6	0.0	1.0	251.69	0.3817	0.0765	0.0035	-	/home/luw/XDP3/data/paired/paired_4config_ring512_20260823/cells/20260824T051354Z_xdp_drop_11000000.json
11000000	9	4	skb	read-data	1	True	1245496.3	0.886771	1.0	2564.31	4.983	0.2925	0.0649	-	/home/luw/XDP3/data/paired/paired_4config_ring512_20260823/cells/20260824T051442Z_xdp_drop_11000000.json
250000	9	1	native	no-touch	1	True	250000.9	0.0	1.0	521.75	0.9208	0.0934	0.0311	-	/home/luw/XDP3/data/paired/paired_4config_ring512_20260823/cells/20260824T051529Z_xdp_drop_250000.json
250000	9	2	native	read-data	1	True	250000.3	0.0	1.0	660.37	1.1772	0.1037	0.9361	-	/home/luw/XDP3/data/paired/paired_4config_ring512_20260823/cells/20260824T051617Z_xdp_drop_250000.json
250000	9	3	skb	no-touch	1	True	250001.1	0.0	1.0	2866.21	8.4609	0.5278	0.0326	-	/home/luw/XDP3/data/paired/paired_4config_ring512_20260823/cells/20260824T051705Z_xdp_drop_250000.json
250000	9	4	skb	read-data	1	True	250000.5	0.0	1.0	2868.76	8.3173	0.5258	0.0325	-	/home/luw/XDP3/data/paired/paired_4config_ring512_20260823/cells/20260824T051752Z_xdp_drop_250000.json
14500000	9	1	native	read-data	1	True	10919713.9	0.246882	1.0	292.44	0.4382	0.0829	0.3656	-	/home/luw/XDP3/data/paired/paired_4config_ring512_20260823/cells/20260824T051840Z_xdp_drop_14500000.json
14500000	9	2	skb	read-data	1	True	1245829.2	0.914076	1.0	2563.54	6.6318	0.2881	0.0643	-	/home/luw/XDP3/data/paired/paired_4config_ring512_20260823/cells/20260824T051928Z_xdp_drop_14500000.json
14500000	9	3	skb	no-touch	1	True	1245256.4	0.914119	1.0	2564.73	6.4946	0.3226	0.0643	-	/home/luw/XDP3/data/paired/paired_4config_ring512_20260823/cells/20260824T052015Z_xdp_drop_14500000.json
14500000	9	4	native	no-touch	1	True	14262150.3	0.016355	1.0	223.94	0.1826	0.0629	0.0	-	/home/luw/XDP3/data/paired/paired_4config_ring512_20260823/cells/20260824T052103Z_xdp_drop_14500000.json
6000000	9	1	native	no-touch	1	True	6000139.2	0.0	1.0	347.16	0.5348	0.0847	0.0121	-	/home/luw/XDP3/data/paired/paired_4config_ring512_20260823/cells/20260824T052151Z_xdp_drop_6000000.json
6000000	9	2	native	read-data	1	True	6000137.8	0.0	1.0	403.0	0.8054	0.1085	0.5809	-	/home/luw/XDP3/data/paired/paired_4config_ring512_20260823/cells/20260824T052239Z_xdp_drop_6000000.json
6000000	9	3	skb	no-touch	1	True	1250672.5	0.791563	1.0	2553.61	6.7229	0.3853	0.0642	-	/home/luw/XDP3/data/paired/paired_4config_ring512_20260823/cells/20260824T052327Z_xdp_drop_6000000.json
6000000	9	4	skb	read-data	1	True	1245444.5	0.792433	1.0	2564.4	6.2561	0.3559	0.0643	-	/home/luw/XDP3/data/paired/paired_4config_ring512_20260823/cells/20260824T052414Z_xdp_drop_6000000.json
14880952	9	1	skb	no-touch	1	True	1244416.6	0.916359	1.0	2566.48	6.3421	0.3632	0.0643	-	/home/luw/XDP3/data/paired/paired_4config_ring512_20260823/cells/20260824T052502Z_xdp_drop_14880952.json
14880952	9	2	native	no-touch	1	True	14375502.4	0.033939	1.0	222.18	0.9613	0.057	0.0	-	/home/luw/XDP3/data/paired/paired_4config_ring512_20260823/cells/20260824T052549Z_xdp_drop_14880952.json
14880952	9	3	native	read-data	1	True	11902227.0	0.200146	1.0	268.33	0.2405	0.087	0.204	-	/home/luw/XDP3/data/paired/paired_4config_ring512_20260823/cells/20260824T052637Z_xdp_drop_14880952.json
14880952	9	4	skb	read-data	1	True	1246552.5	0.916214	1.0	2562.1	6.2459	0.28	0.0642	-	/home/luw/XDP3/data/paired/paired_4config_ring512_20260823/cells/20260824T052725Z_xdp_drop_14880952.json
14880952	9	1	skb	read-data	0	True	1247788.9	0.91601	1.0	0.0	0.0	0.0	0.0	-	/home/luw/XDP3/data/paired/paired_4config_ring512_20260823/cells/20260824T052813Z_xdp_drop_14880952.json
14880952	9	2	native	read-data	0	True	10261032.5	0.310435	1.0	0.0	0.0	0.0	0.0	-	/home/luw/XDP3/data/paired/paired_4config_ring512_20260823/cells/20260824T052900Z_xdp_drop_14880952.json
14880952	9	3	native	no-touch	0	True	14249052.2	0.042438	1.0	0.0	0.0	0.0	0.0	-	/home/luw/XDP3/data/paired/paired_4config_ring512_20260823/cells/20260824T052948Z_xdp_drop_14880952.json
14880952	9	4	skb	no-touch	0	True	1248848.7	0.91606	1.0	0.0	0.0	0.0	0.0	-	/home/luw/XDP3/data/paired/paired_4config_ring512_20260823/cells/20260824T053036Z_xdp_drop_14880952.json
4000000	9	1	native	no-touch	1	True	3999971.1	0.0	1.0	402.21	0.8708	0.0699	0.0177	-	/home/luw/XDP3/data/paired/paired_4config_ring512_20260823/cells/20260824T053123Z_xdp_drop_4000000.json
4000000	9	2	native	read-data	1	True	3999971.9	0.0	1.0	523.6	1.09	0.1178	0.9182	-	/home/luw/XDP3/data/paired/paired_4config_ring512_20260823/cells/20260824T053211Z_xdp_drop_4000000.json
4000000	9	3	skb	no-touch	1	True	1250886.4	0.687281	1.0	2553.31	5.5541	0.5743	0.0639	-	/home/luw/XDP3/data/paired/paired_4config_ring512_20260823/cells/20260824T053259Z_xdp_drop_4000000.json
4000000	9	4	skb	read-data	1	True	1244733.7	0.688817	1.0	2565.85	6.7685	0.5917	0.0638	-	/home/luw/XDP3/data/paired/paired_4config_ring512_20260823/cells/20260824T053347Z_xdp_drop_4000000.json
13000000	9	1	native	read-data	1	True	10537431.4	0.189448	1.0	303.01	0.4996	0.0799	0.426	-	/home/luw/XDP3/data/paired/paired_4config_ring512_20260823/cells/20260824T053434Z_xdp_drop_13000000.json
13000000	9	2	skb	no-touch	1	True	1245473.9	0.9042	1.0	2564.34	5.7873	1.0408	0.0633	-	/home/luw/XDP3/data/paired/paired_4config_ring512_20260823/cells/20260824T053522Z_xdp_drop_13000000.json
13000000	9	3	skb	read-data	1	True	1240409.7	0.904589	1.0	2574.78	5.6278	0.9964	0.0633	-	/home/luw/XDP3/data/paired/paired_4config_ring512_20260823/cells/20260824T053610Z_xdp_drop_13000000.json
13000000	9	4	native	no-touch	1	True	13000221.6	0.0	1.0	238.32	1.1152	0.0715	0.0008	-	/home/luw/XDP3/data/paired/paired_4config_ring512_20260823/cells/20260824T053657Z_xdp_drop_13000000.json
10000000	9	1	native	no-touch	1	True	9999940.8	0.0	1.0	258.56	1.1365	0.0996	0.0044	-	/home/luw/XDP3/data/paired/paired_4config_ring512_20260823/cells/20260824T053745Z_xdp_drop_10000000.json
10000000	9	2	skb	no-touch	1	True	1245129.6	0.875493	1.0	2565.06	6.1464	0.5546	0.0633	-	/home/luw/XDP3/data/paired/paired_4config_ring512_20260823/cells/20260824T053833Z_xdp_drop_10000000.json
10000000	9	3	skb	read-data	1	True	1242575.8	0.875744	1.0	2570.34	6.5444	0.5486	0.0631	-	/home/luw/XDP3/data/paired/paired_4config_ring512_20260823/cells/20260824T053921Z_xdp_drop_10000000.json
10000000	9	4	native	read-data	1	True	9999937.9	0.0	1.0	312.24	0.5087	0.1097	0.398	-	/home/luw/XDP3/data/paired/paired_4config_ring512_20260823/cells/20260824T054008Z_xdp_drop_10000000.json
6500000	9	1	native	read-data	1	True	6500168.6	0.0	1.0	367.91	0.5487	0.1031	0.3472	-	/home/luw/XDP3/data/paired/paired_4config_ring512_20260823/cells/20260824T054056Z_xdp_drop_6500000.json
6500000	9	2	skb	read-data	1	True	1246015.2	0.808313	1.0	2563.25	6.4812	0.2582	0.0637	-	/home/luw/XDP3/data/paired/paired_4config_ring512_20260823/cells/20260824T054144Z_xdp_drop_6500000.json
6500000	9	3	skb	no-touch	1	True	1252368.6	0.807335	1.0	2550.16	6.546	0.2416	0.0623	-	/home/luw/XDP3/data/paired/paired_4config_ring512_20260823/cells/20260824T054232Z_xdp_drop_6500000.json
6500000	9	4	native	no-touch	1	True	6500163.3	0.0	1.0	331.39	0.4028	0.0693	0.0122	-	/home/luw/XDP3/data/paired/paired_4config_ring512_20260823/cells/20260824T054319Z_xdp_drop_6500000.json
2500000	9	1	skb	read-data	1	True	1240691.3	0.503722	1.0	2574.18	6.6473	1.0696	0.0634	-	/home/luw/XDP3/data/paired/paired_4config_ring512_20260823/cells/20260824T054407Z_xdp_drop_2500000.json
2500000	9	2	native	read-data	1	True	2499986.0	0.0	1.0	567.14	1.0096	0.0931	0.7993	-	/home/luw/XDP3/data/paired/paired_4config_ring512_20260823/cells/20260824T054455Z_xdp_drop_2500000.json
2500000	9	3	skb	no-touch	1	True	1246780.2	0.501286	1.0	2561.65	5.9055	0.2976	0.0642	-	/home/luw/XDP3/data/paired/paired_4config_ring512_20260823/cells/20260824T054542Z_xdp_drop_2500000.json
2500000	9	4	native	no-touch	1	True	2499988.3	0.0	1.0	453.07	0.468	0.0756	0.0232	-	/home/luw/XDP3/data/paired/paired_4config_ring512_20260823/cells/20260824T054630Z_xdp_drop_2500000.json
12500000	9	1	skb	no-touch	1	True	1245981.5	0.900326	1.0	2563.3	5.9343	0.2757	0.0638	-	/home/luw/XDP3/data/paired/paired_4config_ring512_20260823/cells/20260824T054718Z_xdp_drop_12500000.json
12500000	9	2	skb	read-data	1	True	1246640.8	0.900275	1.0	2561.97	5.8746	0.2851	0.0642	-	/home/luw/XDP3/data/paired/paired_4config_ring512_20260823/cells/20260824T054805Z_xdp_drop_12500000.json
12500000	9	3	native	read-data	1	True	12140060.9	0.028811	1.0	263.08	0.2474	0.1019	0.182	-	/home/luw/XDP3/data/paired/paired_4config_ring512_20260823/cells/20260824T054853Z_xdp_drop_12500000.json
12500000	9	4	native	no-touch	1	True	12500164.9	0.0	1.0	244.59	0.917	0.0852	0.001	-	/home/luw/XDP3/data/paired/paired_4config_ring512_20260823/cells/20260824T054941Z_xdp_drop_12500000.json
500000	9	1	skb	read-data	1	True	500000.4	0.0	1.0	2810.45	7.4892	0.9872	0.0271	-	/home/luw/XDP3/data/paired/paired_4config_ring512_20260823/cells/20260824T055029Z_xdp_drop_500000.json
500000	9	2	native	no-touch	1	True	500000.0	0.0	1.0	390.01	0.9227	0.0794	0.0168	-	/home/luw/XDP3/data/paired/paired_4config_ring512_20260823/cells/20260824T055116Z_xdp_drop_500000.json
500000	9	3	native	read-data	1	True	500000.6	0.0	1.0	458.38	0.5399	0.0975	0.3818	-	/home/luw/XDP3/data/paired/paired_4config_ring512_20260823/cells/20260824T055204Z_xdp_drop_500000.json
500000	9	4	skb	no-touch	1	True	500000.9	0.0	1.0	2798.84	7.5781	0.4864	0.0268	-	/home/luw/XDP3/data/paired/paired_4config_ring512_20260823/cells/20260824T055252Z_xdp_drop_500000.json
5000000	9	1	skb	read-data	1	True	1243583.7	0.751283	1.0	2568.2	5.4707	0.4268	0.0637	-	/home/luw/XDP3/data/paired/paired_4config_ring512_20260823/cells/20260824T055339Z_xdp_drop_5000000.json
5000000	9	2	native	no-touch	1	True	4999965.6	0.0	1.0	386.18	0.6713	0.0698	0.016	-	/home/luw/XDP3/data/paired/paired_4config_ring512_20260823/cells/20260824T055427Z_xdp_drop_5000000.json
5000000	9	3	skb	no-touch	1	True	1245397.4	0.750922	1.0	2564.49	6.1859	0.295	0.0641	-	/home/luw/XDP3/data/paired/paired_4config_ring512_20260823/cells/20260824T055515Z_xdp_drop_5000000.json
5000000	9	4	native	read-data	1	True	4999986.3	0.0	1.0	412.47	0.484	0.1057	0.252	-	/home/luw/XDP3/data/paired/paired_4config_ring512_20260823/cells/20260824T055602Z_xdp_drop_5000000.json
5500000	9	1	native	read-data	1	True	5499984.0	0.0	1.0	388.65	0.5156	0.1035	0.2265	-	/home/luw/XDP3/data/paired/paired_4config_ring512_20260823/cells/20260824T055650Z_xdp_drop_5500000.json
5500000	9	2	native	no-touch	1	True	5500000.6	0.0	1.0	364.17	0.7174	0.0809	0.0134	-	/home/luw/XDP3/data/paired/paired_4config_ring512_20260823/cells/20260824T055738Z_xdp_drop_5500000.json
5500000	9	3	skb	read-data	1	True	1248761.3	0.772954	1.0	2557.55	5.9608	0.2816	0.0647	-	/home/luw/XDP3/data/paired/paired_4config_ring512_20260823/cells/20260824T055826Z_xdp_drop_5500000.json
5500000	9	4	skb	no-touch	1	True	1248010.0	0.773091	1.0	2559.07	5.0391	0.2683	0.0641	-	/home/luw/XDP3/data/paired/paired_4config_ring512_20260823/cells/20260824T055913Z_xdp_drop_5500000.json
7500000	9	1	native	no-touch	1	True	7500089.2	0.0	1.0	312.22	0.768	0.0865	0.01	-	/home/luw/XDP3/data/paired/paired_4config_ring512_20260823/cells/20260824T060001Z_xdp_drop_7500000.json
7500000	9	2	native	read-data	1	True	7500099.1	0.0	1.0	386.75	1.0183	0.1166	0.8512	-	/home/luw/XDP3/data/paired/paired_4config_ring512_20260823/cells/20260824T060049Z_xdp_drop_7500000.json
7500000	9	3	skb	read-data	1	True	1247954.4	0.83361	1.0	2559.26	5.2788	0.2882	0.0654	-	/home/luw/XDP3/data/paired/paired_4config_ring512_20260823/cells/20260824T060137Z_xdp_drop_7500000.json
7500000	9	4	skb	no-touch	1	True	1249424.0	0.833416	1.0	2556.19	5.6918	0.289	0.064	-	/home/luw/XDP3/data/paired/paired_4config_ring512_20260823/cells/20260824T060224Z_xdp_drop_7500000.json
11500000	9	1	native	read-data	1	True	11307594.2	0.016753	1.0	282.41	0.3355	0.0666	0.2856	-	/home/luw/XDP3/data/paired/paired_4config_ring512_20260823/cells/20260824T060312Z_xdp_drop_11500000.json
11500000	9	2	skb	no-touch	1	True	1247148.2	0.891557	1.0	2560.9	5.6471	0.2852	0.0643	-	/home/luw/XDP3/data/paired/paired_4config_ring512_20260823/cells/20260824T060400Z_xdp_drop_11500000.json
11500000	9	3	native	no-touch	1	True	11499964.2	0.0	1.0	249.37	0.3618	0.077	0.0032	-	/home/luw/XDP3/data/paired/paired_4config_ring512_20260823/cells/20260824T060447Z_xdp_drop_11500000.json
11500000	9	4	skb	read-data	1	True	1241131.4	0.892077	1.0	2573.37	5.8969	0.6088	0.0638	-	/home/luw/XDP3/data/paired/paired_4config_ring512_20260823/cells/20260824T060535Z_xdp_drop_11500000.json
9500000	9	1	native	read-data	1	True	9500188.8	0.0	1.0	321.72	0.6735	0.0729	0.4169	-	/home/luw/XDP3/data/paired/paired_4config_ring512_20260823/cells/20260824T060623Z_xdp_drop_9500000.json
9500000	9	2	native	no-touch	1	True	9500191.8	0.0	1.0	264.84	1.099	0.0757	0.0051	-	/home/luw/XDP3/data/paired/paired_4config_ring512_20260823/cells/20260824T060710Z_xdp_drop_9500000.json
9500000	9	3	skb	read-data	1	True	1245839.7	0.868862	1.0	2563.51	6.3599	0.5909	0.064	-	/home/luw/XDP3/data/paired/paired_4config_ring512_20260823/cells/20260824T060758Z_xdp_drop_9500000.json
9500000	9	4	skb	no-touch	1	True	1247570.2	0.868679	1.0	2559.98	6.3006	0.5618	0.0633	-	/home/luw/XDP3/data/paired/paired_4config_ring512_20260823/cells/20260824T060846Z_xdp_drop_9500000.json
750000	9	1	skb	read-data	1	True	750004.1	0.0	1.0	2850.86	7.6545	0.6167	0.0289	-	/home/luw/XDP3/data/paired/paired_4config_ring512_20260823/cells/20260824T060934Z_xdp_drop_750000.json
750000	9	2	native	no-touch	1	True	750000.4	0.0	1.0	412.87	0.736	0.0781	0.0189	-	/home/luw/XDP3/data/paired/paired_4config_ring512_20260823/cells/20260824T061021Z_xdp_drop_750000.json
750000	9	3	skb	no-touch	1	True	750001.3	0.0	1.0	2850.25	7.5983	0.8535	0.0289	-	/home/luw/XDP3/data/paired/paired_4config_ring512_20260823/cells/20260824T061109Z_xdp_drop_750000.json
750000	9	4	native	read-data	1	True	750002.1	0.0	1.0	516.3	0.8846	0.0922	0.6174	-	/home/luw/XDP3/data/paired/paired_4config_ring512_20260823/cells/20260824T061157Z_xdp_drop_750000.json
1500000	9	1	native	read-data	1	True	1500003.4	0.0	1.0	534.43	0.8455	0.0933	0.6468	-	/home/luw/XDP3/data/paired/paired_4config_ring512_20260823/cells/20260824T061244Z_xdp_drop_1500000.json
1500000	9	2	skb	no-touch	1	True	1247249.9	0.168501	1.0	2560.58	5.7993	0.3386	0.0641	-	/home/luw/XDP3/data/paired/paired_4config_ring512_20260823/cells/20260824T061332Z_xdp_drop_1500000.json
1500000	9	3	skb	read-data	1	True	1244697.0	0.170203	1.0	2565.88	5.9682	0.3495	0.0634	-	/home/luw/XDP3/data/paired/paired_4config_ring512_20260823/cells/20260824T061420Z_xdp_drop_1500000.json
1500000	9	4	native	no-touch	1	True	1500010.6	0.0	1.0	425.5	0.4278	0.0811	0.0198	-	/home/luw/XDP3/data/paired/paired_4config_ring512_20260823/cells/20260824T061507Z_xdp_drop_1500000.json
3500000	9	1	skb	read-data	1	True	1247365.2	0.643614	1.0	2560.41	5.3208	0.2832	0.0652	-	/home/luw/XDP3/data/paired/paired_4config_ring512_20260823/cells/20260824T061555Z_xdp_drop_3500000.json
3500000	9	2	native	no-touch	1	True	3499995.6	0.0	1.0	419.75	0.7411	0.0805	0.0192	-	/home/luw/XDP3/data/paired/paired_4config_ring512_20260823/cells/20260824T061643Z_xdp_drop_3500000.json
3500000	9	3	skb	no-touch	1	True	1244721.7	0.644371	1.0	2565.88	5.2912	0.5309	0.0638	-	/home/luw/XDP3/data/paired/paired_4config_ring512_20260823/cells/20260824T061730Z_xdp_drop_3500000.json
3500000	9	4	native	read-data	1	True	3500029.1	0.0	1.0	475.87	0.572	0.0834	0.3487	-	/home/luw/XDP3/data/paired/paired_4config_ring512_20260823/cells/20260824T061818Z_xdp_drop_3500000.json
7000000	9	1	skb	no-touch	1	True	1243464.2	0.822362	1.0	2568.42	5.8404	1.1631	0.0635	-	/home/luw/XDP3/data/paired/paired_4config_ring512_20260823/cells/20260824T061906Z_xdp_drop_7000000.json
7000000	9	2	skb	read-data	1	True	1237709.1	0.823187	1.0	2580.32	5.5971	1.1339	0.0633	-	/home/luw/XDP3/data/paired/paired_4config_ring512_20260823/cells/20260824T061953Z_xdp_drop_7000000.json
7000000	9	3	native	no-touch	1	True	7000073.3	0.0	1.0	321.99	1.0177	0.0969	0.0114	-	/home/luw/XDP3/data/paired/paired_4config_ring512_20260823/cells/20260824T062041Z_xdp_drop_7000000.json
7000000	9	4	native	read-data	1	True	7000044.9	0.0	1.0	397.76	1.0995	0.0974	0.8917	-	/home/luw/XDP3/data/paired/paired_4config_ring512_20260823/cells/20260824T062129Z_xdp_drop_7000000.json
10500000	9	1	native	no-touch	1	True	10500344.4	0.0	1.0	254.72	0.7299	0.0774	0.0039	-	/home/luw/XDP3/data/paired/paired_4config_ring512_20260823/cells/20260824T062217Z_xdp_drop_10500000.json
10500000	9	2	skb	no-touch	1	True	1246500.2	0.881288	1.0	2562.21	5.7882	0.3038	0.0651	-	/home/luw/XDP3/data/paired/paired_4config_ring512_20260823/cells/20260824T062305Z_xdp_drop_10500000.json
10500000	9	3	native	read-data	1	True	9215156.2	0.122397	1.0	346.44	0.714	0.0751	0.6942	-	/home/luw/XDP3/data/paired/paired_4config_ring512_20260823/cells/20260824T062352Z_xdp_drop_10500000.json
10500000	9	4	skb	read-data	1	True	1240994.6	0.881817	1.0	2573.46	5.9263	0.8739	0.0635	-	/home/luw/XDP3/data/paired/paired_4config_ring512_20260823/cells/20260824T062440Z_xdp_drop_10500000.json
2000000	9	1	native	no-touch	1	True	2000009.1	0.0	1.0	420.35	0.7846	0.0732	0.0196	-	/home/luw/XDP3/data/paired/paired_4config_ring512_20260823/cells/20260824T062528Z_xdp_drop_2000000.json
2000000	9	2	native	read-data	1	True	2000021.1	0.0	1.0	580.18	1.1571	0.0809	0.9468	-	/home/luw/XDP3/data/paired/paired_4config_ring512_20260823/cells/20260824T062615Z_xdp_drop_2000000.json
2000000	9	3	skb	read-data	1	True	1242877.5	0.378568	1.0	2569.66	5.6885	0.5241	0.0643	-	/home/luw/XDP3/data/paired/paired_4config_ring512_20260823/cells/20260824T062703Z_xdp_drop_2000000.json
2000000	9	4	skb	no-touch	1	True	1249556.0	0.375218	1.0	2555.91	5.3419	0.5062	0.0641	-	/home/luw/XDP3/data/paired/paired_4config_ring512_20260823/cells/20260824T062751Z_xdp_drop_2000000.json
13500000	9	1	native	read-data	1	True	9366485.1	0.306161	1.0	340.86	0.6782	0.0758	0.6554	-	/home/luw/XDP3/data/paired/paired_4config_ring512_20260823/cells/20260824T062838Z_xdp_drop_13500000.json
13500000	9	2	skb	no-touch	1	True	1245531.6	0.907735	1.0	2564.11	5.5924	0.7148	0.0631	-	/home/luw/XDP3/data/paired/paired_4config_ring512_20260823/cells/20260824T062926Z_xdp_drop_13500000.json
13500000	9	3	native	no-touch	1	True	13499600.9	0.0	1.0	233.0	0.9461	0.054	0.0004	-	/home/luw/XDP3/data/paired/paired_4config_ring512_20260823/cells/20260824T063014Z_xdp_drop_13500000.json
13500000	9	4	skb	read-data	1	True	1248101.4	0.907543	1.0	2558.9	5.5145	0.3055	0.0646	-	/home/luw/XDP3/data/paired/paired_4config_ring512_20260823/cells/20260824T063102Z_xdp_drop_13500000.json
1000000	9	1	skb	read-data	1	True	1000002.7	0.0	1.0	2768.54	7.4455	0.3485	0.0344	-	/home/luw/XDP3/data/paired/paired_4config_ring512_20260823/cells/20260824T063149Z_xdp_drop_1000000.json
1000000	9	2	skb	no-touch	1	True	1000001.9	0.0	1.0	2764.1	7.4123	0.3437	0.0342	-	/home/luw/XDP3/data/paired/paired_4config_ring512_20260823/cells/20260824T063237Z_xdp_drop_1000000.json
1000000	9	3	native	no-touch	1	True	1000001.1	0.0	1.0	412.13	0.3502	0.0935	0.0188	-	/home/luw/XDP3/data/paired/paired_4config_ring512_20260823/cells/20260824T063325Z_xdp_drop_1000000.json
1000000	9	4	native	read-data	1	True	1000004.7	0.0	1.0	558.58	1.0879	0.098	0.9204	-	/home/luw/XDP3/data/paired/paired_4config_ring512_20260823/cells/20260824T063412Z_xdp_drop_1000000.json
3000000	9	1	skb	no-touch	1	True	1247024.3	0.584329	1.0	2561.14	4.9786	0.8075	0.0637	-	/home/luw/XDP3/data/paired/paired_4config_ring512_20260823/cells/20260824T063500Z_xdp_drop_3000000.json
3000000	9	2	native	no-touch	1	True	3000009.2	0.0	1.0	402.71	1.1141	0.0695	0.0207	-	/home/luw/XDP3/data/paired/paired_4config_ring512_20260823/cells/20260824T063548Z_xdp_drop_3000000.json
3000000	9	3	native	read-data	1	True	3000003.4	0.0	1.0	516.22	0.789	0.0799	0.558	-	/home/luw/XDP3/data/paired/paired_4config_ring512_20260823/cells/20260824T063636Z_xdp_drop_3000000.json
3000000	9	4	skb	read-data	1	True	1243530.5	0.585493	1.0	2568.37	6.2763	0.3753	0.064	-	/home/luw/XDP3/data/paired/paired_4config_ring512_20260823/cells/20260824T063724Z_xdp_drop_3000000.json
4500000	9	1	skb	no-touch	1	True	1246008.7	0.723108	1.0	2563.23	5.7194	0.3938	0.0647	-	/home/luw/XDP3/data/paired/paired_4config_ring512_20260823/cells/20260824T063811Z_xdp_drop_4500000.json
4500000	9	2	native	no-touch	1	True	4500005.7	0.0	1.0	400.94	0.5106	0.0929	0.016	-	/home/luw/XDP3/data/paired/paired_4config_ring512_20260823/cells/20260824T063859Z_xdp_drop_4500000.json
4500000	9	3	skb	read-data	1	True	1241422.1	0.724131	1.0	2572.67	6.3004	1.1832	0.0632	-	/home/luw/XDP3/data/paired/paired_4config_ring512_20260823/cells/20260824T063947Z_xdp_drop_4500000.json
4500000	9	4	native	read-data	1	True	4500023.7	0.0	1.0	504.55	1.0816	0.1007	0.8948	-	/home/luw/XDP3/data/paired/paired_4config_ring512_20260823/cells/20260824T064034Z_xdp_drop_4500000.json
8500000	9	1	skb	read-data	1	True	1246728.3	0.853315	1.0	2561.74	6.5161	0.4287	0.0638	-	/home/luw/XDP3/data/paired/paired_4config_ring512_20260823/cells/20260824T064122Z_xdp_drop_8500000.json
8500000	9	2	skb	no-touch	1	True	1244035.9	0.853648	1.0	2567.21	6.3483	0.4551	0.0636	-	/home/luw/XDP3/data/paired/paired_4config_ring512_20260823/cells/20260824T064210Z_xdp_drop_8500000.json
8500000	9	3	native	read-data	1	True	8500175.0	0.0	1.0	327.26	0.639	0.0846	0.424	-	/home/luw/XDP3/data/paired/paired_4config_ring512_20260823/cells/20260824T064257Z_xdp_drop_8500000.json
8500000	9	4	native	no-touch	1	True	8500175.6	0.0	1.0	283.95	0.6161	0.0794	0.0075	-	/home/luw/XDP3/data/paired/paired_4config_ring512_20260823/cells/20260824T064345Z_xdp_drop_8500000.json
2000000	10	1	skb	no-touch	1	True	1244205.9	0.377904	1.0	2566.9	6.497	0.3156	0.0644	-	/home/luw/XDP3/data/paired/paired_4config_ring512_20260823/cells/20260824T064433Z_xdp_drop_2000000.json
2000000	10	2	native	read-data	1	True	2000017.5	0.0	1.0	519.82	0.7919	0.0881	0.5683	-	/home/luw/XDP3/data/paired/paired_4config_ring512_20260823/cells/20260824T064520Z_xdp_drop_2000000.json
2000000	10	3	skb	read-data	1	True	1245754.7	0.377125	1.0	2563.71	5.2136	0.296	0.0646	-	/home/luw/XDP3/data/paired/paired_4config_ring512_20260823/cells/20260824T064608Z_xdp_drop_2000000.json
2000000	10	4	native	no-touch	1	True	2000005.7	0.0	1.0	419.43	0.3947	0.0789	0.0196	-	/home/luw/XDP3/data/paired/paired_4config_ring512_20260823/cells/20260824T064656Z_xdp_drop_2000000.json
8500000	10	1	native	no-touch	1	True	8500175.3	0.0	1.0	283.93	0.3877	0.0946	0.0075	-	/home/luw/XDP3/data/paired/paired_4config_ring512_20260823/cells/20260824T064744Z_xdp_drop_8500000.json
8500000	10	2	skb	no-touch	1	True	1242216.1	0.853862	1.0	2571.01	5.7434	1.0099	0.0642	-	/home/luw/XDP3/data/paired/paired_4config_ring512_20260823/cells/20260824T064831Z_xdp_drop_8500000.json
8500000	10	3	native	read-data	1	True	8500163.1	0.0	1.0	362.36	0.9189	0.1027	0.7059	-	/home/luw/XDP3/data/paired/paired_4config_ring512_20260823/cells/20260824T064919Z_xdp_drop_8500000.json
8500000	10	4	skb	read-data	1	True	1243230.4	0.85374	1.0	2568.92	6.5644	0.3841	0.0638	-	/home/luw/XDP3/data/paired/paired_4config_ring512_20260823/cells/20260824T065007Z_xdp_drop_8500000.json
10500000	10	1	native	read-data	1	True	10500369.1	0.0	1.0	296.52	0.4536	0.0885	0.3012	-	/home/luw/XDP3/data/paired/paired_4config_ring512_20260823/cells/20260824T065054Z_xdp_drop_10500000.json
10500000	10	2	skb	no-touch	1	True	1245647.2	0.881374	1.0	2564.01	6.2187	0.3063	0.0647	-	/home/luw/XDP3/data/paired/paired_4config_ring512_20260823/cells/20260824T065142Z_xdp_drop_10500000.json
10500000	10	3	native	no-touch	1	True	10500350.3	0.0	1.0	253.88	0.7451	0.0746	0.0039	-	/home/luw/XDP3/data/paired/paired_4config_ring512_20260823/cells/20260824T065230Z_xdp_drop_10500000.json
10500000	10	4	skb	read-data	1	True	1243594.8	0.881568	1.0	2568.22	5.9928	0.2904	0.0643	-	/home/luw/XDP3/data/paired/paired_4config_ring512_20260823/cells/20260824T065317Z_xdp_drop_10500000.json
1500000	10	1	skb	no-touch	1	True	1249041.2	0.167308	1.0	2557.01	5.0435	0.2834	0.065	-	/home/luw/XDP3/data/paired/paired_4config_ring512_20260823/cells/20260824T065405Z_xdp_drop_1500000.json
1500000	10	2	skb	read-data	1	True	1242321.7	0.171789	1.0	2570.82	5.6444	0.3029	0.0655	-	/home/luw/XDP3/data/paired/paired_4config_ring512_20260823/cells/20260824T065453Z_xdp_drop_1500000.json
1500000	10	3	native	read-data	1	True	1500003.8	0.0	1.0	528.54	0.8174	0.0872	0.6099	-	/home/luw/XDP3/data/paired/paired_4config_ring512_20260823/cells/20260824T065540Z_xdp_drop_1500000.json
1500000	10	4	native	no-touch	1	True	1500006.9	0.0	1.0	431.58	0.9795	0.0602	0.0198	-	/home/luw/XDP3/data/paired/paired_4config_ring512_20260823/cells/20260824T065628Z_xdp_drop_1500000.json
11500000	10	1	skb	read-data	1	True	1238812.5	0.892279	1.0	2578.08	5.823	0.6136	0.064	-	/home/luw/XDP3/data/paired/paired_4config_ring512_20260823/cells/20260824T065716Z_xdp_drop_11500000.json
11500000	10	2	skb	no-touch	1	True	1245842.0	0.891662	1.0	2563.5	5.4439	0.5925	0.0638	-	/home/luw/XDP3/data/paired/paired_4config_ring512_20260823/cells/20260824T065804Z_xdp_drop_11500000.json
11500000	10	3	native	no-touch	1	True	11500258.9	0.0	1.0	249.02	0.6427	0.0695	0.0032	-	/home/luw/XDP3/data/paired/paired_4config_ring512_20260823/cells/20260824T065851Z_xdp_drop_11500000.json
11500000	10	4	native	read-data	1	True	8392700.1	0.270216	1.0	380.34	0.9013	0.0739	0.9021	-	/home/luw/XDP3/data/paired/paired_4config_ring512_20260823/cells/20260824T065939Z_xdp_drop_11500000.json
13500000	10	1	native	read-data	1	True	8374584.5	0.379643	1.0	381.21	0.9235	0.0795	0.9137	-	/home/luw/XDP3/data/paired/paired_4config_ring512_20260823/cells/20260824T070027Z_xdp_drop_13500000.json
13500000	10	2	native	no-touch	1	True	13499564.2	0.0	1.0	233.15	0.8231	0.0637	0.0004	-	/home/luw/XDP3/data/paired/paired_4config_ring512_20260823/cells/20260824T070115Z_xdp_drop_13500000.json
13500000	10	3	skb	read-data	1	True	1243495.7	0.907893	1.0	2568.38	5.8324	0.9372	0.0631	-	/home/luw/XDP3/data/paired/paired_4config_ring512_20260823/cells/20260824T070203Z_xdp_drop_13500000.json
13500000	10	4	skb	no-touch	1	True	1244200.0	0.907832	1.0	2566.94	5.3804	0.9163	0.0634	-	/home/luw/XDP3/data/paired/paired_4config_ring512_20260823/cells/20260824T070250Z_xdp_drop_13500000.json
4500000	10	1	native	no-touch	1	True	4500009.9	0.0	1.0	399.83	0.9608	0.0725	0.0161	-	/home/luw/XDP3/data/paired/paired_4config_ring512_20260823/cells/20260824T070338Z_xdp_drop_4500000.json
4500000	10	2	native	read-data	1	True	4500004.0	0.0	1.0	507.57	1.0837	0.0854	0.9146	-	/home/luw/XDP3/data/paired/paired_4config_ring512_20260823/cells/20260824T070426Z_xdp_drop_4500000.json
4500000	10	3	skb	read-data	1	True	1248389.8	0.722582	1.0	2558.3	5.7223	0.3011	0.0646	-	/home/luw/XDP3/data/paired/paired_4config_ring512_20260823/cells/20260824T070513Z_xdp_drop_4500000.json
4500000	10	4	skb	no-touch	1	True	1247532.1	0.722772	1.0	2560.02	5.3887	0.2815	0.0646	-	/home/luw/XDP3/data/paired/paired_4config_ring512_20260823/cells/20260824T070601Z_xdp_drop_4500000.json
7500000	10	1	native	read-data	1	True	7500083.6	0.0	1.0	352.69	0.7396	0.0962	0.5421	-	/home/luw/XDP3/data/paired/paired_4config_ring512_20260823/cells/20260824T070649Z_xdp_drop_7500000.json
7500000	10	2	native	no-touch	1	True	7500050.8	0.0	1.0	311.25	0.6923	0.0923	0.01	-	/home/luw/XDP3/data/paired/paired_4config_ring512_20260823/cells/20260824T070736Z_xdp_drop_7500000.json
7500000	10	3	skb	read-data	1	True	1242159.1	0.834383	1.0	2571.14	5.5463	0.2926	0.0643	-	/home/luw/XDP3/data/paired/paired_4config_ring512_20260823/cells/20260824T070824Z_xdp_drop_7500000.json
7500000	10	4	skb	no-touch	1	True	1247790.5	0.833632	1.0	2559.54	5.9685	0.2967	0.0645	-	/home/luw/XDP3/data/paired/paired_4config_ring512_20260823/cells/20260824T070912Z_xdp_drop_7500000.json
14500000	10	1	native	read-data	1	True	11815572.9	0.185095	1.0	270.29	0.2409	0.0826	0.2212	-	/home/luw/XDP3/data/paired/paired_4config_ring512_20260823/cells/20260824T070959Z_xdp_drop_14500000.json
14500000	10	2	native	no-touch	1	True	14236491.6	0.018131	1.0	224.35	0.2905	0.08	0.0	-	/home/luw/XDP3/data/paired/paired_4config_ring512_20260823/cells/20260824T071047Z_xdp_drop_14500000.json
14500000	10	3	skb	no-touch	1	True	1245863.4	0.914073	1.0	2563.59	5.9436	0.5663	0.0638	-	/home/luw/XDP3/data/paired/paired_4config_ring512_20260823/cells/20260824T071135Z_xdp_drop_14500000.json
14500000	10	4	skb	read-data	1	True	1248130.1	0.913922	1.0	2558.9	6.1769	0.5345	0.0639	-	/home/luw/XDP3/data/paired/paired_4config_ring512_20260823/cells/20260824T071223Z_xdp_drop_14500000.json
12500000	10	1	native	read-data	1	True	10379449.4	0.169656	1.0	307.64	0.4628	0.0738	0.452	-	/home/luw/XDP3/data/paired/paired_4config_ring512_20260823/cells/20260824T071310Z_xdp_drop_12500000.json
12500000	10	2	native	no-touch	1	True	12500115.2	0.0	1.0	245.23	0.3981	0.0712	0.001	-	/home/luw/XDP3/data/paired/paired_4config_ring512_20260823/cells/20260824T071358Z_xdp_drop_12500000.json
12500000	10	3	skb	no-touch	1	True	1244680.2	0.900428	1.0	2565.97	6.6534	1.0781	0.0633	-	/home/luw/XDP3/data/paired/paired_4config_ring512_20260823/cells/20260824T071446Z_xdp_drop_12500000.json
12500000	10	4	skb	read-data	1	True	1234927.1	0.90121	1.0	2586.23	6.3003	1.0656	0.0632	-	/home/luw/XDP3/data/paired/paired_4config_ring512_20260823/cells/20260824T071534Z_xdp_drop_12500000.json
3000000	10	1	skb	read-data	1	True	1235745.9	0.588089	1.0	2584.48	6.4914	1.0645	0.0632	-	/home/luw/XDP3/data/paired/paired_4config_ring512_20260823/cells/20260824T071621Z_xdp_drop_3000000.json
3000000	10	2	native	no-touch	1	True	3000002.1	0.0	1.0	403.39	1.1065	0.0723	0.0207	-	/home/luw/XDP3/data/paired/paired_4config_ring512_20260823/cells/20260824T071709Z_xdp_drop_3000000.json
3000000	10	3	native	read-data	1	True	3000010.1	0.0	1.0	521.25	0.8487	0.0854	0.5648	-	/home/luw/XDP3/data/paired/paired_4config_ring512_20260823/cells/20260824T071757Z_xdp_drop_3000000.json
3000000	10	4	skb	no-touch	1	True	1244676.0	0.585111	1.0	2565.99	6.7809	0.2712	0.0639	-	/home/luw/XDP3/data/paired/paired_4config_ring512_20260823/cells/20260824T071844Z_xdp_drop_3000000.json
13000000	10	1	skb	no-touch	1	True	1248491.9	0.903962	1.0	2558.09	6.1738	0.2679	0.064	-	/home/luw/XDP3/data/paired/paired_4config_ring512_20260823/cells/20260824T071932Z_xdp_drop_13000000.json
13000000	10	2	skb	read-data	1	True	1245358.9	0.904196	1.0	2564.55	6.3856	0.2908	0.0642	-	/home/luw/XDP3/data/paired/paired_4config_ring512_20260823/cells/20260824T072020Z_xdp_drop_13000000.json
13000000	10	3	native	no-touch	1	True	13000260.1	0.0	1.0	238.72	0.3141	0.0768	0.0008	-	/home/luw/XDP3/data/paired/paired_4config_ring512_20260823/cells/20260824T072107Z_xdp_drop_13000000.json
13000000	10	4	native	read-data	1	True	8406150.1	0.353387	1.0	379.81	0.8866	0.0856	0.896	-	/home/luw/XDP3/data/paired/paired_4config_ring512_20260823/cells/20260824T072155Z_xdp_drop_13000000.json
12000000	10	1	skb	no-touch	1	True	1243117.4	0.896414	1.0	2569.16	6.5841	0.8043	0.0636	-	/home/luw/XDP3/data/paired/paired_4config_ring512_20260823/cells/20260824T072243Z_xdp_drop_12000000.json
12000000	10	2	skb	read-data	1	True	1241315.6	0.896549	1.0	2572.92	5.7514	0.7743	0.0636	-	/home/luw/XDP3/data/paired/paired_4config_ring512_20260823/cells/20260824T072330Z_xdp_drop_12000000.json
12000000	10	3	native	no-touch	1	True	12000295.0	0.0	1.0	247.35	0.8294	0.0862	0.0019	-	/home/luw/XDP3/data/paired/paired_4config_ring512_20260823/cells/20260824T072418Z_xdp_drop_12000000.json
12000000	10	4	native	read-data	1	True	9557896.0	0.203526	1.0	334.01	0.6417	0.0875	0.6183	-	/home/luw/XDP3/data/paired/paired_4config_ring512_20260823/cells/20260824T072506Z_xdp_drop_12000000.json
10000000	10	1	native	no-touch	1	True	9999931.9	0.0	1.0	259.14	0.6716	0.0773	0.0044	-	/home/luw/XDP3/data/paired/paired_4config_ring512_20260823/cells/20260824T072554Z_xdp_drop_10000000.json
10000000	10	2	skb	no-touch	1	True	1246585.8	0.875343	1.0	2562.07	6.0017	0.2651	0.0636	-	/home/luw/XDP3/data/paired/paired_4config_ring512_20260823/cells/20260824T072641Z_xdp_drop_10000000.json
10000000	10	3	skb	read-data	1	True	1246363.6	0.875366	1.0	2562.47	5.2089	0.2663	0.0627	-	/home/luw/XDP3/data/paired/paired_4config_ring512_20260823/cells/20260824T072729Z_xdp_drop_10000000.json
10000000	10	4	native	read-data	1	True	9999922.1	0.0	1.0	316.02	0.5957	0.0946	0.4711	-	/home/luw/XDP3/data/paired/paired_4config_ring512_20260823/cells/20260824T072817Z_xdp_drop_10000000.json
9500000	10	1	native	read-data	1	True	9500185.6	0.0	1.0	322.7	0.6735	0.0973	0.4327	-	/home/luw/XDP3/data/paired/paired_4config_ring512_20260823/cells/20260824T072904Z_xdp_drop_9500000.json
9500000	10	2	skb	read-data	1	True	1241927.5	0.869278	1.0	2571.6	5.5611	1.0151	0.0633	-	/home/luw/XDP3/data/paired/paired_4config_ring512_20260823/cells/20260824T072952Z_xdp_drop_9500000.json
9500000	10	3	native	no-touch	1	True	9500210.5	0.0	1.0	264.83	0.9288	0.0791	0.0051	-	/home/luw/XDP3/data/paired/paired_4config_ring512_20260823/cells/20260824T073040Z_xdp_drop_9500000.json
9500000	10	4	skb	no-touch	1	True	1246704.2	0.868773	1.0	2561.79	6.486	0.2914	0.0638	-	/home/luw/XDP3/data/paired/paired_4config_ring512_20260823/cells/20260824T073128Z_xdp_drop_9500000.json
750000	10	1	native	no-touch	1	True	750000.7	0.0	1.0	413.21	0.6667	0.0701	0.0189	-	/home/luw/XDP3/data/paired/paired_4config_ring512_20260823/cells/20260824T073216Z_xdp_drop_750000.json
750000	10	2	skb	no-touch	1	True	749998.7	0.0	1.0	2838.04	7.6458	0.3388	0.0288	-	/home/luw/XDP3/data/paired/paired_4config_ring512_20260823/cells/20260824T073303Z_xdp_drop_750000.json
750000	10	3	skb	read-data	1	True	750001.3	0.0	1.0	2846.98	7.786	0.3374	0.0289	-	/home/luw/XDP3/data/paired/paired_4config_ring512_20260823/cells/20260824T073351Z_xdp_drop_750000.json
750000	10	4	native	read-data	1	True	750001.9	0.0	1.0	457.68	0.4607	0.0914	0.2516	-	/home/luw/XDP3/data/paired/paired_4config_ring512_20260823/cells/20260824T073439Z_xdp_drop_750000.json
8000000	10	1	native	read-data	1	True	7999949.4	0.0	1.0	385.98	1.0611	0.0741	0.8174	-	/home/luw/XDP3/data/paired/paired_4config_ring512_20260823/cells/20260824T073526Z_xdp_drop_8000000.json
8000000	10	2	skb	no-touch	1	True	1244869.9	0.844386	1.0	2565.59	5.7255	0.5738	0.0638	-	/home/luw/XDP3/data/paired/paired_4config_ring512_20260823/cells/20260824T073614Z_xdp_drop_8000000.json
8000000	10	3	skb	read-data	1	True	1246496.5	0.84419	1.0	2562.2	5.617	0.574	0.0637	-	/home/luw/XDP3/data/paired/paired_4config_ring512_20260823/cells/20260824T073702Z_xdp_drop_8000000.json
8000000	10	4	native	no-touch	1	True	7999973.9	0.0	1.0	298.9	0.6364	0.0777	0.0091	-	/home/luw/XDP3/data/paired/paired_4config_ring512_20260823/cells/20260824T073749Z_xdp_drop_8000000.json
4000000	10	1	native	read-data	1	True	3999985.0	0.0	1.0	523.14	1.1142	0.0959	0.9164	-	/home/luw/XDP3/data/paired/paired_4config_ring512_20260823/cells/20260824T073837Z_xdp_drop_4000000.json
4000000	10	2	skb	read-data	1	True	1247626.3	0.688094	1.0	2559.89	6.0517	0.3044	0.0637	-	/home/luw/XDP3/data/paired/paired_4config_ring512_20260823/cells/20260824T073925Z_xdp_drop_4000000.json
4000000	10	3	skb	no-touch	1	True	1251191.0	0.687202	1.0	2552.55	6.5781	0.2793	0.0639	-	/home/luw/XDP3/data/paired/paired_4config_ring512_20260823/cells/20260824T074013Z_xdp_drop_4000000.json
4000000	10	4	native	no-touch	1	True	3999990.8	0.0	1.0	402.16	0.4139	0.0797	0.0176	-	/home/luw/XDP3/data/paired/paired_4config_ring512_20260823/cells/20260824T074100Z_xdp_drop_4000000.json
500000	10	1	skb	no-touch	1	True	500001.0	0.0	1.0	2795.93	7.9413	0.3394	0.0268	-	/home/luw/XDP3/data/paired/paired_4config_ring512_20260823/cells/20260824T074148Z_xdp_drop_500000.json
500000	10	2	native	read-data	1	True	500001.3	0.0	1.0	437.25	0.4734	0.1095	0.2677	-	/home/luw/XDP3/data/paired/paired_4config_ring512_20260823/cells/20260824T074236Z_xdp_drop_500000.json
500000	10	3	skb	read-data	1	True	500001.2	0.0	1.0	2798.95	7.7725	0.3231	0.0264	-	/home/luw/XDP3/data/paired/paired_4config_ring512_20260823/cells/20260824T074323Z_xdp_drop_500000.json
500000	10	4	native	no-touch	1	True	499999.5	0.0	1.0	390.8	0.4499	0.1021	0.0167	-	/home/luw/XDP3/data/paired/paired_4config_ring512_20260823/cells/20260824T074411Z_xdp_drop_500000.json
1000000	10	1	skb	no-touch	1	True	1000002.1	0.0	1.0	2764.89	7.4626	0.3264	0.034	-	/home/luw/XDP3/data/paired/paired_4config_ring512_20260823/cells/20260824T074459Z_xdp_drop_1000000.json
1000000	10	2	native	read-data	1	True	1000002.9	0.0	1.0	451.82	0.4368	0.0998	0.2476	-	/home/luw/XDP3/data/paired/paired_4config_ring512_20260823/cells/20260824T074546Z_xdp_drop_1000000.json
1000000	10	3	skb	read-data	1	True	1000000.5	0.0	1.0	2771.68	7.3328	0.8757	0.0344	-	/home/luw/XDP3/data/paired/paired_4config_ring512_20260823/cells/20260824T074634Z_xdp_drop_1000000.json
1000000	10	4	native	no-touch	1	True	1000004.3	0.0	1.0	412.21	0.8402	0.076	0.0188	-	/home/luw/XDP3/data/paired/paired_4config_ring512_20260823/cells/20260824T074722Z_xdp_drop_1000000.json
2500000	10	1	skb	no-touch	1	True	1247635.5	0.500944	1.0	2559.87	5.4927	0.2961	0.0648	-	/home/luw/XDP3/data/paired/paired_4config_ring512_20260823/cells/20260824T074810Z_xdp_drop_2500000.json
2500000	10	2	native	read-data	1	True	2499985.8	0.0	1.0	483.79	0.5156	0.0819	0.2706	-	/home/luw/XDP3/data/paired/paired_4config_ring512_20260823/cells/20260824T074857Z_xdp_drop_2500000.json
2500000	10	3	skb	read-data	1	True	1247033.4	0.501186	1.0	2561.11	5.0197	0.98	0.0633	-	/home/luw/XDP3/data/paired/paired_4config_ring512_20260823/cells/20260824T074945Z_xdp_drop_2500000.json
2500000	10	4	native	no-touch	1	True	2499987.2	0.0	1.0	455.06	1.0483	0.0776	0.0233	-	/home/luw/XDP3/data/paired/paired_4config_ring512_20260823/cells/20260824T075033Z_xdp_drop_2500000.json
11000000	10	1	skb	read-data	1	True	1236080.5	0.887637	1.0	2583.78	5.7443	1.0875	0.0636	-	/home/luw/XDP3/data/paired/paired_4config_ring512_20260823/cells/20260824T075121Z_xdp_drop_11000000.json
11000000	10	2	native	no-touch	1	True	11000449.8	0.0	1.0	251.54	1.0537	0.0716	0.0035	-	/home/luw/XDP3/data/paired/paired_4config_ring512_20260823/cells/20260824T075208Z_xdp_drop_11000000.json
11000000	10	3	native	read-data	1	True	8152965.9	0.258852	1.0	391.51	0.9469	0.0529	0.947	-	/home/luw/XDP3/data/paired/paired_4config_ring512_20260823/cells/20260824T075256Z_xdp_drop_11000000.json
11000000	10	4	skb	no-touch	1	True	1244308.7	0.88689	1.0	2566.7	5.5911	0.5611	0.0636	-	/home/luw/XDP3/data/paired/paired_4config_ring512_20260823/cells/20260824T075344Z_xdp_drop_11000000.json
6000000	10	1	skb	read-data	1	True	1244029.7	0.792664	1.0	2567.25	4.9061	0.5639	0.0642	-	/home/luw/XDP3/data/paired/paired_4config_ring512_20260823/cells/20260824T075431Z_xdp_drop_6000000.json
6000000	10	2	native	no-touch	1	True	6000145.7	0.0	1.0	347.76	0.5473	0.0742	0.0122	-	/home/luw/XDP3/data/paired/paired_4config_ring512_20260823/cells/20260824T075519Z_xdp_drop_6000000.json
6000000	10	3	skb	no-touch	1	True	1246785.3	0.792209	1.0	2561.61	5.3026	0.279	0.0647	-	/home/luw/XDP3/data/paired/paired_4config_ring512_20260823/cells/20260824T075607Z_xdp_drop_6000000.json
6000000	10	4	native	read-data	1	True	6000141.2	0.0	1.0	375.94	0.4867	0.0967	0.2228	-	/home/luw/XDP3/data/paired/paired_4config_ring512_20260823/cells/20260824T075654Z_xdp_drop_6000000.json
14000000	10	1	native	read-data	1	True	11362000.5	0.188401	1.0	281.06	0.3873	0.0789	0.2917	-	/home/luw/XDP3/data/paired/paired_4config_ring512_20260823/cells/20260824T075742Z_xdp_drop_14000000.json
14000000	10	2	native	no-touch	1	True	14000100.3	0.0	1.0	227.59	0.9185	0.0558	0.0001	-	/home/luw/XDP3/data/paired/paired_4config_ring512_20260823/cells/20260824T075830Z_xdp_drop_14000000.json
14000000	10	3	skb	no-touch	1	True	1248361.1	0.910833	1.0	2558.43	5.0479	0.2693	0.0652	-	/home/luw/XDP3/data/paired/paired_4config_ring512_20260823/cells/20260824T075918Z_xdp_drop_14000000.json
14000000	10	4	skb	read-data	1	True	1247856.4	0.910869	1.0	2559.45	4.8953	0.2679	0.0653	-	/home/luw/XDP3/data/paired/paired_4config_ring512_20260823/cells/20260824T080005Z_xdp_drop_14000000.json
14000000	10	1	native	no-touch	0	True	14000138.5	0.0	1.0	0.0	0.0	0.0	0.0	-	/home/luw/XDP3/data/paired/paired_4config_ring512_20260823/cells/20260824T080053Z_xdp_drop_14000000.json
14000000	10	2	skb	no-touch	0	True	1248485.4	0.910821	1.0	0.0	0.0	0.0	0.0	-	/home/luw/XDP3/data/paired/paired_4config_ring512_20260823/cells/20260824T080141Z_xdp_drop_14000000.json
14000000	10	3	native	read-data	0	True	12072215.2	0.137707	1.0	0.0	0.0	0.0	0.0	-	/home/luw/XDP3/data/paired/paired_4config_ring512_20260823/cells/20260824T080228Z_xdp_drop_14000000.json
14000000	10	4	skb	read-data	0	True	1245397.7	0.911046	1.0	0.0	0.0	0.0	0.0	-	/home/luw/XDP3/data/paired/paired_4config_ring512_20260823/cells/20260824T080316Z_xdp_drop_14000000.json
250000	10	1	skb	no-touch	1	True	249999.3	0.0	1.0	2868.02	8.1898	0.9628	0.0327	-	/home/luw/XDP3/data/paired/paired_4config_ring512_20260823/cells/20260824T080404Z_xdp_drop_250000.json
250000	10	2	native	read-data	1	True	250000.5	0.0	1.0	630.32	0.9471	0.0921	0.71	-	/home/luw/XDP3/data/paired/paired_4config_ring512_20260823/cells/20260824T080451Z_xdp_drop_250000.json
250000	10	3	native	no-touch	1	True	250000.0	0.0	1.0	524.77	1.1539	0.0905	0.0311	-	/home/luw/XDP3/data/paired/paired_4config_ring512_20260823/cells/20260824T080539Z_xdp_drop_250000.json
250000	10	4	skb	read-data	1	True	250001.6	0.0	1.0	2871.59	8.3992	0.5257	0.0326	-	/home/luw/XDP3/data/paired/paired_4config_ring512_20260823/cells/20260824T080627Z_xdp_drop_250000.json
14880952	10	1	native	no-touch	1	True	14268398.4	0.041137	1.0	223.84	0.3294	0.0671	0.0	-	/home/luw/XDP3/data/paired/paired_4config_ring512_20260823/cells/20260824T080715Z_xdp_drop_14880952.json
14880952	10	2	native	read-data	1	True	9012277.2	0.39432	1.0	354.28	0.7475	0.0931	0.745	-	/home/luw/XDP3/data/paired/paired_4config_ring512_20260823/cells/20260824T080803Z_xdp_drop_14880952.json
14880952	10	3	skb	no-touch	1	True	1246611.8	0.916203	1.0	2561.97	5.2551	0.4745	0.0639	-	/home/luw/XDP3/data/paired/paired_4config_ring512_20260823/cells/20260824T080850Z_xdp_drop_14880952.json
14880952	10	4	skb	read-data	1	True	1244305.6	0.916365	1.0	2566.73	5.2201	0.4524	0.0641	-	/home/luw/XDP3/data/paired/paired_4config_ring512_20260823/cells/20260824T080938Z_xdp_drop_14880952.json
14880952	10	1	native	read-data	0	True	10875860.8	0.269118	1.0	0.0	0.0	0.0	0.0	-	/home/luw/XDP3/data/paired/paired_4config_ring512_20260823/cells/20260824T081026Z_xdp_drop_14880952.json
14880952	10	2	skb	no-touch	0	True	1244791.5	0.916332	1.0	0.0	0.0	0.0	0.0	-	/home/luw/XDP3/data/paired/paired_4config_ring512_20260823/cells/20260824T081113Z_xdp_drop_14880952.json
14880952	10	3	native	no-touch	0	True	14254318.0	0.042083	1.0	0.0	0.0	0.0	0.0	-	/home/luw/XDP3/data/paired/paired_4config_ring512_20260823/cells/20260824T081201Z_xdp_drop_14880952.json
14880952	10	4	skb	read-data	0	True	1248821.8	0.916063	1.0	0.0	0.0	0.0	0.0	-	/home/luw/XDP3/data/paired/paired_4config_ring512_20260823/cells/20260824T081249Z_xdp_drop_14880952.json
3500000	10	1	skb	no-touch	1	True	1251055.7	0.642561	1.0	2552.86	6.0095	0.2102	0.0632	-	/home/luw/XDP3/data/paired/paired_4config_ring512_20260823/cells/20260824T081336Z_xdp_drop_3500000.json
3500000	10	2	native	read-data	1	True	3500020.1	0.0	1.0	517.6	0.9073	0.0874	0.6762	-	/home/luw/XDP3/data/paired/paired_4config_ring512_20260823/cells/20260824T081424Z_xdp_drop_3500000.json
3500000	10	3	skb	read-data	1	True	1244317.8	0.644485	1.0	2566.73	6.5333	0.5831	0.0635	-	/home/luw/XDP3/data/paired/paired_4config_ring512_20260823/cells/20260824T081512Z_xdp_drop_3500000.json
3500000	10	4	native	no-touch	1	True	3500024.5	0.0	1.0	419.48	1.0506	0.072	0.0192	-	/home/luw/XDP3/data/paired/paired_4config_ring512_20260823/cells/20260824T081559Z_xdp_drop_3500000.json
6500000	10	1	native	no-touch	1	True	6500143.0	0.0	1.0	333.41	1.1202	0.0832	0.0122	-	/home/luw/XDP3/data/paired/paired_4config_ring512_20260823/cells/20260824T081647Z_xdp_drop_6500000.json
6500000	10	2	skb	read-data	1	True	1239833.2	0.809261	1.0	2575.99	6.7008	0.6612	0.064	-	/home/luw/XDP3/data/paired/paired_4config_ring512_20260823/cells/20260824T081735Z_xdp_drop_6500000.json
6500000	10	3	skb	no-touch	1	True	1238330.2	0.809495	1.0	2579.04	6.5779	0.6309	0.064	-	/home/luw/XDP3/data/paired/paired_4config_ring512_20260823/cells/20260824T081823Z_xdp_drop_6500000.json
6500000	10	4	native	read-data	1	True	6500166.7	0.0	1.0	380.74	0.8141	0.0922	0.54	-	/home/luw/XDP3/data/paired/paired_4config_ring512_20260823/cells/20260824T081910Z_xdp_drop_6500000.json
9000000	10	1	native	read-data	1	True	9000013.5	0.0	1.0	326.57	0.6734	0.0876	0.4824	-	/home/luw/XDP3/data/paired/paired_4config_ring512_20260823/cells/20260824T081958Z_xdp_drop_9000000.json
9000000	10	2	skb	read-data	1	True	1242938.1	0.861899	1.0	2569.57	6.6804	0.2993	0.0637	-	/home/luw/XDP3/data/paired/paired_4config_ring512_20260823/cells/20260824T082046Z_xdp_drop_9000000.json
9000000	10	3	native	no-touch	1	True	8999998.2	0.0	1.0	272.53	0.4264	0.0693	0.0061	-	/home/luw/XDP3/data/paired/paired_4config_ring512_20260823/cells/20260824T082133Z_xdp_drop_9000000.json
9000000	10	4	skb	no-touch	1	True	1243281.4	0.86186	1.0	2568.85	6.6852	0.9965	0.0634	-	/home/luw/XDP3/data/paired/paired_4config_ring512_20260823/cells/20260824T082221Z_xdp_drop_9000000.json
7000000	10	1	native	no-touch	1	True	7000050.1	0.0	1.0	321.98	0.9815	0.0682	0.0115	-	/home/luw/XDP3/data/paired/paired_4config_ring512_20260823/cells/20260824T082309Z_xdp_drop_7000000.json
7000000	10	2	skb	no-touch	1	True	1244792.8	0.822176	1.0	2565.75	6.606	0.8571	0.0631	-	/home/luw/XDP3/data/paired/paired_4config_ring512_20260823/cells/20260824T082357Z_xdp_drop_7000000.json
7000000	10	3	skb	read-data	1	True	1240798.9	0.822744	1.0	2573.97	6.2964	0.8135	0.0633	-	/home/luw/XDP3/data/paired/paired_4config_ring512_20260823/cells/20260824T082444Z_xdp_drop_7000000.json
7000000	10	4	native	read-data	1	True	7000079.9	0.0	1.0	388.54	1.0543	0.0894	0.7893	-	/home/luw/XDP3/data/paired/paired_4config_ring512_20260823/cells/20260824T082532Z_xdp_drop_7000000.json
5000000	10	1	native	no-touch	1	True	4999975.0	0.0	1.0	386.06	0.422	0.0923	0.016	-	/home/luw/XDP3/data/paired/paired_4config_ring512_20260823/cells/20260824T082620Z_xdp_drop_5000000.json
5000000	10	2	skb	no-touch	1	True	1249665.8	0.750069	1.0	2555.66	6.6662	0.3193	0.0639	-	/home/luw/XDP3/data/paired/paired_4config_ring512_20260823/cells/20260824T082708Z_xdp_drop_5000000.json
5000000	10	3	native	read-data	1	True	4999925.3	0.0	1.0	417.05	0.5277	0.1132	0.2792	-	/home/luw/XDP3/data/paired/paired_4config_ring512_20260823/cells/20260824T082755Z_xdp_drop_5000000.json
5000000	10	4	skb	read-data	1	True	1245108.9	0.750972	1.0	2565.04	6.2529	0.3147	0.0646	-	/home/luw/XDP3/data/paired/paired_4config_ring512_20260823/cells/20260824T082843Z_xdp_drop_5000000.json
5500000	10	1	skb	no-touch	1	True	1248798.2	0.772931	1.0	2557.45	5.9762	0.308	0.0648	-	/home/luw/XDP3/data/paired/paired_4config_ring512_20260823/cells/20260824T082931Z_xdp_drop_5500000.json
5500000	10	2	skb	read-data	1	True	1245928.2	0.773469	1.0	2563.36	5.8667	0.2808	0.0647	-	/home/luw/XDP3/data/paired/paired_4config_ring512_20260823/cells/20260824T083018Z_xdp_drop_5500000.json
5500000	10	3	native	read-data	1	True	5499926.3	0.0	1.0	399.81	0.5077	0.1064	0.2265	-	/home/luw/XDP3/data/paired/paired_4config_ring512_20260823/cells/20260824T083106Z_xdp_drop_5500000.json
5500000	10	4	native	no-touch	1	True	5499977.7	0.0	1.0	365.55	0.4855	0.0842	0.0136	-	/home/luw/XDP3/data/paired/paired_4config_ring512_20260823/cells/20260824T083154Z_xdp_drop_5500000.json
