== rx ring verified: 512 descriptors ==
== health check: dut_audit ==
== DuT audit: enp35s0f1, cpu10 ==
  OK   isolcpus                       10-11
  OK   nohz_full                      10-11
  OK   combined queues                1
  OK   flow control rx/tx             off/off
  OK   bpf_stats_enabled              0
  OK   link                           up
  OK   governor cpu10                 performance
  OK   SMT                            off
  OK   boost                          0
  --   online cpus                    0,2,4,6,8,10
  OK   queue IRQ 75 eff.aff           10
  OK   cpu10 clock == max kHz         3200000
  OK   nf_conntrack loaded            0
  OK   legacy raw DROP rules          0
  OK   iptables-nft raw DROP rules    0
  OK   nft table xdp3                 0
  OK   all nft tables                 0
  OK   xdp attached                   none
  OK   orphaned xdp-bench units       0
  OK   iptables-legacy available      yes
  OK   nft available                  yes
  OK   xdp-bench available            yes
  OK   xdp-filter available           yes
  OK   bpftrace available             yes
== ALL OK ==
== four-configuration run: xdp_drop, modes=native skb, variants=no-touch read-data ==
   rates=250000 500000 750000 1000000 1500000 2000000 2500000 3000000 3500000 4000000 4500000 5000000 5500000 6000000 6500000 7000000 7500000 8000000 8500000 9000000 9500000 10000000 10500000 11000000 11500000 12000000 12500000 13000000 13500000 14000000 14500000 14880952
   blocks=10 window=30s warmup=5s randomised=1
   uninstrumented repetition at: 14000000 14880952
   output=/home/luw/XDP3/data/paired/paired_4config_ring512_20260823
[1/1360] 14.881 Mpps block=1 order=1 skb/read-data ...    accepted ~1.241 Mpps, loss 91.463%, cons 1.000, perf cpu 100.0%, 2572.8 cyc/pkt (805.6 ns), oerrors 0
[2/1360] 14.881 Mpps block=1 order=2 native/no-touch ...    accepted ~14.276 Mpps, loss 3.851%, cons 1.000, perf cpu 100.0%, 223.7 cyc/pkt (70.0 ns), oerrors 0
[3/1360] 14.881 Mpps block=1 order=3 native/read-data ...    accepted ~11.335 Mpps, loss 23.454%, cons 1.000, perf cpu 100.0%, 281.7 cyc/pkt (88.2 ns), oerrors 0
[4/1360] 14.881 Mpps block=1 order=4 skb/no-touch ...    accepted ~1.248 Mpps, loss 91.558%, cons 1.000, perf cpu 100.0%, 2559.6 cyc/pkt (801.5 ns), oerrors 0
[5/1360] 14.881 Mpps block=1 order=1 native/no-touch (no counters) ...    accepted ~14.227 Mpps, loss 4.257%, cons 1.000, perf cpu 0.0%, 0.0 cyc/pkt (0.0 ns), oerrors 0
[6/1360] 14.881 Mpps block=1 order=2 skb/read-data (no counters) ...    accepted ~1.247 Mpps, loss 91.533%, cons 1.000, perf cpu 0.0%, 0.0 cyc/pkt (0.0 ns), oerrors 0
[7/1360] 14.881 Mpps block=1 order=3 native/read-data (no counters) ...    accepted ~11.260 Mpps, loss 24.181%, cons 1.000, perf cpu 0.0%, 0.0 cyc/pkt (0.0 ns), oerrors 0
[8/1360] 14.881 Mpps block=1 order=4 skb/no-touch (no counters) ...    accepted ~1.250 Mpps, loss 91.590%, cons 1.000, perf cpu 0.0%, 0.0 cyc/pkt (0.0 ns), oerrors 0
[9/1360] 1.000 Mpps block=1 order=1 skb/read-data ...    accepted ~1.000 Mpps, loss 0.000%, cons 1.000, perf cpu 87.5%, 2771.5 cyc/pkt (879.0 ns), oerrors 0
[10/1360] 1.000 Mpps block=1 order=2 skb/no-touch ...    accepted ~1.000 Mpps, loss 0.000%, cons 1.000, perf cpu 87.6%, 2771.9 cyc/pkt (879.3 ns), oerrors 0
[11/1360] 1.000 Mpps block=1 order=3 native/no-touch ...    accepted ~1.000 Mpps, loss 0.000%, cons 1.000, perf cpu 12.6%, 411.6 cyc/pkt (129.8 ns), oerrors 0
[12/1360] 1.000 Mpps block=1 order=4 native/read-data ...    accepted ~1.000 Mpps, loss 0.000%, cons 1.000, perf cpu 14.0%, 455.2 cyc/pkt (143.5 ns), oerrors 0
[13/1360] 7.500 Mpps block=1 order=1 skb/read-data ...    accepted ~1.244 Mpps, loss 83.412%, cons 1.000, perf cpu 100.0%, 2567.1 cyc/pkt (803.8 ns), oerrors 0
[14/1360] 7.500 Mpps block=1 order=2 native/read-data ...    accepted ~7.498 Mpps, loss 0.000%, cons 1.000, perf cpu 82.7%, 341.1 cyc/pkt (111.6 ns), oerrors 0
[15/1360] 7.500 Mpps block=1 order=3 native/no-touch ...    accepted ~7.500 Mpps, loss 0.000%, cons 1.000, perf cpu 77.2%, 317.5 cyc/pkt (104.6 ns), oerrors 0
[16/1360] 7.500 Mpps block=1 order=4 skb/no-touch ...    accepted ~1.248 Mpps, loss 83.359%, cons 1.000, perf cpu 100.0%, 2558.7 cyc/pkt (801.2 ns), oerrors 0
[17/1360] 14.500 Mpps block=1 order=1 native/no-touch ...    accepted ~14.302 Mpps, loss 1.363%, cons 1.000, perf cpu 100.0%, 223.3 cyc/pkt (69.9 ns), oerrors 0
[18/1360] 14.500 Mpps block=1 order=2 skb/read-data ...    accepted ~1.249 Mpps, loss 91.385%, cons 1.000, perf cpu 100.0%, 2556.0 cyc/pkt (800.5 ns), oerrors 0
[19/1360] 14.500 Mpps block=1 order=3 native/read-data ...    accepted ~11.639 Mpps, loss 19.732%, cons 1.000, perf cpu 100.0%, 274.3 cyc/pkt (85.9 ns), oerrors 0
[20/1360] 14.500 Mpps block=1 order=4 skb/no-touch ...    accepted ~1.246 Mpps, loss 91.406%, cons 1.000, perf cpu 100.0%, 2562.4 cyc/pkt (802.4 ns), oerrors 0
[21/1360] 5.000 Mpps block=1 order=1 skb/read-data ...    accepted ~1.241 Mpps, loss 75.180%, cons 1.000, perf cpu 100.0%, 2573.2 cyc/pkt (805.8 ns), oerrors 0
[22/1360] 5.000 Mpps block=1 order=2 skb/no-touch ...    accepted ~1.246 Mpps, loss 75.070%, cons 1.000, perf cpu 100.0%, 2561.9 cyc/pkt (802.2 ns), oerrors 0
[23/1360] 5.000 Mpps block=1 order=3 native/read-data ...    accepted ~5.000 Mpps, loss 0.000%, cons 1.000, perf cpu 74.8%, 453.6 cyc/pkt (152.0 ns), oerrors 0
[24/1360] 5.000 Mpps block=1 order=4 native/no-touch ...    accepted ~5.000 Mpps, loss 0.000%, cons 1.000, perf cpu 64.5%, 390.9 cyc/pkt (131.9 ns), oerrors 0
[25/1360] 11.000 Mpps block=1 order=1 skb/no-touch ...    accepted ~1.246 Mpps, loss 88.671%, cons 1.000, perf cpu 100.0%, 2562.6 cyc/pkt (802.4 ns), oerrors 0
[26/1360] 11.000 Mpps block=1 order=2 skb/read-data ...    accepted ~1.245 Mpps, loss 88.685%, cons 1.000, perf cpu 100.0%, 2565.7 cyc/pkt (803.5 ns), oerrors 0
[27/1360] 11.000 Mpps block=1 order=3 native/read-data ...    accepted ~9.239 Mpps, loss 16.014%, cons 1.000, perf cpu 100.0%, 345.3 cyc/pkt (108.2 ns), oerrors 0
[28/1360] 11.000 Mpps block=1 order=4 native/no-touch ...    accepted ~11.000 Mpps, loss 0.000%, cons 1.000, perf cpu 89.6%, 253.8 cyc/pkt (81.9 ns), oerrors 0
[29/1360] 11.500 Mpps block=1 order=1 native/read-data ...    accepted ~11.500 Mpps, loss 0.000%, cons 1.000, perf cpu 99.6%, 275.9 cyc/pkt (86.6 ns), oerrors 0
[30/1360] 11.500 Mpps block=1 order=2 skb/read-data ...    accepted ~1.247 Mpps, loss 89.156%, cons 1.000, perf cpu 100.0%, 2560.7 cyc/pkt (801.9 ns), oerrors 0
[31/1360] 11.500 Mpps block=1 order=3 skb/no-touch ...    accepted ~1.253 Mpps, loss 89.108%, cons 1.000, perf cpu 100.0%, 2549.5 cyc/pkt (798.3 ns), oerrors 0
[32/1360] 11.500 Mpps block=1 order=4 native/no-touch ...    accepted ~11.500 Mpps, loss 0.000%, cons 1.000, perf cpu 91.6%, 251.2 cyc/pkt (80.1 ns), oerrors 0
[33/1360] 10.500 Mpps block=1 order=1 skb/read-data ...    accepted ~1.249 Mpps, loss 88.109%, cons 1.000, perf cpu 100.0%, 2557.7 cyc/pkt (800.9 ns), oerrors 0
[34/1360] 10.500 Mpps block=1 order=2 native/no-touch ...    accepted ~10.500 Mpps, loss 0.000%, cons 1.000, perf cpu 86.7%, 258.3 cyc/pkt (83.1 ns), oerrors 0
[35/1360] 10.500 Mpps block=1 order=3 native/read-data ...    accepted ~9.006 Mpps, loss 14.229%, cons 1.000, perf cpu 100.0%, 354.1 cyc/pkt (111.0 ns), oerrors 0
[36/1360] 10.500 Mpps block=1 order=4 skb/no-touch ...    accepted ~1.246 Mpps, loss 88.137%, cons 1.000, perf cpu 100.0%, 2563.8 cyc/pkt (802.8 ns), oerrors 0
[37/1360] 2.000 Mpps block=1 order=1 skb/read-data ...    accepted ~1.241 Mpps, loss 37.934%, cons 1.000, perf cpu 100.0%, 2572.5 cyc/pkt (805.6 ns), oerrors 0
[38/1360] 2.000 Mpps block=1 order=2 native/no-touch ...    accepted ~2.000 Mpps, loss 0.000%, cons 1.000, perf cpu 25.9%, 419.3 cyc/pkt (133.2 ns), oerrors 0
[39/1360] 2.000 Mpps block=1 order=3 native/read-data ...    accepted ~2.000 Mpps, loss 0.000%, cons 1.000, perf cpu 31.3%, 502.9 cyc/pkt (160.1 ns), oerrors 0
[40/1360] 2.000 Mpps block=1 order=4 skb/no-touch ...    accepted ~1.246 Mpps, loss 37.697%, cons 1.000, perf cpu 100.0%, 2562.9 cyc/pkt (802.5 ns), oerrors 0
[41/1360] 4.500 Mpps block=1 order=1 skb/read-data ...    accepted ~1.245 Mpps, loss 72.336%, cons 1.000, perf cpu 100.0%, 2565.3 cyc/pkt (803.3 ns), oerrors 0
[42/1360] 4.500 Mpps block=1 order=2 skb/no-touch ...    accepted ~1.245 Mpps, loss 72.337%, cons 1.000, perf cpu 100.0%, 2565.4 cyc/pkt (803.3 ns), oerrors 0
[43/1360] 4.500 Mpps block=1 order=3 native/read-data ...    accepted ~4.500 Mpps, loss 0.000%, cons 1.000, perf cpu 64.8%, 439.2 cyc/pkt (146.9 ns), oerrors 0
[44/1360] 4.500 Mpps block=1 order=4 native/no-touch ...    accepted ~4.500 Mpps, loss 0.000%, cons 1.000, perf cpu 59.2%, 405.2 cyc/pkt (134.6 ns), oerrors 0
[45/1360] 0.750 Mpps block=1 order=1 native/no-touch ...    accepted ~0.750 Mpps, loss 0.000%, cons 1.000, perf cpu 9.5%, 412.4 cyc/pkt (130.2 ns), oerrors 0
[46/1360] 0.750 Mpps block=1 order=2 skb/no-touch ...    accepted ~0.750 Mpps, loss 0.000%, cons 1.000, perf cpu 67.3%, 2848.1 cyc/pkt (902.4 ns), oerrors 0
[47/1360] 0.750 Mpps block=1 order=3 skb/read-data ...    accepted ~0.750 Mpps, loss 0.000%, cons 1.000, perf cpu 67.5%, 2856.2 cyc/pkt (904.9 ns), oerrors 0
[48/1360] 0.750 Mpps block=1 order=4 native/read-data ...    accepted ~0.750 Mpps, loss 0.000%, cons 1.000, perf cpu 11.8%, 511.1 cyc/pkt (161.0 ns), oerrors 0
[49/1360] 9.500 Mpps block=1 order=1 native/read-data ...    accepted ~9.500 Mpps, loss 0.000%, cons 1.000, perf cpu 90.9%, 300.5 cyc/pkt (96.2 ns), oerrors 0
[50/1360] 9.500 Mpps block=1 order=2 skb/no-touch ...    accepted ~1.248 Mpps, loss 86.862%, cons 1.000, perf cpu 100.0%, 2558.4 cyc/pkt (801.2 ns), oerrors 0
[51/1360] 9.500 Mpps block=1 order=3 skb/read-data ...    accepted ~1.243 Mpps, loss 86.921%, cons 1.000, perf cpu 100.0%, 2570.2 cyc/pkt (804.8 ns), oerrors 0
[52/1360] 9.500 Mpps block=1 order=4 native/no-touch ...    accepted ~9.500 Mpps, loss 0.000%, cons 1.000, perf cpu 82.2%, 268.9 cyc/pkt (87.2 ns), oerrors 0
[53/1360] 6.000 Mpps block=1 order=1 skb/no-touch ...    accepted ~1.241 Mpps, loss 79.317%, cons 1.000, perf cpu 100.0%, 2573.4 cyc/pkt (805.8 ns), oerrors 0
[54/1360] 6.000 Mpps block=1 order=2 native/no-touch ...    accepted ~6.000 Mpps, loss 0.000%, cons 1.000, perf cpu 69.3%, 352.1 cyc/pkt (117.7 ns), oerrors 0
[55/1360] 6.000 Mpps block=1 order=3 native/read-data ...    accepted ~6.000 Mpps, loss 0.000%, cons 1.000, perf cpu 75.0%, 380.4 cyc/pkt (126.9 ns), oerrors 0
[56/1360] 6.000 Mpps block=1 order=4 skb/read-data ...    accepted ~1.246 Mpps, loss 79.226%, cons 1.000, perf cpu 100.0%, 2562.0 cyc/pkt (802.3 ns), oerrors 0
[57/1360] 6.500 Mpps block=1 order=1 native/no-touch ...    accepted ~6.500 Mpps, loss 0.000%, cons 1.000, perf cpu 71.7%, 336.4 cyc/pkt (112.2 ns), oerrors 0
[58/1360] 6.500 Mpps block=1 order=2 skb/no-touch ...    accepted ~1.247 Mpps, loss 80.811%, cons 1.000, perf cpu 100.0%, 2560.1 cyc/pkt (801.7 ns), oerrors 0
[59/1360] 6.500 Mpps block=1 order=3 native/read-data ...    accepted ~6.500 Mpps, loss 0.000%, cons 1.000, perf cpu 81.4%, 382.9 cyc/pkt (126.7 ns), oerrors 0
[60/1360] 6.500 Mpps block=1 order=4 skb/read-data ...    accepted ~1.244 Mpps, loss 80.861%, cons 1.000, perf cpu 100.0%, 2567.1 cyc/pkt (803.8 ns), oerrors 0
[61/1360] 14.000 Mpps block=1 order=1 skb/read-data ...    accepted ~1.239 Mpps, loss 91.148%, cons 1.000, perf cpu 100.0%, 2577.1 cyc/pkt (807.0 ns), oerrors 0
[62/1360] 14.000 Mpps block=1 order=2 skb/no-touch ...    accepted ~1.245 Mpps, loss 91.106%, cons 1.000, perf cpu 100.0%, 2564.8 cyc/pkt (803.1 ns), oerrors 0
[63/1360] 14.000 Mpps block=1 order=3 native/read-data ...    accepted ~10.363 Mpps, loss 25.976%, cons 1.000, perf cpu 100.0%, 308.1 cyc/pkt (96.5 ns), oerrors 0
[64/1360] 14.000 Mpps block=1 order=4 native/no-touch ...    accepted ~14.000 Mpps, loss 0.000%, cons 1.000, perf cpu 99.8%, 227.4 cyc/pkt (71.3 ns), oerrors 0
[65/1360] 14.000 Mpps block=1 order=1 native/no-touch (no counters) ...    accepted ~14.000 Mpps, loss 0.000%, cons 1.000, perf cpu 0.0%, 0.0 cyc/pkt (0.0 ns), oerrors 0
[66/1360] 14.000 Mpps block=1 order=2 native/read-data (no counters) ...    accepted ~8.257 Mpps, loss 41.019%, cons 1.000, perf cpu 0.0%, 0.0 cyc/pkt (0.0 ns), oerrors 0
[67/1360] 14.000 Mpps block=1 order=3 skb/no-touch (no counters) ...    accepted ~1.250 Mpps, loss 91.071%, cons 1.000, perf cpu 0.0%, 0.0 cyc/pkt (0.0 ns), oerrors 0
[68/1360] 14.000 Mpps block=1 order=4 skb/read-data (no counters) ...    accepted ~1.248 Mpps, loss 91.086%, cons 1.000, perf cpu 0.0%, 0.0 cyc/pkt (0.0 ns), oerrors 0
[69/1360] 12.500 Mpps block=1 order=1 native/read-data ...    accepted ~11.752 Mpps, loss 5.981%, cons 1.000, perf cpu 100.0%, 271.7 cyc/pkt (85.1 ns), oerrors 0
[70/1360] 12.500 Mpps block=1 order=2 skb/no-touch ...    accepted ~1.246 Mpps, loss 90.034%, cons 1.000, perf cpu 100.0%, 2563.5 cyc/pkt (802.7 ns), oerrors 0
[71/1360] 12.500 Mpps block=1 order=3 skb/read-data ...    accepted ~1.246 Mpps, loss 90.033%, cons 1.000, perf cpu 100.0%, 2563.4 cyc/pkt (802.7 ns), oerrors 0
[72/1360] 12.500 Mpps block=1 order=4 native/no-touch ...    accepted ~12.500 Mpps, loss 0.000%, cons 1.000, perf cpu 97.6%, 246.1 cyc/pkt (78.2 ns), oerrors 0
[73/1360] 3.500 Mpps block=1 order=1 skb/read-data ...    accepted ~1.242 Mpps, loss 64.511%, cons 1.000, perf cpu 100.0%, 2571.2 cyc/pkt (805.1 ns), oerrors 0
[74/1360] 3.500 Mpps block=1 order=2 skb/no-touch ...    accepted ~1.244 Mpps, loss 64.447%, cons 1.000, perf cpu 100.0%, 2566.5 cyc/pkt (803.6 ns), oerrors 0
[75/1360] 3.500 Mpps block=1 order=3 native/read-data ...    accepted ~3.500 Mpps, loss 0.000%, cons 1.000, perf cpu 65.0%, 556.3 cyc/pkt (189.1 ns), oerrors 0
[76/1360] 3.500 Mpps block=1 order=4 native/no-touch ...    accepted ~3.500 Mpps, loss 0.000%, cons 1.000, perf cpu 48.0%, 419.8 cyc/pkt (140.7 ns), oerrors 0
[77/1360] 8.500 Mpps block=1 order=1 native/read-data ...    accepted ~8.500 Mpps, loss 0.000%, cons 1.000, perf cpu 91.1%, 331.1 cyc/pkt (107.7 ns), oerrors 0
[78/1360] 8.500 Mpps block=1 order=2 skb/read-data ...    accepted ~1.245 Mpps, loss 85.358%, cons 1.000, perf cpu 100.0%, 2565.9 cyc/pkt (803.5 ns), oerrors 0
[79/1360] 8.500 Mpps block=1 order=3 native/no-touch ...    accepted ~8.500 Mpps, loss 0.000%, cons 1.000, perf cpu 81.0%, 287.2 cyc/pkt (96.4 ns), oerrors 0
[80/1360] 8.500 Mpps block=1 order=4 skb/no-touch ...    accepted ~1.241 Mpps, loss 85.395%, cons 1.000, perf cpu 100.0%, 2572.5 cyc/pkt (805.5 ns), oerrors 0
[81/1360] 0.500 Mpps block=1 order=1 native/read-data ...    accepted ~0.500 Mpps, loss 0.000%, cons 1.000, perf cpu 8.1%, 522.4 cyc/pkt (164.8 ns), oerrors 0
[82/1360] 0.500 Mpps block=1 order=2 native/no-touch ...    accepted ~0.500 Mpps, loss 0.000%, cons 1.000, perf cpu 6.0%, 388.3 cyc/pkt (122.8 ns), oerrors 0
[83/1360] 0.500 Mpps block=1 order=3 skb/no-touch ...    accepted ~0.500 Mpps, loss 0.000%, cons 1.000, perf cpu 43.9%, 2808.5 cyc/pkt (882.0 ns), oerrors 0
[84/1360] 0.500 Mpps block=1 order=4 skb/read-data ...    accepted ~0.500 Mpps, loss 0.000%, cons 1.000, perf cpu 43.9%, 2808.4 cyc/pkt (881.9 ns), oerrors 0
[85/1360] 0.250 Mpps block=1 order=1 native/no-touch ...    accepted ~0.250 Mpps, loss 0.000%, cons 1.000, perf cpu 4.0%, 523.9 cyc/pkt (165.8 ns), oerrors 0
[86/1360] 0.250 Mpps block=1 order=2 skb/no-touch ...    accepted ~0.250 Mpps, loss 0.000%, cons 1.000, perf cpu 22.3%, 2859.5 cyc/pkt (897.8 ns), oerrors 0
[87/1360] 0.250 Mpps block=1 order=3 native/read-data ...    accepted ~0.250 Mpps, loss 0.000%, cons 1.000, perf cpu 4.7%, 615.8 cyc/pkt (194.7 ns), oerrors 0
[88/1360] 0.250 Mpps block=1 order=4 skb/read-data ...    accepted ~0.250 Mpps, loss 0.000%, cons 1.000, perf cpu 22.4%, 2869.9 cyc/pkt (901.0 ns), oerrors 0
[89/1360] 12.000 Mpps block=1 order=1 native/read-data ...    accepted ~11.276 Mpps, loss 6.034%, cons 1.000, perf cpu 100.0%, 283.2 cyc/pkt (88.7 ns), oerrors 0
[90/1360] 12.000 Mpps block=1 order=2 skb/read-data ...    accepted ~1.243 Mpps, loss 89.636%, cons 1.000, perf cpu 100.0%, 2568.3 cyc/pkt (804.2 ns), oerrors 0
[91/1360] 12.000 Mpps block=1 order=3 skb/no-touch ...    accepted ~1.247 Mpps, loss 89.612%, cons 1.000, perf cpu 100.0%, 2561.9 cyc/pkt (802.2 ns), oerrors 0
[92/1360] 12.000 Mpps block=1 order=4 native/no-touch ...    accepted ~12.000 Mpps, loss 0.000%, cons 1.000, perf cpu 95.1%, 247.7 cyc/pkt (79.5 ns), oerrors 0
[93/1360] 3.000 Mpps block=1 order=1 native/read-data ...    accepted ~3.000 Mpps, loss 0.000%, cons 1.000, perf cpu 49.7%, 508.6 cyc/pkt (169.2 ns), oerrors 0
[94/1360] 3.000 Mpps block=1 order=2 native/no-touch ...    accepted ~3.000 Mpps, loss 0.000%, cons 1.000, perf cpu 41.5%, 430.0 cyc/pkt (141.9 ns), oerrors 0
[95/1360] 3.000 Mpps block=1 order=3 skb/read-data ...    accepted ~1.246 Mpps, loss 58.458%, cons 1.000, perf cpu 100.0%, 2562.6 cyc/pkt (802.4 ns), oerrors 0
[96/1360] 3.000 Mpps block=1 order=4 skb/no-touch ...    accepted ~1.247 Mpps, loss 58.437%, cons 1.000, perf cpu 100.0%, 2561.3 cyc/pkt (802.0 ns), oerrors 0
[97/1360] 1.500 Mpps block=1 order=1 native/read-data ...    accepted ~1.500 Mpps, loss 0.000%, cons 1.000, perf cpu 25.4%, 547.0 cyc/pkt (173.1 ns), oerrors 0
[98/1360] 1.500 Mpps block=1 order=2 skb/no-touch ...    accepted ~1.241 Mpps, loss 17.257%, cons 1.000, perf cpu 100.0%, 2573.1 cyc/pkt (805.7 ns), oerrors 0
[99/1360] 1.500 Mpps block=1 order=3 skb/read-data ...    accepted ~1.243 Mpps, loss 17.124%, cons 1.000, perf cpu 100.0%, 2569.0 cyc/pkt (804.4 ns), oerrors 0
[100/1360] 1.500 Mpps block=1 order=4 native/no-touch ...    accepted ~1.500 Mpps, loss 0.000%, cons 1.000, perf cpu 19.7%, 426.3 cyc/pkt (135.3 ns), oerrors 0
[101/1360] 9.000 Mpps block=1 order=1 skb/no-touch ...    accepted ~1.245 Mpps, loss 86.165%, cons 1.000, perf cpu 100.0%, 2564.7 cyc/pkt (803.1 ns), oerrors 0
[102/1360] 9.000 Mpps block=1 order=2 skb/read-data ...    accepted ~1.242 Mpps, loss 86.198%, cons 1.000, perf cpu 100.0%, 2571.0 cyc/pkt (805.0 ns), oerrors 0
[103/1360] 9.000 Mpps block=1 order=3 native/read-data ...    accepted ~8.420 Mpps, loss 6.440%, cons 1.000, perf cpu 100.0%, 379.0 cyc/pkt (118.8 ns), oerrors 0
[104/1360] 9.000 Mpps block=1 order=4 native/no-touch ...    accepted ~9.000 Mpps, loss 0.000%, cons 1.000, perf cpu 82.4%, 277.7 cyc/pkt (92.4 ns), oerrors 0
[105/1360] 4.000 Mpps block=1 order=1 skb/read-data ...    accepted ~1.241 Mpps, loss 68.974%, cons 1.000, perf cpu 100.0%, 2573.4 cyc/pkt (805.8 ns), oerrors 0
[106/1360] 4.000 Mpps block=1 order=2 skb/no-touch ...    accepted ~1.245 Mpps, loss 68.879%, cons 1.000, perf cpu 100.0%, 2565.5 cyc/pkt (803.3 ns), oerrors 0
[107/1360] 4.000 Mpps block=1 order=3 native/no-touch ...    accepted ~4.000 Mpps, loss 0.000%, cons 1.000, perf cpu 53.5%, 403.2 cyc/pkt (136.8 ns), oerrors 0
[108/1360] 4.000 Mpps block=1 order=4 native/read-data ...    accepted ~4.000 Mpps, loss 0.000%, cons 1.000, perf cpu 61.2%, 460.3 cyc/pkt (156.0 ns), oerrors 0
[109/1360] 13.500 Mpps block=1 order=1 native/no-touch ...    accepted ~13.500 Mpps, loss 0.000%, cons 1.000, perf cpu 99.2%, 233.8 cyc/pkt (73.6 ns), oerrors 0
[110/1360] 13.500 Mpps block=1 order=2 skb/read-data ...    accepted ~1.248 Mpps, loss 90.760%, cons 1.000, perf cpu 100.0%, 2559.8 cyc/pkt (801.6 ns), oerrors 0
[111/1360] 13.500 Mpps block=1 order=3 skb/no-touch ...    accepted ~1.250 Mpps, loss 90.742%, cons 1.000, perf cpu 100.0%, 2554.9 cyc/pkt (800.1 ns), oerrors 0
[112/1360] 13.500 Mpps block=1 order=4 native/read-data ...    accepted ~11.810 Mpps, loss 12.522%, cons 1.000, perf cpu 100.0%, 270.4 cyc/pkt (84.7 ns), oerrors 0
[113/1360] 13.000 Mpps block=1 order=1 native/no-touch ...    accepted ~13.000 Mpps, loss 0.000%, cons 1.000, perf cpu 98.6%, 238.9 cyc/pkt (76.0 ns), oerrors 0
[114/1360] 13.000 Mpps block=1 order=2 native/read-data ...    accepted ~9.114 Mpps, loss 29.895%, cons 1.000, perf cpu 100.0%, 350.3 cyc/pkt (109.7 ns), oerrors 0
[115/1360] 13.000 Mpps block=1 order=3 skb/read-data ...    accepted ~1.247 Mpps, loss 90.373%, cons 1.000, perf cpu 100.0%, 2561.8 cyc/pkt (802.1 ns), oerrors 0
[116/1360] 13.000 Mpps block=1 order=4 skb/no-touch ...    accepted ~1.248 Mpps, loss 90.396%, cons 1.000, perf cpu 100.0%, 2559.5 cyc/pkt (801.4 ns), oerrors 0
[117/1360] 2.500 Mpps block=1 order=1 skb/no-touch ...    accepted ~1.245 Mpps, loss 50.211%, cons 1.000, perf cpu 100.0%, 2565.9 cyc/pkt (803.4 ns), oerrors 0
[118/1360] 2.500 Mpps block=1 order=2 native/read-data ...    accepted ~2.500 Mpps, loss 0.000%, cons 1.000, perf cpu 40.3%, 500.7 cyc/pkt (164.9 ns), oerrors 0
[119/1360] 2.500 Mpps block=1 order=3 native/no-touch ...    accepted ~2.500 Mpps, loss 0.000%, cons 1.000, perf cpu 36.3%, 453.4 cyc/pkt (149.4 ns), oerrors 0
[120/1360] 2.500 Mpps block=1 order=4 skb/read-data ...    accepted ~1.245 Mpps, loss 50.200%, cons 1.000, perf cpu 100.0%, 2565.3 cyc/pkt (803.2 ns), oerrors 0
[121/1360] 7.000 Mpps block=1 order=1 skb/no-touch ...    accepted ~1.248 Mpps, loss 82.178%, cons 1.000, perf cpu 100.0%, 2560.1 cyc/pkt (801.6 ns), oerrors 0
[122/1360] 7.000 Mpps block=1 order=2 native/no-touch ...    accepted ~7.000 Mpps, loss 0.000%, cons 1.000, perf cpu 75.9%, 322.5 cyc/pkt (110.1 ns), oerrors 0
[123/1360] 7.000 Mpps block=1 order=3 native/read-data ...    accepted ~7.000 Mpps, loss 0.000%, cons 1.000, perf cpu 92.9%, 398.9 cyc/pkt (133.2 ns), oerrors 0
[124/1360] 7.000 Mpps block=1 order=4 skb/read-data ...    accepted ~1.245 Mpps, loss 82.216%, cons 1.000, perf cpu 100.0%, 2565.6 cyc/pkt (803.3 ns), oerrors 0
[125/1360] 5.500 Mpps block=1 order=1 skb/no-touch ...    accepted ~1.243 Mpps, loss 77.394%, cons 1.000, perf cpu 100.0%, 2568.7 cyc/pkt (804.3 ns), oerrors 0
[126/1360] 5.500 Mpps block=1 order=2 skb/read-data ...    accepted ~1.246 Mpps, loss 77.354%, cons 1.000, perf cpu 100.0%, 2564.2 cyc/pkt (802.9 ns), oerrors 0
[127/1360] 5.500 Mpps block=1 order=3 native/read-data ...    accepted ~5.500 Mpps, loss 0.000%, cons 1.000, perf cpu 81.9%, 440.1 cyc/pkt (150.8 ns), oerrors 0
[128/1360] 5.500 Mpps block=1 order=4 native/no-touch ...    accepted ~5.500 Mpps, loss 0.000%, cons 1.000, perf cpu 67.9%, 365.4 cyc/pkt (126.0 ns), oerrors 0
[129/1360] 10.000 Mpps block=1 order=1 native/no-touch ...    accepted ~10.000 Mpps, loss 0.000%, cons 1.000, perf cpu 86.2%, 258.6 cyc/pkt (86.8 ns), oerrors 0
[130/1360] 10.000 Mpps block=1 order=2 skb/read-data ...    accepted ~1.250 Mpps, loss 87.497%, cons 1.000, perf cpu 100.0%, 2554.5 cyc/pkt (799.8 ns), oerrors 0
[131/1360] 10.000 Mpps block=1 order=3 skb/no-touch ...    accepted ~1.248 Mpps, loss 87.525%, cons 1.000, perf cpu 100.0%, 2560.1 cyc/pkt (801.6 ns), oerrors 0
[132/1360] 10.000 Mpps block=1 order=4 native/read-data ...    accepted ~9.896 Mpps, loss 1.037%, cons 1.000, perf cpu 100.0%, 322.5 cyc/pkt (101.0 ns), oerrors 0
[133/1360] 8.000 Mpps block=1 order=1 native/read-data ...    accepted ~8.000 Mpps, loss 0.000%, cons 1.000, perf cpu 92.9%, 353.5 cyc/pkt (116.5 ns), oerrors 0
[134/1360] 8.000 Mpps block=1 order=2 skb/no-touch ...    accepted ~1.242 Mpps, loss 84.477%, cons 1.000, perf cpu 100.0%, 2571.8 cyc/pkt (805.2 ns), oerrors 0
[135/1360] 8.000 Mpps block=1 order=3 native/no-touch ...    accepted ~8.000 Mpps, loss 0.000%, cons 1.000, perf cpu 80.8%, 299.0 cyc/pkt (102.3 ns), oerrors 0
[136/1360] 8.000 Mpps block=1 order=4 skb/read-data ...    accepted ~1.244 Mpps, loss 84.456%, cons 1.000, perf cpu 100.0%, 2568.3 cyc/pkt (804.2 ns), oerrors 0
[137/1360] 13.000 Mpps block=2 order=1 skb/no-touch ...    accepted ~1.248 Mpps, loss 90.403%, cons 1.000, perf cpu 100.0%, 2559.8 cyc/pkt (801.5 ns), oerrors 0
[138/1360] 13.000 Mpps block=2 order=2 native/read-data ...    accepted ~9.816 Mpps, loss 24.490%, cons 1.000, perf cpu 100.0%, 325.1 cyc/pkt (101.9 ns), oerrors 0
[139/1360] 13.000 Mpps block=2 order=3 skb/read-data ...    accepted ~1.243 Mpps, loss 90.435%, cons 1.000, perf cpu 100.0%, 2568.5 cyc/pkt (804.2 ns), oerrors 0
[140/1360] 13.000 Mpps block=2 order=4 native/no-touch ...    accepted ~13.000 Mpps, loss 0.000%, cons 1.000, perf cpu 98.6%, 238.3 cyc/pkt (76.0 ns), oerrors 0
[141/1360] 6.500 Mpps block=2 order=1 native/no-touch ...    accepted ~6.500 Mpps, loss 0.000%, cons 1.000, perf cpu 73.2%, 333.2 cyc/pkt (114.5 ns), oerrors 0
[142/1360] 6.500 Mpps block=2 order=2 skb/read-data ...    accepted ~1.248 Mpps, loss 80.803%, cons 1.000, perf cpu 100.0%, 2559.7 cyc/pkt (801.5 ns), oerrors 0
[143/1360] 6.500 Mpps block=2 order=3 skb/no-touch ...    accepted ~1.245 Mpps, loss 80.842%, cons 1.000, perf cpu 100.0%, 2564.8 cyc/pkt (803.0 ns), oerrors 0
[144/1360] 6.500 Mpps block=2 order=4 native/read-data ...    accepted ~6.500 Mpps, loss 0.000%, cons 1.000, perf cpu 79.7%, 360.2 cyc/pkt (124.3 ns), oerrors 0
[145/1360] 8.000 Mpps block=2 order=1 native/no-touch ...    accepted ~8.000 Mpps, loss 0.000%, cons 1.000, perf cpu 80.6%, 299.9 cyc/pkt (102.1 ns), oerrors 0
[146/1360] 8.000 Mpps block=2 order=2 native/read-data ...    accepted ~8.000 Mpps, loss 0.000%, cons 1.000, perf cpu 99.4%, 392.5 cyc/pkt (124.3 ns), oerrors 0
[147/1360] 8.000 Mpps block=2 order=3 skb/no-touch ...    accepted ~1.244 Mpps, loss 84.446%, cons 1.000, perf cpu 100.0%, 2566.6 cyc/pkt (803.6 ns), oerrors 0
[148/1360] 8.000 Mpps block=2 order=4 skb/read-data ...    accepted ~1.243 Mpps, loss 84.460%, cons 1.000, perf cpu 100.0%, 2569.0 cyc/pkt (804.4 ns), oerrors 0
[149/1360] 0.250 Mpps block=2 order=1 native/no-touch ...    accepted ~0.250 Mpps, loss 0.000%, cons 1.000, perf cpu 4.0%, 522.7 cyc/pkt (165.5 ns), oerrors 0
[150/1360] 0.250 Mpps block=2 order=2 skb/read-data ...    accepted ~0.250 Mpps, loss 0.000%, cons 1.000, perf cpu 22.4%, 2866.5 cyc/pkt (900.5 ns), oerrors 0
[151/1360] 0.250 Mpps block=2 order=3 skb/no-touch ...    accepted ~0.250 Mpps, loss 0.000%, cons 1.000, perf cpu 22.4%, 2870.9 cyc/pkt (901.8 ns), oerrors 0
[152/1360] 0.250 Mpps block=2 order=4 native/read-data ...    accepted ~0.250 Mpps, loss 0.000%, cons 1.000, perf cpu 4.7%, 615.1 cyc/pkt (194.5 ns), oerrors 0
[153/1360] 1.000 Mpps block=2 order=1 skb/no-touch ...    accepted ~1.000 Mpps, loss 0.000%, cons 1.000, perf cpu 88.4%, 2766.5 cyc/pkt (887.5 ns), oerrors 0
[154/1360] 1.000 Mpps block=2 order=2 skb/read-data ...    accepted ~1.000 Mpps, loss 0.000%, cons 1.000, perf cpu 88.5%, 2770.8 cyc/pkt (888.2 ns), oerrors 0
[155/1360] 1.000 Mpps block=2 order=3 native/read-data ...    accepted ~1.000 Mpps, loss 0.000%, cons 1.000, perf cpu 15.8%, 510.6 cyc/pkt (161.5 ns), oerrors 0
[156/1360] 1.000 Mpps block=2 order=4 native/no-touch ...    accepted ~1.000 Mpps, loss 0.000%, cons 1.000, perf cpu 12.7%, 412.4 cyc/pkt (130.7 ns), oerrors 0
[157/1360] 14.500 Mpps block=2 order=1 native/no-touch ...    accepted ~14.267 Mpps, loss 1.605%, cons 1.000, perf cpu 100.0%, 223.9 cyc/pkt (70.1 ns), oerrors 0
[158/1360] 14.500 Mpps block=2 order=2 native/read-data ...    accepted ~10.808 Mpps, loss 25.465%, cons 1.000, perf cpu 100.0%, 295.5 cyc/pkt (92.5 ns), oerrors 0
[159/1360] 14.500 Mpps block=2 order=3 skb/no-touch ...    accepted ~1.248 Mpps, loss 91.393%, cons 1.000, perf cpu 100.0%, 2559.1 cyc/pkt (801.2 ns), oerrors 0
[160/1360] 14.500 Mpps block=2 order=4 skb/read-data ...    accepted ~1.247 Mpps, loss 91.397%, cons 1.000, perf cpu 100.0%, 2560.6 cyc/pkt (801.8 ns), oerrors 0
[161/1360] 9.000 Mpps block=2 order=1 native/no-touch ...    accepted ~9.000 Mpps, loss 0.000%, cons 1.000, perf cpu 81.6%, 273.5 cyc/pkt (91.6 ns), oerrors 0
[162/1360] 9.000 Mpps block=2 order=2 native/read-data ...    accepted ~8.539 Mpps, loss 5.120%, cons 1.000, perf cpu 100.0%, 373.8 cyc/pkt (117.1 ns), oerrors 0
[163/1360] 9.000 Mpps block=2 order=3 skb/no-touch ...    accepted ~1.249 Mpps, loss 86.120%, cons 1.000, perf cpu 100.0%, 2556.7 cyc/pkt (800.5 ns), oerrors 0
[164/1360] 9.000 Mpps block=2 order=4 skb/read-data ...    accepted ~1.246 Mpps, loss 86.152%, cons 1.000, perf cpu 100.0%, 2562.6 cyc/pkt (802.4 ns), oerrors 0
[165/1360] 0.750 Mpps block=2 order=1 native/no-touch ...    accepted ~0.750 Mpps, loss 0.000%, cons 1.000, perf cpu 9.5%, 412.0 cyc/pkt (130.5 ns), oerrors 0
[166/1360] 0.750 Mpps block=2 order=2 skb/no-touch ...    accepted ~0.750 Mpps, loss 0.000%, cons 1.000, perf cpu 67.6%, 2843.6 cyc/pkt (906.4 ns), oerrors 0
[167/1360] 0.750 Mpps block=2 order=3 skb/read-data ...    accepted ~0.750 Mpps, loss 0.000%, cons 1.000, perf cpu 67.9%, 2853.4 cyc/pkt (909.8 ns), oerrors 0
[168/1360] 0.750 Mpps block=2 order=4 native/read-data ...    accepted ~0.750 Mpps, loss 0.000%, cons 1.000, perf cpu 10.5%, 455.8 cyc/pkt (144.2 ns), oerrors 0
[169/1360] 5.500 Mpps block=2 order=1 native/no-touch ...    accepted ~5.500 Mpps, loss 0.000%, cons 1.000, perf cpu 67.9%, 366.3 cyc/pkt (126.0 ns), oerrors 0
[170/1360] 5.500 Mpps block=2 order=2 skb/read-data ...    accepted ~1.247 Mpps, loss 77.319%, cons 1.000, perf cpu 100.0%, 2560.3 cyc/pkt (801.6 ns), oerrors 0
[171/1360] 5.500 Mpps block=2 order=3 skb/no-touch ...    accepted ~1.250 Mpps, loss 77.276%, cons 1.000, perf cpu 100.0%, 2555.5 cyc/pkt (800.1 ns), oerrors 0
[172/1360] 5.500 Mpps block=2 order=4 native/read-data ...    accepted ~5.500 Mpps, loss 0.000%, cons 1.000, perf cpu 72.7%, 392.3 cyc/pkt (134.4 ns), oerrors 0
[173/1360] 7.000 Mpps block=2 order=1 native/read-data ...    accepted ~7.000 Mpps, loss 0.000%, cons 1.000, perf cpu 81.9%, 347.0 cyc/pkt (118.5 ns), oerrors 0
[174/1360] 7.000 Mpps block=2 order=2 skb/read-data ...    accepted ~1.244 Mpps, loss 82.230%, cons 1.000, perf cpu 100.0%, 2567.6 cyc/pkt (803.9 ns), oerrors 0
[175/1360] 7.000 Mpps block=2 order=3 native/no-touch ...    accepted ~7.000 Mpps, loss 0.000%, cons 1.000, perf cpu 76.1%, 321.4 cyc/pkt (110.5 ns), oerrors 0
[176/1360] 7.000 Mpps block=2 order=4 skb/no-touch ...    accepted ~1.250 Mpps, loss 82.146%, cons 1.000, perf cpu 100.0%, 2555.5 cyc/pkt (800.1 ns), oerrors 0
[177/1360] 9.500 Mpps block=2 order=1 skb/read-data ...    accepted ~1.243 Mpps, loss 86.918%, cons 1.000, perf cpu 100.0%, 2569.8 cyc/pkt (804.6 ns), oerrors 0
[178/1360] 9.500 Mpps block=2 order=2 native/read-data ...    accepted ~9.500 Mpps, loss 0.000%, cons 1.000, perf cpu 91.8%, 296.7 cyc/pkt (97.1 ns), oerrors 0
[179/1360] 9.500 Mpps block=2 order=3 skb/no-touch ...    accepted ~1.246 Mpps, loss 86.885%, cons 1.000, perf cpu 100.0%, 2563.2 cyc/pkt (802.6 ns), oerrors 0
[180/1360] 9.500 Mpps block=2 order=4 native/no-touch ...    accepted ~9.500 Mpps, loss 0.000%, cons 1.000, perf cpu 83.7%, 265.3 cyc/pkt (88.8 ns), oerrors 0
[181/1360] 11.000 Mpps block=2 order=1 native/read-data ...    accepted ~11.000 Mpps, loss 0.000%, cons 1.000, perf cpu 98.6%, 281.3 cyc/pkt (89.7 ns), oerrors 0
[182/1360] 11.000 Mpps block=2 order=2 skb/no-touch ...    accepted ~1.247 Mpps, loss 88.668%, cons 1.000, perf cpu 100.0%, 2562.2 cyc/pkt (802.2 ns), oerrors 0
[183/1360] 11.000 Mpps block=2 order=3 native/no-touch ...    accepted ~11.000 Mpps, loss 0.000%, cons 1.000, perf cpu 90.4%, 252.3 cyc/pkt (82.6 ns), oerrors 0
[184/1360] 11.000 Mpps block=2 order=4 skb/read-data ...    accepted ~1.243 Mpps, loss 88.702%, cons 1.000, perf cpu 100.0%, 2569.9 cyc/pkt (804.6 ns), oerrors 0
[185/1360] 6.000 Mpps block=2 order=1 skb/no-touch ...    accepted ~1.249 Mpps, loss 79.185%, cons 1.000, perf cpu 100.0%, 2557.2 cyc/pkt (800.7 ns), oerrors 0
[186/1360] 6.000 Mpps block=2 order=2 native/no-touch ...    accepted ~6.000 Mpps, loss 0.000%, cons 1.000, perf cpu 68.4%, 338.5 cyc/pkt (116.1 ns), oerrors 0
[187/1360] 6.000 Mpps block=2 order=3 native/read-data ...    accepted ~6.000 Mpps, loss 0.000%, cons 1.000, perf cpu 83.3%, 412.3 cyc/pkt (140.2 ns), oerrors 0
[188/1360] 6.000 Mpps block=2 order=4 skb/read-data ...    accepted ~1.246 Mpps, loss 79.232%, cons 1.000, perf cpu 100.0%, 2563.1 cyc/pkt (802.5 ns), oerrors 0
[189/1360] 4.000 Mpps block=2 order=1 native/read-data ...    accepted ~4.000 Mpps, loss 0.000%, cons 1.000, perf cpu 63.9%, 475.4 cyc/pkt (162.8 ns), oerrors 0
[190/1360] 4.000 Mpps block=2 order=2 skb/no-touch ...    accepted ~1.247 Mpps, loss 68.814%, cons 1.000, perf cpu 100.0%, 2560.2 cyc/pkt (801.6 ns), oerrors 0
[191/1360] 4.000 Mpps block=2 order=3 skb/read-data ...    accepted ~1.243 Mpps, loss 68.932%, cons 1.000, perf cpu 100.0%, 2570.0 cyc/pkt (804.7 ns), oerrors 0
[192/1360] 4.000 Mpps block=2 order=4 native/no-touch ...    accepted ~4.000 Mpps, loss 0.000%, cons 1.000, perf cpu 50.1%, 375.0 cyc/pkt (128.6 ns), oerrors 0
[193/1360] 11.500 Mpps block=2 order=1 skb/no-touch ...    accepted ~1.251 Mpps, loss 89.118%, cons 1.000, perf cpu 100.0%, 2552.0 cyc/pkt (799.0 ns), oerrors 0
[194/1360] 11.500 Mpps block=2 order=2 native/read-data ...    accepted ~8.443 Mpps, loss 26.585%, cons 1.000, perf cpu 100.0%, 378.1 cyc/pkt (118.4 ns), oerrors 0
[195/1360] 11.500 Mpps block=2 order=3 native/no-touch ...    accepted ~11.500 Mpps, loss 0.000%, cons 1.000, perf cpu 93.0%, 248.9 cyc/pkt (81.2 ns), oerrors 0
[196/1360] 11.500 Mpps block=2 order=4 skb/read-data ...    accepted ~1.249 Mpps, loss 89.142%, cons 1.000, perf cpu 100.0%, 2557.7 cyc/pkt (800.8 ns), oerrors 0
[197/1360] 10.000 Mpps block=2 order=1 skb/no-touch ...    accepted ~1.248 Mpps, loss 87.524%, cons 1.000, perf cpu 100.0%, 2560.0 cyc/pkt (801.5 ns), oerrors 0
[198/1360] 10.000 Mpps block=2 order=2 skb/read-data ...    accepted ~1.248 Mpps, loss 87.523%, cons 1.000, perf cpu 100.0%, 2559.6 cyc/pkt (801.4 ns), oerrors 0
[199/1360] 10.000 Mpps block=2 order=3 native/read-data ...    accepted ~8.554 Mpps, loss 14.457%, cons 1.000, perf cpu 100.0%, 373.0 cyc/pkt (116.9 ns), oerrors 0
[200/1360] 10.000 Mpps block=2 order=4 native/no-touch ...    accepted ~10.000 Mpps, loss 0.000%, cons 1.000, perf cpu 85.7%, 259.5 cyc/pkt (86.3 ns), oerrors 0
[201/1360] 8.500 Mpps block=2 order=1 native/read-data ...    accepted ~8.500 Mpps, loss 0.000%, cons 1.000, perf cpu 92.2%, 330.1 cyc/pkt (108.9 ns), oerrors 0
[202/1360] 8.500 Mpps block=2 order=2 skb/no-touch ...    accepted ~1.248 Mpps, loss 85.320%, cons 1.000, perf cpu 100.0%, 2559.5 cyc/pkt (801.4 ns), oerrors 0
[203/1360] 8.500 Mpps block=2 order=3 native/no-touch ...    accepted ~8.500 Mpps, loss 0.000%, cons 1.000, perf cpu 81.2%, 285.2 cyc/pkt (96.6 ns), oerrors 0
[204/1360] 8.500 Mpps block=2 order=4 skb/read-data ...    accepted ~1.242 Mpps, loss 85.382%, cons 1.000, perf cpu 100.0%, 2570.6 cyc/pkt (804.9 ns), oerrors 0
[205/1360] 14.881 Mpps block=2 order=1 native/no-touch ...    accepted ~14.286 Mpps, loss 3.995%, cons 1.000, perf cpu 100.0%, 223.6 cyc/pkt (70.0 ns), oerrors 0
[206/1360] 14.881 Mpps block=2 order=2 skb/no-touch ...    accepted ~1.245 Mpps, loss 91.615%, cons 1.000, perf cpu 100.0%, 2565.8 cyc/pkt (803.4 ns), oerrors 0
[207/1360] 14.881 Mpps block=2 order=3 skb/read-data ...    accepted ~1.239 Mpps, loss 91.669%, cons 1.000, perf cpu 100.0%, 2576.8 cyc/pkt (806.8 ns), oerrors 0
[208/1360] 14.881 Mpps block=2 order=4 native/read-data ...    accepted ~9.388 Mpps, loss 36.910%, cons 1.000, perf cpu 100.0%, 340.1 cyc/pkt (106.5 ns), oerrors 0
[209/1360] 14.881 Mpps block=2 order=1 native/no-touch (no counters) ...    accepted ~14.290 Mpps, loss 3.966%, cons 1.000, perf cpu 0.0%, 0.0 cyc/pkt (0.0 ns), oerrors 0
[210/1360] 14.881 Mpps block=2 order=2 skb/no-touch (no counters) ...    accepted ~1.243 Mpps, loss 91.646%, cons 1.000, perf cpu 0.0%, 0.0 cyc/pkt (0.0 ns), oerrors 0
[211/1360] 14.881 Mpps block=2 order=3 skb/read-data (no counters) ...    accepted ~1.244 Mpps, loss 91.625%, cons 1.000, perf cpu 0.0%, 0.0 cyc/pkt (0.0 ns), oerrors 0
[212/1360] 14.881 Mpps block=2 order=4 native/read-data (no counters) ...    accepted ~8.366 Mpps, loss 43.780%, cons 1.000, perf cpu 0.0%, 0.0 cyc/pkt (0.0 ns), oerrors 0
[213/1360] 12.000 Mpps block=2 order=1 native/read-data ...    accepted ~10.960 Mpps, loss 8.669%, cons 1.000, perf cpu 100.0%, 291.4 cyc/pkt (91.2 ns), oerrors 0
[214/1360] 12.000 Mpps block=2 order=2 skb/read-data ...    accepted ~1.249 Mpps, loss 89.593%, cons 1.000, perf cpu 100.0%, 2557.3 cyc/pkt (800.7 ns), oerrors 0
[215/1360] 12.000 Mpps block=2 order=3 skb/no-touch ...    accepted ~1.252 Mpps, loss 89.565%, cons 1.000, perf cpu 100.0%, 2550.5 cyc/pkt (798.6 ns), oerrors 0
[216/1360] 12.000 Mpps block=2 order=4 native/no-touch ...    accepted ~12.000 Mpps, loss 0.000%, cons 1.000, perf cpu 95.0%, 246.0 cyc/pkt (79.4 ns), oerrors 0
[217/1360] 12.500 Mpps block=2 order=1 native/read-data ...    accepted ~8.333 Mpps, loss 33.337%, cons 1.000, perf cpu 100.0%, 383.0 cyc/pkt (120.0 ns), oerrors 0
[218/1360] 12.500 Mpps block=2 order=2 native/no-touch ...    accepted ~12.500 Mpps, loss 0.000%, cons 1.000, perf cpu 97.9%, 244.9 cyc/pkt (78.5 ns), oerrors 0
[219/1360] 12.500 Mpps block=2 order=3 skb/no-touch ...    accepted ~1.247 Mpps, loss 89.971%, cons 1.000, perf cpu 100.0%, 2561.8 cyc/pkt (802.1 ns), oerrors 0
[220/1360] 12.500 Mpps block=2 order=4 skb/read-data ...    accepted ~1.222 Mpps, loss 90.207%, cons 1.000, perf cpu 100.0%, 2614.2 cyc/pkt (818.5 ns), oerrors 0
[221/1360] 1.500 Mpps block=2 order=1 skb/read-data ...    accepted ~1.240 Mpps, loss 17.348%, cons 1.000, perf cpu 100.0%, 2576.1 cyc/pkt (806.6 ns), oerrors 0
[222/1360] 1.500 Mpps block=2 order=2 native/read-data ...    accepted ~1.500 Mpps, loss 0.000%, cons 1.000, perf cpu 26.7%, 573.1 cyc/pkt (181.8 ns), oerrors 0
[223/1360] 1.500 Mpps block=2 order=3 skb/no-touch ...    accepted ~1.241 Mpps, loss 17.245%, cons 1.000, perf cpu 100.0%, 2572.9 cyc/pkt (805.6 ns), oerrors 0
[224/1360] 1.500 Mpps block=2 order=4 native/no-touch ...    accepted ~1.500 Mpps, loss 0.000%, cons 1.000, perf cpu 19.8%, 426.8 cyc/pkt (135.6 ns), oerrors 0
[225/1360] 10.500 Mpps block=2 order=1 skb/read-data ...    accepted ~1.246 Mpps, loss 88.123%, cons 1.000, perf cpu 100.0%, 2563.1 cyc/pkt (802.5 ns), oerrors 0
[226/1360] 10.500 Mpps block=2 order=2 skb/no-touch ...    accepted ~1.250 Mpps, loss 88.065%, cons 1.000, perf cpu 100.0%, 2555.2 cyc/pkt (800.0 ns), oerrors 0
[227/1360] 10.500 Mpps block=2 order=3 native/no-touch ...    accepted ~10.499 Mpps, loss 0.000%, cons 1.000, perf cpu 88.8%, 254.4 cyc/pkt (85.1 ns), oerrors 0
[228/1360] 10.500 Mpps block=2 order=4 native/read-data ...    accepted ~10.500 Mpps, loss 0.000%, cons 1.000, perf cpu 94.0%, 275.4 cyc/pkt (89.8 ns), oerrors 0
[229/1360] 2.500 Mpps block=2 order=1 skb/read-data ...    accepted ~1.242 Mpps, loss 50.312%, cons 1.000, perf cpu 100.0%, 2571.2 cyc/pkt (805.1 ns), oerrors 0
[230/1360] 2.500 Mpps block=2 order=2 skb/no-touch ...    accepted ~1.247 Mpps, loss 50.101%, cons 1.000, perf cpu 100.0%, 2560.3 cyc/pkt (801.6 ns), oerrors 0
[231/1360] 2.500 Mpps block=2 order=3 native/no-touch ...    accepted ~2.500 Mpps, loss 0.000%, cons 1.000, perf cpu 36.2%, 452.5 cyc/pkt (148.9 ns), oerrors 0
[232/1360] 2.500 Mpps block=2 order=4 native/read-data ...    accepted ~2.500 Mpps, loss 0.000%, cons 1.000, perf cpu 38.9%, 482.7 cyc/pkt (159.3 ns), oerrors 0
[233/1360] 3.000 Mpps block=2 order=1 native/no-touch ...    accepted ~3.000 Mpps, loss 0.000%, cons 1.000, perf cpu 42.0%, 430.2 cyc/pkt (143.7 ns), oerrors 0
[234/1360] 3.000 Mpps block=2 order=2 skb/no-touch ...    accepted ~1.244 Mpps, loss 58.541%, cons 1.000, perf cpu 100.0%, 2567.8 cyc/pkt (804.0 ns), oerrors 0
[235/1360] 3.000 Mpps block=2 order=3 skb/read-data ...    accepted ~1.239 Mpps, loss 58.707%, cons 1.000, perf cpu 100.0%, 2578.6 cyc/pkt (807.4 ns), oerrors 0
[236/1360] 3.000 Mpps block=2 order=4 native/read-data ...    accepted ~3.000 Mpps, loss 0.000%, cons 1.000, perf cpu 54.6%, 543.3 cyc/pkt (185.7 ns), oerrors 0
[237/1360] 3.500 Mpps block=2 order=1 skb/no-touch ...    accepted ~1.247 Mpps, loss 64.351%, cons 1.000, perf cpu 100.0%, 2560.3 cyc/pkt (801.6 ns), oerrors 0
[238/1360] 3.500 Mpps block=2 order=2 native/read-data ...    accepted ~3.500 Mpps, loss 0.000%, cons 1.000, perf cpu 54.9%, 471.4 cyc/pkt (160.2 ns), oerrors 0
[239/1360] 3.500 Mpps block=2 order=3 native/no-touch ...    accepted ~3.500 Mpps, loss 0.000%, cons 1.000, perf cpu 48.5%, 420.5 cyc/pkt (142.0 ns), oerrors 0
[240/1360] 3.500 Mpps block=2 order=4 skb/read-data ...    accepted ~1.246 Mpps, loss 64.409%, cons 1.000, perf cpu 100.0%, 2563.9 cyc/pkt (802.8 ns), oerrors 0
[241/1360] 4.500 Mpps block=2 order=1 skb/no-touch ...    accepted ~1.247 Mpps, loss 72.293%, cons 1.000, perf cpu 100.0%, 2561.6 cyc/pkt (802.0 ns), oerrors 0
[242/1360] 4.500 Mpps block=2 order=2 skb/read-data ...    accepted ~1.245 Mpps, loss 72.337%, cons 1.000, perf cpu 100.0%, 2565.6 cyc/pkt (803.3 ns), oerrors 0
[243/1360] 4.500 Mpps block=2 order=3 native/no-touch ...    accepted ~4.500 Mpps, loss 0.000%, cons 1.000, perf cpu 60.6%, 400.9 cyc/pkt (137.8 ns), oerrors 0
[244/1360] 4.500 Mpps block=2 order=4 native/read-data ...    accepted ~4.500 Mpps, loss 0.000%, cons 1.000, perf cpu 77.3%, 506.6 cyc/pkt (174.5 ns), oerrors 0
[245/1360] 13.500 Mpps block=2 order=1 native/no-touch ...    accepted ~13.498 Mpps, loss 0.000%, cons 1.000, perf cpu 99.2%, 232.7 cyc/pkt (73.5 ns), oerrors 0
[246/1360] 13.500 Mpps block=2 order=2 skb/read-data ...    accepted ~1.240 Mpps, loss 90.784%, cons 1.000, perf cpu 100.0%, 2575.3 cyc/pkt (806.3 ns), oerrors 0
[247/1360] 13.500 Mpps block=2 order=3 skb/no-touch ...    accepted ~1.245 Mpps, loss 90.731%, cons 1.000, perf cpu 100.0%, 2564.8 cyc/pkt (803.0 ns), oerrors 0
[248/1360] 13.500 Mpps block=2 order=4 native/read-data ...    accepted ~8.556 Mpps, loss 36.560%, cons 1.000, perf cpu 100.0%, 373.1 cyc/pkt (116.9 ns), oerrors 0
[249/1360] 14.000 Mpps block=2 order=1 skb/no-touch ...    accepted ~1.251 Mpps, loss 91.032%, cons 1.000, perf cpu 100.0%, 2553.6 cyc/pkt (799.6 ns), oerrors 0
[250/1360] 14.000 Mpps block=2 order=2 skb/read-data ...    accepted ~1.242 Mpps, loss 91.035%, cons 1.000, perf cpu 100.0%, 2571.5 cyc/pkt (805.1 ns), oerrors 0
[251/1360] 14.000 Mpps block=2 order=3 native/no-touch ...    accepted ~13.994 Mpps, loss 0.000%, cons 1.000, perf cpu 99.7%, 227.2 cyc/pkt (71.3 ns), oerrors 0
[252/1360] 14.000 Mpps block=2 order=4 native/read-data ...    accepted ~8.419 Mpps, loss 39.733%, cons 1.000, perf cpu 100.0%, 379.1 cyc/pkt (118.8 ns), oerrors 0
[253/1360] 14.000 Mpps block=2 order=1 native/read-data (no counters) ...    accepted ~8.275 Mpps, loss 40.856%, cons 1.000, perf cpu 0.0%, 0.0 cyc/pkt (0.0 ns), oerrors 0
[254/1360] 14.000 Mpps block=2 order=2 skb/read-data (no counters) ...    accepted ~1.245 Mpps, loss 91.046%, cons 1.000, perf cpu 0.0%, 0.0 cyc/pkt (0.0 ns), oerrors 0
[255/1360] 14.000 Mpps block=2 order=3 skb/no-touch (no counters) ...    accepted ~1.246 Mpps, loss 91.069%, cons 1.000, perf cpu 0.0%, 0.0 cyc/pkt (0.0 ns), oerrors 0
[256/1360] 14.000 Mpps block=2 order=4 native/no-touch (no counters) ...    accepted ~13.989 Mpps, loss 0.000%, cons 1.000, perf cpu 0.0%, 0.0 cyc/pkt (0.0 ns), oerrors 0
[257/1360] 2.000 Mpps block=2 order=1 native/read-data ...    accepted ~2.000 Mpps, loss 0.000%, cons 1.000, perf cpu 28.8%, 462.6 cyc/pkt (147.6 ns), oerrors 0
[258/1360] 2.000 Mpps block=2 order=2 skb/read-data ...    accepted ~1.245 Mpps, loss 37.732%, cons 1.000, perf cpu 100.0%, 2564.6 cyc/pkt (803.0 ns), oerrors 0
[259/1360] 2.000 Mpps block=2 order=3 native/no-touch ...    accepted ~2.000 Mpps, loss 0.000%, cons 1.000, perf cpu 26.0%, 418.3 cyc/pkt (133.3 ns), oerrors 0
[260/1360] 2.000 Mpps block=2 order=4 skb/no-touch ...    accepted ~1.248 Mpps, loss 37.583%, cons 1.000, perf cpu 100.0%, 2558.4 cyc/pkt (801.1 ns), oerrors 0
[261/1360] 7.500 Mpps block=2 order=1 native/read-data ...    accepted ~7.500 Mpps, loss 0.000%, cons 1.000, perf cpu 86.7%, 344.4 cyc/pkt (116.5 ns), oerrors 0
[262/1360] 7.500 Mpps block=2 order=2 native/no-touch ...    accepted ~7.500 Mpps, loss 0.000%, cons 1.000, perf cpu 79.2%, 311.5 cyc/pkt (107.3 ns), oerrors 0
[263/1360] 7.500 Mpps block=2 order=3 skb/no-touch ...    accepted ~1.251 Mpps, loss 83.314%, cons 1.000, perf cpu 100.0%, 2552.0 cyc/pkt (799.1 ns), oerrors 0
[264/1360] 7.500 Mpps block=2 order=4 skb/read-data ...    accepted ~1.243 Mpps, loss 83.425%, cons 1.000, perf cpu 100.0%, 2569.1 cyc/pkt (804.4 ns), oerrors 0
[265/1360] 5.000 Mpps block=2 order=1 skb/no-touch ...    accepted ~1.251 Mpps, loss 74.983%, cons 1.000, perf cpu 100.0%, 2553.3 cyc/pkt (799.4 ns), oerrors 0
[266/1360] 5.000 Mpps block=2 order=2 native/no-touch ...    accepted ~5.000 Mpps, loss 0.000%, cons 1.000, perf cpu 65.4%, 386.7 cyc/pkt (133.8 ns), oerrors 0
[267/1360] 5.000 Mpps block=2 order=3 native/read-data ...    accepted ~5.000 Mpps, loss 0.000%, cons 1.000, perf cpu 81.3%, 474.2 cyc/pkt (164.7 ns), oerrors 0
[268/1360] 5.000 Mpps block=2 order=4 skb/read-data ...    accepted ~1.246 Mpps, loss 75.076%, cons 1.000, perf cpu 100.0%, 2562.8 cyc/pkt (802.4 ns), oerrors 0
[269/1360] 0.500 Mpps block=2 order=1 skb/read-data ...    accepted ~0.500 Mpps, loss 0.000%, cons 1.000, perf cpu 43.8%, 2802.0 cyc/pkt (880.4 ns), oerrors 0
[270/1360] 0.500 Mpps block=2 order=2 skb/no-touch ...    accepted ~0.500 Mpps, loss 0.000%, cons 1.000, perf cpu 43.7%, 2793.7 cyc/pkt (877.9 ns), oerrors 0
[271/1360] 0.500 Mpps block=2 order=3 native/no-touch ...    accepted ~0.500 Mpps, loss 0.000%, cons 1.000, perf cpu 6.0%, 392.2 cyc/pkt (124.1 ns), oerrors 0
[272/1360] 0.500 Mpps block=2 order=4 native/read-data ...    accepted ~0.500 Mpps, loss 0.000%, cons 1.000, perf cpu 6.6%, 425.9 cyc/pkt (134.7 ns), oerrors 0
[273/1360] 2.500 Mpps block=3 order=1 native/no-touch ...    accepted ~2.500 Mpps, loss 0.000%, cons 1.000, perf cpu 36.3%, 452.6 cyc/pkt (149.3 ns), oerrors 0
[274/1360] 2.500 Mpps block=3 order=2 native/read-data ...    accepted ~2.500 Mpps, loss 0.000%, cons 1.000, perf cpu 47.2%, 575.8 cyc/pkt (192.8 ns), oerrors 0
[275/1360] 2.500 Mpps block=3 order=3 skb/read-data ...    accepted ~1.244 Mpps, loss 50.238%, cons 1.000, perf cpu 100.0%, 2567.2 cyc/pkt (803.8 ns), oerrors 0
[276/1360] 2.500 Mpps block=3 order=4 skb/no-touch ...    accepted ~1.243 Mpps, loss 50.272%, cons 1.000, perf cpu 100.0%, 2569.0 cyc/pkt (804.4 ns), oerrors 0
[277/1360] 10.500 Mpps block=3 order=1 native/no-touch ...    accepted ~10.500 Mpps, loss 0.000%, cons 1.000, perf cpu 88.4%, 254.5 cyc/pkt (84.8 ns), oerrors 0
[278/1360] 10.500 Mpps block=3 order=2 skb/read-data ...    accepted ~1.246 Mpps, loss 88.133%, cons 1.000, perf cpu 100.0%, 2563.2 cyc/pkt (802.5 ns), oerrors 0
[279/1360] 10.500 Mpps block=3 order=3 native/read-data ...    accepted ~8.888 Mpps, loss 15.351%, cons 1.000, perf cpu 100.0%, 359.1 cyc/pkt (112.5 ns), oerrors 0
[280/1360] 10.500 Mpps block=3 order=4 skb/no-touch ...    accepted ~1.249 Mpps, loss 88.104%, cons 1.000, perf cpu 100.0%, 2557.0 cyc/pkt (800.6 ns), oerrors 0
[281/1360] 1.500 Mpps block=3 order=1 native/read-data ...    accepted ~1.500 Mpps, loss 0.000%, cons 1.000, perf cpu 21.9%, 471.5 cyc/pkt (149.6 ns), oerrors 0
[282/1360] 1.500 Mpps block=3 order=2 native/no-touch ...    accepted ~1.500 Mpps, loss 0.000%, cons 1.000, perf cpu 19.7%, 426.0 cyc/pkt (135.3 ns), oerrors 0
[283/1360] 1.500 Mpps block=3 order=3 skb/read-data ...    accepted ~1.242 Mpps, loss 17.201%, cons 1.000, perf cpu 100.0%, 2571.5 cyc/pkt (805.2 ns), oerrors 0
[284/1360] 1.500 Mpps block=3 order=4 skb/no-touch ...    accepted ~1.243 Mpps, loss 17.153%, cons 1.000, perf cpu 100.0%, 2570.0 cyc/pkt (804.7 ns), oerrors 0
[285/1360] 8.500 Mpps block=3 order=1 skb/no-touch ...    accepted ~1.243 Mpps, loss 85.374%, cons 1.000, perf cpu 100.0%, 2569.0 cyc/pkt (804.4 ns), oerrors 0
[286/1360] 8.500 Mpps block=3 order=2 skb/read-data ...    accepted ~1.239 Mpps, loss 85.427%, cons 1.000, perf cpu 100.0%, 2578.3 cyc/pkt (807.3 ns), oerrors 0
[287/1360] 8.500 Mpps block=3 order=3 native/no-touch ...    accepted ~8.500 Mpps, loss 0.000%, cons 1.000, perf cpu 81.2%, 284.7 cyc/pkt (96.6 ns), oerrors 0
[288/1360] 8.500 Mpps block=3 order=4 native/read-data ...    accepted ~8.500 Mpps, loss 0.000%, cons 1.000, perf cpu 86.4%, 305.3 cyc/pkt (102.3 ns), oerrors 0
[289/1360] 10.000 Mpps block=3 order=1 skb/read-data ...    accepted ~1.247 Mpps, loss 87.533%, cons 1.000, perf cpu 100.0%, 2561.8 cyc/pkt (802.1 ns), oerrors 0
[290/1360] 10.000 Mpps block=3 order=2 skb/no-touch ...    accepted ~1.249 Mpps, loss 87.510%, cons 1.000, perf cpu 100.0%, 2557.0 cyc/pkt (800.6 ns), oerrors 0
[291/1360] 10.000 Mpps block=3 order=3 native/read-data ...    accepted ~9.671 Mpps, loss 3.293%, cons 1.000, perf cpu 100.0%, 330.2 cyc/pkt (103.4 ns), oerrors 0
[292/1360] 10.000 Mpps block=3 order=4 native/no-touch ...    accepted ~10.000 Mpps, loss 0.000%, cons 1.000, perf cpu 85.8%, 259.2 cyc/pkt (86.4 ns), oerrors 0
[293/1360] 8.000 Mpps block=3 order=1 native/read-data ...    accepted ~8.000 Mpps, loss 0.000%, cons 1.000, perf cpu 86.6%, 322.2 cyc/pkt (109.1 ns), oerrors 0
[294/1360] 8.000 Mpps block=3 order=2 skb/read-data ...    accepted ~1.248 Mpps, loss 84.406%, cons 1.000, perf cpu 100.0%, 2560.1 cyc/pkt (801.6 ns), oerrors 0
[295/1360] 8.000 Mpps block=3 order=3 native/no-touch ...    accepted ~8.000 Mpps, loss 0.000%, cons 1.000, perf cpu 80.6%, 298.1 cyc/pkt (102.1 ns), oerrors 0
[296/1360] 8.000 Mpps block=3 order=4 skb/no-touch ...    accepted ~1.244 Mpps, loss 84.452%, cons 1.000, perf cpu 100.0%, 2567.7 cyc/pkt (804.0 ns), oerrors 0
[297/1360] 7.500 Mpps block=3 order=1 native/read-data ...    accepted ~7.500 Mpps, loss 0.000%, cons 1.000, perf cpu 91.8%, 370.6 cyc/pkt (122.9 ns), oerrors 0
[298/1360] 7.500 Mpps block=3 order=2 skb/read-data ...    accepted ~1.234 Mpps, loss 83.544%, cons 1.000, perf cpu 100.0%, 2587.8 cyc/pkt (810.2 ns), oerrors 0
[299/1360] 7.500 Mpps block=3 order=3 skb/no-touch ...    accepted ~1.238 Mpps, loss 83.497%, cons 1.000, perf cpu 100.0%, 2580.4 cyc/pkt (807.9 ns), oerrors 0
[300/1360] 7.500 Mpps block=3 order=4 native/no-touch ...    accepted ~7.500 Mpps, loss 0.000%, cons 1.000, perf cpu 79.4%, 309.4 cyc/pkt (107.5 ns), oerrors 0
[301/1360] 9.000 Mpps block=3 order=1 native/read-data ...    accepted ~9.000 Mpps, loss 0.000%, cons 1.000, perf cpu 89.8%, 298.8 cyc/pkt (100.3 ns), oerrors 0
[302/1360] 9.000 Mpps block=3 order=2 skb/read-data ...    accepted ~1.240 Mpps, loss 86.221%, cons 1.000, perf cpu 100.0%, 2575.2 cyc/pkt (806.3 ns), oerrors 0
[303/1360] 9.000 Mpps block=3 order=3 native/no-touch ...    accepted ~9.000 Mpps, loss 0.000%, cons 1.000, perf cpu 82.4%, 272.2 cyc/pkt (92.4 ns), oerrors 0
[304/1360] 9.000 Mpps block=3 order=4 skb/no-touch ...    accepted ~1.253 Mpps, loss 86.078%, cons 1.000, perf cpu 100.0%, 2548.9 cyc/pkt (798.1 ns), oerrors 0
[305/1360] 0.750 Mpps block=3 order=1 native/read-data ...    accepted ~0.750 Mpps, loss 0.000%, cons 1.000, perf cpu 11.1%, 480.0 cyc/pkt (151.9 ns), oerrors 0
[306/1360] 0.750 Mpps block=3 order=2 native/no-touch ...    accepted ~0.750 Mpps, loss 0.000%, cons 1.000, perf cpu 9.5%, 412.4 cyc/pkt (130.7 ns), oerrors 0
[307/1360] 0.750 Mpps block=3 order=3 skb/no-touch ...    accepted ~0.750 Mpps, loss 0.000%, cons 1.000, perf cpu 67.7%, 2843.6 cyc/pkt (907.3 ns), oerrors 0
[308/1360] 0.750 Mpps block=3 order=4 skb/read-data ...    accepted ~0.750 Mpps, loss 0.000%, cons 1.000, perf cpu 67.8%, 2847.5 cyc/pkt (908.4 ns), oerrors 0
[309/1360] 6.500 Mpps block=3 order=1 native/no-touch ...    accepted ~6.500 Mpps, loss 0.000%, cons 1.000, perf cpu 72.8%, 333.0 cyc/pkt (113.9 ns), oerrors 0
[310/1360] 6.500 Mpps block=3 order=2 native/read-data ...    accepted ~6.500 Mpps, loss 0.000%, cons 1.000, perf cpu 84.0%, 381.7 cyc/pkt (130.5 ns), oerrors 0
[311/1360] 6.500 Mpps block=3 order=3 skb/read-data ...    accepted ~1.250 Mpps, loss 80.777%, cons 1.000, perf cpu 100.0%, 2555.9 cyc/pkt (800.3 ns), oerrors 0
[312/1360] 6.500 Mpps block=3 order=4 skb/no-touch ...    accepted ~1.248 Mpps, loss 80.807%, cons 1.000, perf cpu 100.0%, 2560.0 cyc/pkt (801.6 ns), oerrors 0
[313/1360] 11.500 Mpps block=3 order=1 native/no-touch ...    accepted ~11.500 Mpps, loss 0.000%, cons 1.000, perf cpu 92.9%, 248.7 cyc/pkt (81.1 ns), oerrors 0
[314/1360] 11.500 Mpps block=3 order=2 skb/read-data ...    accepted ~1.244 Mpps, loss 89.186%, cons 1.000, perf cpu 100.0%, 2568.3 cyc/pkt (804.1 ns), oerrors 0
[315/1360] 11.500 Mpps block=3 order=3 native/read-data ...    accepted ~11.500 Mpps, loss 0.000%, cons 1.000, perf cpu 99.4%, 274.4 cyc/pkt (86.5 ns), oerrors 0
[316/1360] 11.500 Mpps block=3 order=4 skb/no-touch ...    accepted ~1.245 Mpps, loss 89.177%, cons 1.000, perf cpu 100.0%, 2565.9 cyc/pkt (803.4 ns), oerrors 0
[317/1360] 4.500 Mpps block=3 order=1 native/no-touch ...    accepted ~4.500 Mpps, loss 0.000%, cons 1.000, perf cpu 61.0%, 401.8 cyc/pkt (138.6 ns), oerrors 0
[318/1360] 4.500 Mpps block=3 order=2 skb/no-touch ...    accepted ~1.248 Mpps, loss 72.269%, cons 1.000, perf cpu 100.0%, 2559.3 cyc/pkt (801.3 ns), oerrors 0
[319/1360] 4.500 Mpps block=3 order=3 native/read-data ...    accepted ~4.500 Mpps, loss 0.000%, cons 1.000, perf cpu 70.8%, 465.1 cyc/pkt (160.2 ns), oerrors 0
[320/1360] 4.500 Mpps block=3 order=4 skb/read-data ...    accepted ~1.247 Mpps, loss 72.296%, cons 1.000, perf cpu 100.0%, 2561.9 cyc/pkt (802.1 ns), oerrors 0
[321/1360] 6.000 Mpps block=3 order=1 skb/read-data ...    accepted ~1.244 Mpps, loss 79.266%, cons 1.000, perf cpu 100.0%, 2567.2 cyc/pkt (803.8 ns), oerrors 0
[322/1360] 6.000 Mpps block=3 order=2 native/read-data ...    accepted ~6.000 Mpps, loss 0.000%, cons 1.000, perf cpu 81.8%, 402.2 cyc/pkt (138.0 ns), oerrors 0
[323/1360] 6.000 Mpps block=3 order=3 native/no-touch ...    accepted ~6.000 Mpps, loss 0.000%, cons 1.000, perf cpu 66.2%, 329.1 cyc/pkt (112.5 ns), oerrors 0
[324/1360] 6.000 Mpps block=3 order=4 skb/no-touch ...    accepted ~1.245 Mpps, loss 79.251%, cons 1.000, perf cpu 100.0%, 2565.4 cyc/pkt (803.2 ns), oerrors 0
[325/1360] 13.500 Mpps block=3 order=1 native/no-touch ...    accepted ~13.500 Mpps, loss 0.000%, cons 1.000, perf cpu 99.3%, 233.1 cyc/pkt (73.6 ns), oerrors 0
[326/1360] 13.500 Mpps block=3 order=2 native/read-data ...    accepted ~8.547 Mpps, loss 36.689%, cons 1.000, perf cpu 100.0%, 373.4 cyc/pkt (117.0 ns), oerrors 0
[327/1360] 13.500 Mpps block=3 order=3 skb/read-data ...    accepted ~1.241 Mpps, loss 90.805%, cons 1.000, perf cpu 100.0%, 2572.9 cyc/pkt (805.6 ns), oerrors 0
[328/1360] 13.500 Mpps block=3 order=4 skb/no-touch ...    accepted ~1.242 Mpps, loss 90.799%, cons 1.000, perf cpu 100.0%, 2571.3 cyc/pkt (805.1 ns), oerrors 0
[329/1360] 12.000 Mpps block=3 order=1 native/no-touch ...    accepted ~12.000 Mpps, loss 0.000%, cons 1.000, perf cpu 96.1%, 247.3 cyc/pkt (80.3 ns), oerrors 0
[330/1360] 12.000 Mpps block=3 order=2 skb/read-data ...    accepted ~1.244 Mpps, loss 89.633%, cons 1.000, perf cpu 100.0%, 2567.3 cyc/pkt (803.8 ns), oerrors 0
[331/1360] 12.000 Mpps block=3 order=3 native/read-data ...    accepted ~11.965 Mpps, loss 0.291%, cons 1.000, perf cpu 100.0%, 266.9 cyc/pkt (83.6 ns), oerrors 0
[332/1360] 12.000 Mpps block=3 order=4 skb/no-touch ...    accepted ~1.245 Mpps, loss 89.624%, cons 1.000, perf cpu 100.0%, 2565.2 cyc/pkt (803.2 ns), oerrors 0
[333/1360] 14.881 Mpps block=3 order=1 native/no-touch ...    accepted ~14.274 Mpps, loss 4.078%, cons 1.000, perf cpu 100.0%, 223.8 cyc/pkt (70.1 ns), oerrors 0
[334/1360] 14.881 Mpps block=3 order=2 skb/read-data ...    accepted ~1.246 Mpps, loss 91.624%, cons 1.000, perf cpu 100.0%, 2562.9 cyc/pkt (802.5 ns), oerrors 0
[335/1360] 14.881 Mpps block=3 order=3 native/read-data ...    accepted ~11.674 Mpps, loss 21.549%, cons 1.000, perf cpu 100.0%, 273.6 cyc/pkt (85.7 ns), oerrors 0
[336/1360] 14.881 Mpps block=3 order=4 skb/no-touch ...    accepted ~1.244 Mpps, loss 91.638%, cons 1.000, perf cpu 100.0%, 2568.4 cyc/pkt (804.2 ns), oerrors 0
[337/1360] 14.881 Mpps block=3 order=1 skb/read-data (no counters) ...    accepted ~1.240 Mpps, loss 91.657%, cons 1.000, perf cpu 0.0%, 0.0 cyc/pkt (0.0 ns), oerrors 0
[338/1360] 14.881 Mpps block=3 order=2 native/read-data (no counters) ...    accepted ~8.409 Mpps, loss 43.487%, cons 1.000, perf cpu 0.0%, 0.0 cyc/pkt (0.0 ns), oerrors 0
[339/1360] 14.881 Mpps block=3 order=3 skb/no-touch (no counters) ...    accepted ~1.246 Mpps, loss 91.624%, cons 1.000, perf cpu 0.0%, 0.0 cyc/pkt (0.0 ns), oerrors 0
[340/1360] 14.881 Mpps block=3 order=4 native/no-touch (no counters) ...    accepted ~14.228 Mpps, loss 4.386%, cons 1.000, perf cpu 0.0%, 0.0 cyc/pkt (0.0 ns), oerrors 0
[341/1360] 3.500 Mpps block=3 order=1 skb/no-touch ...    accepted ~1.248 Mpps, loss 64.330%, cons 1.000, perf cpu 100.0%, 2558.4 cyc/pkt (801.0 ns), oerrors 0
[342/1360] 3.500 Mpps block=3 order=2 skb/read-data ...    accepted ~1.250 Mpps, loss 64.293%, cons 1.000, perf cpu 100.0%, 2555.6 cyc/pkt (800.2 ns), oerrors 0
[343/1360] 3.500 Mpps block=3 order=3 native/read-data ...    accepted ~3.500 Mpps, loss 0.000%, cons 1.000, perf cpu 53.2%, 455.4 cyc/pkt (155.4 ns), oerrors 0
[344/1360] 3.500 Mpps block=3 order=4 native/no-touch ...    accepted ~3.500 Mpps, loss 0.000%, cons 1.000, perf cpu 46.4%, 399.1 cyc/pkt (136.0 ns), oerrors 0
[345/1360] 0.500 Mpps block=3 order=1 native/read-data ...    accepted ~0.500 Mpps, loss 0.000%, cons 1.000, perf cpu 8.6%, 554.6 cyc/pkt (175.2 ns), oerrors 0
[346/1360] 0.500 Mpps block=3 order=2 skb/no-touch ...    accepted ~0.500 Mpps, loss 0.000%, cons 1.000, perf cpu 43.8%, 2803.1 cyc/pkt (881.0 ns), oerrors 0
[347/1360] 0.500 Mpps block=3 order=3 skb/read-data ...    accepted ~0.500 Mpps, loss 0.000%, cons 1.000, perf cpu 43.8%, 2799.6 cyc/pkt (879.7 ns), oerrors 0
[348/1360] 0.500 Mpps block=3 order=4 native/no-touch ...    accepted ~0.500 Mpps, loss 0.000%, cons 1.000, perf cpu 6.0%, 391.0 cyc/pkt (123.8 ns), oerrors 0
[349/1360] 7.000 Mpps block=3 order=1 native/no-touch ...    accepted ~7.000 Mpps, loss 0.000%, cons 1.000, perf cpu 75.9%, 321.9 cyc/pkt (110.2 ns), oerrors 0
[350/1360] 7.000 Mpps block=3 order=2 native/read-data ...    accepted ~7.000 Mpps, loss 0.000%, cons 1.000, perf cpu 91.2%, 392.1 cyc/pkt (130.9 ns), oerrors 0
[351/1360] 7.000 Mpps block=3 order=3 skb/no-touch ...    accepted ~1.250 Mpps, loss 82.139%, cons 1.000, perf cpu 100.0%, 2555.0 cyc/pkt (800.0 ns), oerrors 0
[352/1360] 7.000 Mpps block=3 order=4 skb/read-data ...    accepted ~1.247 Mpps, loss 82.180%, cons 1.000, perf cpu 100.0%, 2561.4 cyc/pkt (802.0 ns), oerrors 0
[353/1360] 4.000 Mpps block=3 order=1 native/read-data ...    accepted ~4.000 Mpps, loss 0.000%, cons 1.000, perf cpu 61.7%, 456.9 cyc/pkt (157.3 ns), oerrors 0
[354/1360] 4.000 Mpps block=3 order=2 native/no-touch ...    accepted ~4.000 Mpps, loss 0.000%, cons 1.000, perf cpu 54.4%, 403.2 cyc/pkt (139.2 ns), oerrors 0
[355/1360] 4.000 Mpps block=3 order=3 skb/no-touch ...    accepted ~1.244 Mpps, loss 68.909%, cons 1.000, perf cpu 100.0%, 2568.1 cyc/pkt (804.1 ns), oerrors 0
[356/1360] 4.000 Mpps block=3 order=4 skb/read-data ...    accepted ~1.239 Mpps, loss 69.029%, cons 1.000, perf cpu 100.0%, 2578.0 cyc/pkt (807.2 ns), oerrors 0
[357/1360] 9.500 Mpps block=3 order=1 native/no-touch ...    accepted ~9.500 Mpps, loss 0.000%, cons 1.000, perf cpu 83.9%, 264.8 cyc/pkt (89.0 ns), oerrors 0
[358/1360] 9.500 Mpps block=3 order=2 skb/read-data ...    accepted ~1.244 Mpps, loss 86.906%, cons 1.000, perf cpu 100.0%, 2567.5 cyc/pkt (803.9 ns), oerrors 0
[359/1360] 9.500 Mpps block=3 order=3 native/read-data ...    accepted ~9.500 Mpps, loss 0.000%, cons 1.000, perf cpu 98.7%, 325.8 cyc/pkt (104.0 ns), oerrors 0
[360/1360] 9.500 Mpps block=3 order=4 skb/no-touch ...    accepted ~1.246 Mpps, loss 86.883%, cons 1.000, perf cpu 100.0%, 2562.9 cyc/pkt (802.5 ns), oerrors 0
[361/1360] 5.500 Mpps block=3 order=1 skb/no-touch ...    accepted ~1.251 Mpps, loss 77.258%, cons 1.000, perf cpu 100.0%, 2553.4 cyc/pkt (799.5 ns), oerrors 0
[362/1360] 5.500 Mpps block=3 order=2 skb/read-data ...    accepted ~1.248 Mpps, loss 77.302%, cons 1.000, perf cpu 100.0%, 2558.4 cyc/pkt (801.0 ns), oerrors 0
[363/1360] 5.500 Mpps block=3 order=3 native/no-touch ...    accepted ~5.500 Mpps, loss 0.000%, cons 1.000, perf cpu 68.2%, 365.3 cyc/pkt (126.4 ns), oerrors 0
[364/1360] 5.500 Mpps block=3 order=4 native/read-data ...    accepted ~5.500 Mpps, loss 0.000%, cons 1.000, perf cpu 80.5%, 431.4 cyc/pkt (148.3 ns), oerrors 0
[365/1360] 1.000 Mpps block=3 order=1 native/read-data ...    accepted ~1.000 Mpps, loss 0.000%, cons 1.000, perf cpu 14.1%, 455.4 cyc/pkt (144.2 ns), oerrors 0
[366/1360] 1.000 Mpps block=3 order=2 skb/no-touch ...    accepted ~1.000 Mpps, loss 0.000%, cons 1.000, perf cpu 88.4%, 2759.6 cyc/pkt (887.2 ns), oerrors 0
[367/1360] 1.000 Mpps block=3 order=3 native/no-touch ...    accepted ~1.000 Mpps, loss 0.000%, cons 1.000, perf cpu 12.7%, 412.0 cyc/pkt (130.6 ns), oerrors 0
[368/1360] 1.000 Mpps block=3 order=4 skb/read-data ...    accepted ~1.000 Mpps, loss 0.000%, cons 1.000, perf cpu 88.8%, 2771.1 cyc/pkt (891.7 ns), oerrors 0
[369/1360] 11.000 Mpps block=3 order=1 native/no-touch ...    accepted ~11.000 Mpps, loss 0.000%, cons 1.000, perf cpu 90.5%, 251.7 cyc/pkt (82.7 ns), oerrors 0
[370/1360] 11.000 Mpps block=3 order=2 skb/no-touch ...    accepted ~1.249 Mpps, loss 88.645%, cons 1.000, perf cpu 100.0%, 2557.0 cyc/pkt (800.6 ns), oerrors 0
[371/1360] 11.000 Mpps block=3 order=3 native/read-data ...    accepted ~10.988 Mpps, loss 0.107%, cons 1.000, perf cpu 100.0%, 290.6 cyc/pkt (91.0 ns), oerrors 0
[372/1360] 11.000 Mpps block=3 order=4 skb/read-data ...    accepted ~1.244 Mpps, loss 88.695%, cons 1.000, perf cpu 100.0%, 2568.2 cyc/pkt (804.1 ns), oerrors 0
[373/1360] 14.500 Mpps block=3 order=1 skb/read-data ...    accepted ~1.246 Mpps, loss 91.404%, cons 1.000, perf cpu 100.0%, 2562.2 cyc/pkt (802.2 ns), oerrors 0
[374/1360] 14.500 Mpps block=3 order=2 skb/no-touch ...    accepted ~1.247 Mpps, loss 91.397%, cons 1.000, perf cpu 100.0%, 2560.4 cyc/pkt (801.7 ns), oerrors 0
[375/1360] 14.500 Mpps block=3 order=3 native/read-data ...    accepted ~8.574 Mpps, loss 40.872%, cons 1.000, perf cpu 100.0%, 372.1 cyc/pkt (116.6 ns), oerrors 0
[376/1360] 14.500 Mpps block=3 order=4 native/no-touch ...    accepted ~14.308 Mpps, loss 1.322%, cons 1.000, perf cpu 100.0%, 223.2 cyc/pkt (69.9 ns), oerrors 0
[377/1360] 0.250 Mpps block=3 order=1 skb/read-data ...    accepted ~0.250 Mpps, loss 0.000%, cons 1.000, perf cpu 22.4%, 2868.7 cyc/pkt (901.7 ns), oerrors 0
[378/1360] 0.250 Mpps block=3 order=2 skb/no-touch ...    accepted ~0.250 Mpps, loss 0.000%, cons 1.000, perf cpu 22.4%, 2867.2 cyc/pkt (901.1 ns), oerrors 0
[379/1360] 0.250 Mpps block=3 order=3 native/read-data ...    accepted ~0.250 Mpps, loss 0.000%, cons 1.000, perf cpu 5.1%, 667.0 cyc/pkt (210.9 ns), oerrors 0
[380/1360] 0.250 Mpps block=3 order=4 native/no-touch ...    accepted ~0.250 Mpps, loss 0.000%, cons 1.000, perf cpu 4.0%, 523.1 cyc/pkt (165.8 ns), oerrors 0
[381/1360] 5.000 Mpps block=3 order=1 native/read-data ...    accepted ~5.000 Mpps, loss 0.000%, cons 1.000, perf cpu 67.9%, 401.1 cyc/pkt (138.4 ns), oerrors 0
[382/1360] 5.000 Mpps block=3 order=2 skb/no-touch ...    accepted ~1.245 Mpps, loss 75.108%, cons 1.000, perf cpu 100.0%, 2566.1 cyc/pkt (803.5 ns), oerrors 0
[383/1360] 5.000 Mpps block=3 order=3 native/no-touch ...    accepted ~5.000 Mpps, loss 0.000%, cons 1.000, perf cpu 65.7%, 385.8 cyc/pkt (134.4 ns), oerrors 0
[384/1360] 5.000 Mpps block=3 order=4 skb/read-data ...    accepted ~1.243 Mpps, loss 75.133%, cons 1.000, perf cpu 100.0%, 2568.7 cyc/pkt (804.3 ns), oerrors 0
[385/1360] 13.000 Mpps block=3 order=1 native/read-data ...    accepted ~9.972 Mpps, loss 23.291%, cons 1.000, perf cpu 100.0%, 320.2 cyc/pkt (100.3 ns), oerrors 0
[386/1360] 13.000 Mpps block=3 order=2 skb/no-touch ...    accepted ~1.247 Mpps, loss 90.405%, cons 1.000, perf cpu 100.0%, 2560.2 cyc/pkt (801.6 ns), oerrors 0
[387/1360] 13.000 Mpps block=3 order=3 skb/read-data ...    accepted ~1.247 Mpps, loss 90.408%, cons 1.000, perf cpu 100.0%, 2561.5 cyc/pkt (802.0 ns), oerrors 0
[388/1360] 13.000 Mpps block=3 order=4 native/no-touch ...    accepted ~13.000 Mpps, loss 0.000%, cons 1.000, perf cpu 98.6%, 238.5 cyc/pkt (75.9 ns), oerrors 0
[389/1360] 3.000 Mpps block=3 order=1 native/read-data ...    accepted ~3.000 Mpps, loss 0.000%, cons 1.000, perf cpu 52.5%, 522.5 cyc/pkt (178.7 ns), oerrors 0
[390/1360] 3.000 Mpps block=3 order=2 skb/read-data ...    accepted ~1.242 Mpps, loss 58.600%, cons 1.000, perf cpu 100.0%, 2571.5 cyc/pkt (805.2 ns), oerrors 0
[391/1360] 3.000 Mpps block=3 order=3 native/no-touch ...    accepted ~3.000 Mpps, loss 0.000%, cons 1.000, perf cpu 42.2%, 432.0 cyc/pkt (144.2 ns), oerrors 0
[392/1360] 3.000 Mpps block=3 order=4 skb/no-touch ...    accepted ~1.244 Mpps, loss 58.528%, cons 1.000, perf cpu 100.0%, 2567.0 cyc/pkt (803.8 ns), oerrors 0
[393/1360] 12.500 Mpps block=3 order=1 skb/no-touch ...    accepted ~1.243 Mpps, loss 90.053%, cons 1.000, perf cpu 100.0%, 2568.5 cyc/pkt (804.2 ns), oerrors 0
[394/1360] 12.500 Mpps block=3 order=2 skb/read-data ...    accepted ~1.244 Mpps, loss 90.049%, cons 1.000, perf cpu 100.0%, 2567.5 cyc/pkt (803.9 ns), oerrors 0
[395/1360] 12.500 Mpps block=3 order=3 native/read-data ...    accepted ~9.563 Mpps, loss 23.498%, cons 1.000, perf cpu 100.0%, 333.8 cyc/pkt (104.6 ns), oerrors 0
[396/1360] 12.500 Mpps block=3 order=4 native/no-touch ...    accepted ~12.500 Mpps, loss 0.000%, cons 1.000, perf cpu 98.0%, 244.4 cyc/pkt (78.6 ns), oerrors 0
[397/1360] 2.000 Mpps block=3 order=1 native/read-data ...    accepted ~2.000 Mpps, loss 0.000%, cons 1.000, perf cpu 32.4%, 517.9 cyc/pkt (165.6 ns), oerrors 0
[398/1360] 2.000 Mpps block=3 order=2 skb/no-touch ...    accepted ~1.243 Mpps, loss 37.865%, cons 1.000, perf cpu 100.0%, 2570.0 cyc/pkt (804.7 ns), oerrors 0
[399/1360] 2.000 Mpps block=3 order=3 native/no-touch ...    accepted ~2.000 Mpps, loss 0.000%, cons 1.000, perf cpu 26.1%, 419.9 cyc/pkt (133.8 ns), oerrors 0
[400/1360] 2.000 Mpps block=3 order=4 skb/read-data ...    accepted ~1.243 Mpps, loss 37.867%, cons 1.000, perf cpu 100.0%, 2570.1 cyc/pkt (804.7 ns), oerrors 0
[401/1360] 14.000 Mpps block=3 order=1 native/no-touch ...    accepted ~14.000 Mpps, loss 0.000%, cons 1.000, perf cpu 99.8%, 227.5 cyc/pkt (71.3 ns), oerrors 0
[402/1360] 14.000 Mpps block=3 order=2 skb/no-touch ...    accepted ~1.249 Mpps, loss 91.080%, cons 1.000, perf cpu 100.0%, 2557.6 cyc/pkt (800.8 ns), oerrors 0
[403/1360] 14.000 Mpps block=3 order=3 skb/read-data ...    accepted ~1.247 Mpps, loss 91.095%, cons 1.000, perf cpu 100.0%, 2562.0 cyc/pkt (802.2 ns), oerrors 0
[404/1360] 14.000 Mpps block=3 order=4 native/read-data ...    accepted ~8.082 Mpps, loss 42.271%, cons 1.000, perf cpu 100.0%, 394.8 cyc/pkt (123.7 ns), oerrors 0
[405/1360] 14.000 Mpps block=3 order=1 skb/read-data (no counters) ...    accepted ~1.249 Mpps, loss 91.082%, cons 1.000, perf cpu 0.0%, 0.0 cyc/pkt (0.0 ns), oerrors 0
[406/1360] 14.000 Mpps block=3 order=2 skb/no-touch (no counters) ...    accepted ~1.249 Mpps, loss 91.081%, cons 1.000, perf cpu 0.0%, 0.0 cyc/pkt (0.0 ns), oerrors 0
[407/1360] 14.000 Mpps block=3 order=3 native/no-touch (no counters) ...    accepted ~14.000 Mpps, loss 0.000%, cons 1.000, perf cpu 0.0%, 0.0 cyc/pkt (0.0 ns), oerrors 0
[408/1360] 14.000 Mpps block=3 order=4 native/read-data (no counters) ...    accepted ~9.562 Mpps, loss 31.699%, cons 1.000, perf cpu 0.0%, 0.0 cyc/pkt (0.0 ns), oerrors 0
[409/1360] 4.500 Mpps block=4 order=1 native/no-touch ...    accepted ~4.500 Mpps, loss 0.000%, cons 1.000, perf cpu 61.0%, 400.9 cyc/pkt (138.7 ns), oerrors 0
[410/1360] 4.500 Mpps block=4 order=2 skb/no-touch ...    accepted ~1.251 Mpps, loss 72.202%, cons 1.000, perf cpu 100.0%, 2553.2 cyc/pkt (799.4 ns), oerrors 0
[411/1360] 4.500 Mpps block=4 order=3 native/read-data ...    accepted ~4.500 Mpps, loss 0.000%, cons 1.000, perf cpu 69.3%, 454.9 cyc/pkt (156.8 ns), oerrors 0
[412/1360] 4.500 Mpps block=4 order=4 skb/read-data ...    accepted ~1.244 Mpps, loss 72.362%, cons 1.000, perf cpu 100.0%, 2567.8 cyc/pkt (804.0 ns), oerrors 0
[413/1360] 14.000 Mpps block=4 order=1 native/no-touch ...    accepted ~14.000 Mpps, loss 0.000%, cons 1.000, perf cpu 99.9%, 227.5 cyc/pkt (71.3 ns), oerrors 0
[414/1360] 14.000 Mpps block=4 order=2 skb/no-touch ...    accepted ~1.246 Mpps, loss 91.097%, cons 1.000, perf cpu 100.0%, 2562.4 cyc/pkt (802.4 ns), oerrors 0
[415/1360] 14.000 Mpps block=4 order=3 skb/read-data ...    accepted ~1.244 Mpps, loss 91.116%, cons 1.000, perf cpu 100.0%, 2568.1 cyc/pkt (804.1 ns), oerrors 0
[416/1360] 14.000 Mpps block=4 order=4 native/read-data ...    accepted ~11.745 Mpps, loss 16.109%, cons 1.000, perf cpu 100.0%, 271.9 cyc/pkt (85.1 ns), oerrors 0
[417/1360] 14.000 Mpps block=4 order=1 skb/read-data (no counters) ...    accepted ~1.243 Mpps, loss 91.118%, cons 1.000, perf cpu 0.0%, 0.0 cyc/pkt (0.0 ns), oerrors 0
[418/1360] 14.000 Mpps block=4 order=2 skb/no-touch (no counters) ...    accepted ~1.246 Mpps, loss 91.103%, cons 1.000, perf cpu 0.0%, 0.0 cyc/pkt (0.0 ns), oerrors 0
[419/1360] 14.000 Mpps block=4 order=3 native/read-data (no counters) ...    accepted ~8.343 Mpps, loss 40.406%, cons 1.000, perf cpu 0.0%, 0.0 cyc/pkt (0.0 ns), oerrors 0
[420/1360] 14.000 Mpps block=4 order=4 native/no-touch (no counters) ...    accepted ~14.000 Mpps, loss 0.000%, cons 1.000, perf cpu 0.0%, 0.0 cyc/pkt (0.0 ns), oerrors 0
[421/1360] 8.000 Mpps block=4 order=1 native/read-data ...    accepted ~8.000 Mpps, loss 0.000%, cons 1.000, perf cpu 91.1%, 344.9 cyc/pkt (114.5 ns), oerrors 0
[422/1360] 8.000 Mpps block=4 order=2 skb/no-touch ...    accepted ~1.247 Mpps, loss 84.418%, cons 1.000, perf cpu 100.0%, 2562.1 cyc/pkt (802.2 ns), oerrors 0
[423/1360] 8.000 Mpps block=4 order=3 native/no-touch ...    accepted ~8.000 Mpps, loss 0.000%, cons 1.000, perf cpu 81.0%, 298.2 cyc/pkt (102.6 ns), oerrors 0
[424/1360] 8.000 Mpps block=4 order=4 skb/read-data ...    accepted ~1.248 Mpps, loss 84.398%, cons 1.000, perf cpu 100.0%, 2558.9 cyc/pkt (801.2 ns), oerrors 0
[425/1360] 4.000 Mpps block=4 order=1 skb/no-touch ...    accepted ~1.250 Mpps, loss 68.743%, cons 1.000, perf cpu 100.0%, 2554.5 cyc/pkt (799.8 ns), oerrors 0
[426/1360] 4.000 Mpps block=4 order=2 native/read-data ...    accepted ~4.000 Mpps, loss 0.000%, cons 1.000, perf cpu 59.1%, 437.7 cyc/pkt (151.1 ns), oerrors 0
[427/1360] 4.000 Mpps block=4 order=3 native/no-touch ...    accepted ~4.000 Mpps, loss 0.000%, cons 1.000, perf cpu 54.2%, 402.4 cyc/pkt (138.6 ns), oerrors 0
[428/1360] 4.000 Mpps block=4 order=4 skb/read-data ...    accepted ~1.248 Mpps, loss 68.810%, cons 1.000, perf cpu 100.0%, 2559.9 cyc/pkt (801.5 ns), oerrors 0
[429/1360] 11.000 Mpps block=4 order=1 native/no-touch ...    accepted ~11.000 Mpps, loss 0.000%, cons 1.000, perf cpu 90.6%, 251.5 cyc/pkt (82.8 ns), oerrors 0
[430/1360] 11.000 Mpps block=4 order=2 native/read-data ...    accepted ~11.000 Mpps, loss 0.000%, cons 1.000, perf cpu 99.8%, 288.8 cyc/pkt (90.7 ns), oerrors 0
[431/1360] 11.000 Mpps block=4 order=3 skb/no-touch ...    accepted ~1.245 Mpps, loss 88.685%, cons 1.000, perf cpu 100.0%, 2565.9 cyc/pkt (803.4 ns), oerrors 0
[432/1360] 11.000 Mpps block=4 order=4 skb/read-data ...    accepted ~1.244 Mpps, loss 88.694%, cons 1.000, perf cpu 100.0%, 2568.1 cyc/pkt (804.1 ns), oerrors 0
[433/1360] 3.000 Mpps block=4 order=1 skb/no-touch ...    accepted ~1.248 Mpps, loss 58.386%, cons 1.000, perf cpu 100.0%, 2558.2 cyc/pkt (801.0 ns), oerrors 0
[434/1360] 3.000 Mpps block=4 order=2 native/no-touch ...    accepted ~3.000 Mpps, loss 0.000%, cons 1.000, perf cpu 42.3%, 430.6 cyc/pkt (144.6 ns), oerrors 0
[435/1360] 3.000 Mpps block=4 order=3 native/read-data ...    accepted ~3.000 Mpps, loss 0.000%, cons 1.000, perf cpu 47.5%, 480.8 cyc/pkt (162.1 ns), oerrors 0
[436/1360] 3.000 Mpps block=4 order=4 skb/read-data ...    accepted ~1.243 Mpps, loss 58.563%, cons 1.000, perf cpu 100.0%, 2569.2 cyc/pkt (804.4 ns), oerrors 0
[437/1360] 1.500 Mpps block=4 order=1 native/read-data ...    accepted ~1.500 Mpps, loss 0.000%, cons 1.000, perf cpu 23.9%, 515.2 cyc/pkt (163.4 ns), oerrors 0
[438/1360] 1.500 Mpps block=4 order=2 skb/no-touch ...    accepted ~1.246 Mpps, loss 16.910%, cons 1.000, perf cpu 100.0%, 2562.6 cyc/pkt (802.3 ns), oerrors 0
[439/1360] 1.500 Mpps block=4 order=3 skb/read-data ...    accepted ~1.246 Mpps, loss 16.950%, cons 1.000, perf cpu 100.0%, 2563.8 cyc/pkt (802.7 ns), oerrors 0
[440/1360] 1.500 Mpps block=4 order=4 native/no-touch ...    accepted ~1.500 Mpps, loss 0.000%, cons 1.000, perf cpu 19.7%, 424.6 cyc/pkt (134.9 ns), oerrors 0
[441/1360] 1.000 Mpps block=4 order=1 skb/no-touch ...    accepted ~1.000 Mpps, loss 0.000%, cons 1.000, perf cpu 88.4%, 2762.5 cyc/pkt (887.0 ns), oerrors 0
[442/1360] 1.000 Mpps block=4 order=2 native/read-data ...    accepted ~1.000 Mpps, loss 0.000%, cons 1.000, perf cpu 15.3%, 496.3 cyc/pkt (157.1 ns), oerrors 0
[443/1360] 1.000 Mpps block=4 order=3 native/no-touch ...    accepted ~1.000 Mpps, loss 0.000%, cons 1.000, perf cpu 12.7%, 411.9 cyc/pkt (130.6 ns), oerrors 0
[444/1360] 1.000 Mpps block=4 order=4 skb/read-data ...    accepted ~1.000 Mpps, loss 0.000%, cons 1.000, perf cpu 88.6%, 2772.5 cyc/pkt (889.8 ns), oerrors 0
[445/1360] 2.500 Mpps block=4 order=1 skb/read-data ...    accepted ~1.245 Mpps, loss 50.207%, cons 1.000, perf cpu 100.0%, 2565.5 cyc/pkt (803.3 ns), oerrors 0
[446/1360] 2.500 Mpps block=4 order=2 native/no-touch ...    accepted ~2.500 Mpps, loss 0.000%, cons 1.000, perf cpu 36.6%, 454.1 cyc/pkt (150.3 ns), oerrors 0
[447/1360] 2.500 Mpps block=4 order=3 skb/no-touch ...    accepted ~1.247 Mpps, loss 50.105%, cons 1.000, perf cpu 100.0%, 2560.4 cyc/pkt (801.7 ns), oerrors 0
[448/1360] 2.500 Mpps block=4 order=4 native/read-data ...    accepted ~2.500 Mpps, loss 0.000%, cons 1.000, perf cpu 45.4%, 556.5 cyc/pkt (185.4 ns), oerrors 0
[449/1360] 9.000 Mpps block=4 order=1 native/no-touch ...    accepted ~9.000 Mpps, loss 0.000%, cons 1.000, perf cpu 82.1%, 273.0 cyc/pkt (92.0 ns), oerrors 0
[450/1360] 9.000 Mpps block=4 order=2 native/read-data ...    accepted ~9.000 Mpps, loss 0.000%, cons 1.000, perf cpu 95.2%, 324.8 cyc/pkt (106.1 ns), oerrors 0
[451/1360] 9.000 Mpps block=4 order=3 skb/no-touch ...    accepted ~1.245 Mpps, loss 86.167%, cons 1.000, perf cpu 100.0%, 2565.4 cyc/pkt (803.2 ns), oerrors 0
[452/1360] 9.000 Mpps block=4 order=4 skb/read-data ...    accepted ~1.244 Mpps, loss 86.173%, cons 1.000, perf cpu 100.0%, 2566.3 cyc/pkt (803.5 ns), oerrors 0
[453/1360] 7.500 Mpps block=4 order=1 native/no-touch ...    accepted ~7.500 Mpps, loss 0.000%, cons 1.000, perf cpu 79.0%, 310.8 cyc/pkt (106.9 ns), oerrors 0
[454/1360] 7.500 Mpps block=4 order=2 skb/read-data ...    accepted ~1.242 Mpps, loss 83.435%, cons 1.000, perf cpu 100.0%, 2570.7 cyc/pkt (804.9 ns), oerrors 0
[455/1360] 7.500 Mpps block=4 order=3 native/read-data ...    accepted ~7.500 Mpps, loss 0.000%, cons 1.000, perf cpu 87.7%, 348.8 cyc/pkt (117.6 ns), oerrors 0
[456/1360] 7.500 Mpps block=4 order=4 skb/no-touch ...    accepted ~1.243 Mpps, loss 83.425%, cons 1.000, perf cpu 100.0%, 2569.1 cyc/pkt (804.4 ns), oerrors 0
[457/1360] 11.500 Mpps block=4 order=1 native/read-data ...    accepted ~8.411 Mpps, loss 26.861%, cons 1.000, perf cpu 100.0%, 379.4 cyc/pkt (118.9 ns), oerrors 0
[458/1360] 11.500 Mpps block=4 order=2 skb/no-touch ...    accepted ~1.248 Mpps, loss 89.148%, cons 1.000, perf cpu 100.0%, 2559.2 cyc/pkt (801.3 ns), oerrors 0
[459/1360] 11.500 Mpps block=4 order=3 skb/read-data ...    accepted ~1.245 Mpps, loss 89.172%, cons 1.000, perf cpu 100.0%, 2564.8 cyc/pkt (803.0 ns), oerrors 0
[460/1360] 11.500 Mpps block=4 order=4 native/no-touch ...    accepted ~11.500 Mpps, loss 0.000%, cons 1.000, perf cpu 92.6%, 249.4 cyc/pkt (80.9 ns), oerrors 0
[461/1360] 5.000 Mpps block=4 order=1 skb/read-data ...    accepted ~1.245 Mpps, loss 75.105%, cons 1.000, perf cpu 100.0%, 2565.8 cyc/pkt (803.3 ns), oerrors 0
[462/1360] 5.000 Mpps block=4 order=2 skb/no-touch ...    accepted ~1.246 Mpps, loss 75.083%, cons 1.000, perf cpu 100.0%, 2563.5 cyc/pkt (802.7 ns), oerrors 0
[463/1360] 5.000 Mpps block=4 order=3 native/no-touch ...    accepted ~5.000 Mpps, loss 0.000%, cons 1.000, perf cpu 65.6%, 386.2 cyc/pkt (134.2 ns), oerrors 0
[464/1360] 5.000 Mpps block=4 order=4 native/read-data ...    accepted ~5.000 Mpps, loss 0.000%, cons 1.000, perf cpu 78.8%, 464.6 cyc/pkt (159.9 ns), oerrors 0
[465/1360] 12.500 Mpps block=4 order=1 native/read-data ...    accepted ~12.112 Mpps, loss 3.109%, cons 1.000, perf cpu 100.0%, 263.7 cyc/pkt (82.6 ns), oerrors 0
[466/1360] 12.500 Mpps block=4 order=2 skb/no-touch ...    accepted ~1.246 Mpps, loss 90.034%, cons 1.000, perf cpu 100.0%, 2563.6 cyc/pkt (802.7 ns), oerrors 0
[467/1360] 12.500 Mpps block=4 order=3 skb/read-data ...    accepted ~1.242 Mpps, loss 90.063%, cons 1.000, perf cpu 100.0%, 2571.2 cyc/pkt (805.0 ns), oerrors 0
[468/1360] 12.500 Mpps block=4 order=4 native/no-touch ...    accepted ~12.500 Mpps, loss 0.000%, cons 1.000, perf cpu 97.8%, 243.8 cyc/pkt (78.4 ns), oerrors 0
[469/1360] 5.500 Mpps block=4 order=1 skb/read-data ...    accepted ~1.246 Mpps, loss 77.354%, cons 1.000, perf cpu 100.0%, 2564.2 cyc/pkt (802.9 ns), oerrors 0
[470/1360] 5.500 Mpps block=4 order=2 native/no-touch ...    accepted ~5.500 Mpps, loss 0.000%, cons 1.000, perf cpu 68.0%, 365.5 cyc/pkt (126.2 ns), oerrors 0
[471/1360] 5.500 Mpps block=4 order=3 native/read-data ...    accepted ~5.500 Mpps, loss 0.000%, cons 1.000, perf cpu 84.8%, 456.2 cyc/pkt (155.8 ns), oerrors 0
[472/1360] 5.500 Mpps block=4 order=4 skb/no-touch ...    accepted ~1.247 Mpps, loss 77.325%, cons 1.000, perf cpu 100.0%, 2561.0 cyc/pkt (801.8 ns), oerrors 0
[473/1360] 7.000 Mpps block=4 order=1 skb/no-touch ...    accepted ~1.247 Mpps, loss 82.190%, cons 1.000, perf cpu 100.0%, 2561.8 cyc/pkt (802.1 ns), oerrors 0
[474/1360] 7.000 Mpps block=4 order=2 native/no-touch ...    accepted ~7.000 Mpps, loss 0.000%, cons 1.000, perf cpu 76.2%, 322.1 cyc/pkt (110.7 ns), oerrors 0
[475/1360] 7.000 Mpps block=4 order=3 skb/read-data ...    accepted ~1.244 Mpps, loss 82.227%, cons 1.000, perf cpu 100.0%, 2567.1 cyc/pkt (803.8 ns), oerrors 0
[476/1360] 7.000 Mpps block=4 order=4 native/read-data ...    accepted ~7.000 Mpps, loss 0.000%, cons 1.000, perf cpu 93.9%, 409.1 cyc/pkt (134.6 ns), oerrors 0
[477/1360] 12.000 Mpps block=4 order=1 skb/no-touch ...    accepted ~1.246 Mpps, loss 89.620%, cons 1.000, perf cpu 100.0%, 2563.8 cyc/pkt (802.8 ns), oerrors 0
[478/1360] 12.000 Mpps block=4 order=2 skb/read-data ...    accepted ~1.242 Mpps, loss 89.649%, cons 1.000, perf cpu 100.0%, 2571.1 cyc/pkt (805.0 ns), oerrors 0
[479/1360] 12.000 Mpps block=4 order=3 native/read-data ...    accepted ~8.913 Mpps, loss 25.726%, cons 1.000, perf cpu 100.0%, 358.1 cyc/pkt (112.2 ns), oerrors 0
[480/1360] 12.000 Mpps block=4 order=4 native/no-touch ...    accepted ~12.000 Mpps, loss 0.000%, cons 1.000, perf cpu 96.2%, 247.6 cyc/pkt (80.3 ns), oerrors 0
[481/1360] 3.500 Mpps block=4 order=1 skb/read-data ...    accepted ~1.244 Mpps, loss 64.461%, cons 1.000, perf cpu 100.0%, 2567.6 cyc/pkt (803.9 ns), oerrors 0
[482/1360] 3.500 Mpps block=4 order=2 native/no-touch ...    accepted ~3.500 Mpps, loss 0.000%, cons 1.000, perf cpu 48.8%, 420.4 cyc/pkt (142.9 ns), oerrors 0
[483/1360] 3.500 Mpps block=4 order=3 skb/no-touch ...    accepted ~1.244 Mpps, loss 64.469%, cons 1.000, perf cpu 100.0%, 2568.3 cyc/pkt (804.1 ns), oerrors 0
[484/1360] 3.500 Mpps block=4 order=4 native/read-data ...    accepted ~3.500 Mpps, loss 0.000%, cons 1.000, perf cpu 63.7%, 536.5 cyc/pkt (185.6 ns), oerrors 0
[485/1360] 0.500 Mpps block=4 order=1 skb/read-data ...    accepted ~0.500 Mpps, loss 0.000%, cons 1.000, perf cpu 43.8%, 2800.8 cyc/pkt (880.0 ns), oerrors 0
[486/1360] 0.500 Mpps block=4 order=2 native/read-data ...    accepted ~0.500 Mpps, loss 0.000%, cons 1.000, perf cpu 7.0%, 451.3 cyc/pkt (142.9 ns), oerrors 0
[487/1360] 0.500 Mpps block=4 order=3 skb/no-touch ...    accepted ~0.500 Mpps, loss 0.000%, cons 1.000, perf cpu 43.8%, 2803.2 cyc/pkt (880.8 ns), oerrors 0
[488/1360] 0.500 Mpps block=4 order=4 native/no-touch ...    accepted ~0.500 Mpps, loss 0.000%, cons 1.000, perf cpu 6.0%, 388.9 cyc/pkt (123.2 ns), oerrors 0
[489/1360] 13.000 Mpps block=4 order=1 skb/read-data ...    accepted ~1.245 Mpps, loss 90.424%, cons 1.000, perf cpu 100.0%, 2565.4 cyc/pkt (803.2 ns), oerrors 0
[490/1360] 13.000 Mpps block=4 order=2 native/read-data ...    accepted ~12.032 Mpps, loss 7.444%, cons 1.000, perf cpu 100.0%, 265.4 cyc/pkt (83.1 ns), oerrors 0
[491/1360] 13.000 Mpps block=4 order=3 native/no-touch ...    accepted ~13.000 Mpps, loss 0.000%, cons 1.000, perf cpu 98.6%, 238.7 cyc/pkt (76.0 ns), oerrors 0
[492/1360] 13.000 Mpps block=4 order=4 skb/no-touch ...    accepted ~1.241 Mpps, loss 90.456%, cons 1.000, perf cpu 100.0%, 2574.1 cyc/pkt (806.0 ns), oerrors 0
[493/1360] 2.000 Mpps block=4 order=1 skb/no-touch ...    accepted ~1.243 Mpps, loss 37.861%, cons 1.000, perf cpu 100.0%, 2569.9 cyc/pkt (804.6 ns), oerrors 0
[494/1360] 2.000 Mpps block=4 order=2 skb/read-data ...    accepted ~1.239 Mpps, loss 38.051%, cons 1.000, perf cpu 100.0%, 2577.7 cyc/pkt (807.1 ns), oerrors 0
[495/1360] 2.000 Mpps block=4 order=3 native/no-touch ...    accepted ~2.000 Mpps, loss 0.000%, cons 1.000, perf cpu 26.0%, 419.4 cyc/pkt (133.7 ns), oerrors 0
[496/1360] 2.000 Mpps block=4 order=4 native/read-data ...    accepted ~2.000 Mpps, loss 0.000%, cons 1.000, perf cpu 33.2%, 528.3 cyc/pkt (169.3 ns), oerrors 0
[497/1360] 10.000 Mpps block=4 order=1 skb/read-data ...    accepted ~1.240 Mpps, loss 87.596%, cons 1.000, perf cpu 100.0%, 2574.8 cyc/pkt (806.2 ns), oerrors 0
[498/1360] 10.000 Mpps block=4 order=2 native/read-data ...    accepted ~9.623 Mpps, loss 3.769%, cons 1.000, perf cpu 100.0%, 331.7 cyc/pkt (103.9 ns), oerrors 0
[499/1360] 10.000 Mpps block=4 order=3 skb/no-touch ...    accepted ~1.248 Mpps, loss 87.524%, cons 1.000, perf cpu 100.0%, 2560.1 cyc/pkt (801.5 ns), oerrors 0
[500/1360] 10.000 Mpps block=4 order=4 native/no-touch ...    accepted ~10.000 Mpps, loss 0.000%, cons 1.000, perf cpu 86.2%, 259.0 cyc/pkt (86.8 ns), oerrors 0
[501/1360] 14.500 Mpps block=4 order=1 skb/no-touch ...    accepted ~1.243 Mpps, loss 91.427%, cons 1.000, perf cpu 100.0%, 2569.3 cyc/pkt (804.5 ns), oerrors 0
[502/1360] 14.500 Mpps block=4 order=2 native/read-data ...    accepted ~9.468 Mpps, loss 34.706%, cons 1.000, perf cpu 100.0%, 337.2 cyc/pkt (105.6 ns), oerrors 0
[503/1360] 14.500 Mpps block=4 order=3 skb/read-data ...    accepted ~1.244 Mpps, loss 91.417%, cons 1.000, perf cpu 100.0%, 2566.4 cyc/pkt (803.6 ns), oerrors 0
[504/1360] 14.500 Mpps block=4 order=4 native/no-touch ...    accepted ~14.369 Mpps, loss 0.902%, cons 1.000, perf cpu 100.0%, 222.3 cyc/pkt (69.6 ns), oerrors 0
[505/1360] 6.500 Mpps block=4 order=1 skb/read-data ...    accepted ~1.245 Mpps, loss 80.841%, cons 1.000, perf cpu 100.0%, 2564.6 cyc/pkt (803.0 ns), oerrors 0
[506/1360] 6.500 Mpps block=4 order=2 skb/no-touch ...    accepted ~1.249 Mpps, loss 80.784%, cons 1.000, perf cpu 100.0%, 2556.9 cyc/pkt (800.6 ns), oerrors 0
[507/1360] 6.500 Mpps block=4 order=3 native/no-touch ...    accepted ~6.500 Mpps, loss 0.000%, cons 1.000, perf cpu 73.1%, 332.7 cyc/pkt (114.4 ns), oerrors 0
[508/1360] 6.500 Mpps block=4 order=4 native/read-data ...    accepted ~6.500 Mpps, loss 0.000%, cons 1.000, perf cpu 79.3%, 358.5 cyc/pkt (123.9 ns), oerrors 0
[509/1360] 10.500 Mpps block=4 order=1 skb/read-data ...    accepted ~1.248 Mpps, loss 88.114%, cons 1.000, perf cpu 100.0%, 2559.2 cyc/pkt (801.3 ns), oerrors 0
[510/1360] 10.500 Mpps block=4 order=2 native/no-touch ...    accepted ~10.500 Mpps, loss 0.000%, cons 1.000, perf cpu 88.9%, 254.4 cyc/pkt (85.2 ns), oerrors 0
[511/1360] 10.500 Mpps block=4 order=3 skb/no-touch ...    accepted ~1.243 Mpps, loss 88.157%, cons 1.000, perf cpu 100.0%, 2568.4 cyc/pkt (804.2 ns), oerrors 0
[512/1360] 10.500 Mpps block=4 order=4 native/read-data ...    accepted ~8.580 Mpps, loss 18.288%, cons 1.000, perf cpu 100.0%, 372.1 cyc/pkt (116.5 ns), oerrors 0
[513/1360] 14.881 Mpps block=4 order=1 native/read-data ...    accepted ~8.040 Mpps, loss 45.956%, cons 1.000, perf cpu 100.0%, 396.9 cyc/pkt (124.4 ns), oerrors 0
[514/1360] 14.881 Mpps block=4 order=2 skb/read-data ...    accepted ~1.246 Mpps, loss 91.626%, cons 1.000, perf cpu 100.0%, 2563.3 cyc/pkt (802.6 ns), oerrors 0
[515/1360] 14.881 Mpps block=4 order=3 native/no-touch ...    accepted ~14.269 Mpps, loss 4.111%, cons 1.000, perf cpu 100.0%, 223.8 cyc/pkt (70.1 ns), oerrors 0
[516/1360] 14.881 Mpps block=4 order=4 skb/no-touch ...    accepted ~1.245 Mpps, loss 91.631%, cons 1.000, perf cpu 100.0%, 2564.9 cyc/pkt (803.1 ns), oerrors 0
[517/1360] 14.881 Mpps block=4 order=1 native/read-data (no counters) ...    accepted ~11.956 Mpps, loss 19.651%, cons 1.000, perf cpu 0.0%, 0.0 cyc/pkt (0.0 ns), oerrors 0
[518/1360] 14.881 Mpps block=4 order=2 skb/no-touch (no counters) ...    accepted ~1.248 Mpps, loss 91.612%, cons 1.000, perf cpu 0.0%, 0.0 cyc/pkt (0.0 ns), oerrors 0
[519/1360] 14.881 Mpps block=4 order=3 native/no-touch (no counters) ...    accepted ~14.281 Mpps, loss 4.026%, cons 1.000, perf cpu 0.0%, 0.0 cyc/pkt (0.0 ns), oerrors 0
[520/1360] 14.881 Mpps block=4 order=4 skb/read-data (no counters) ...    accepted ~1.248 Mpps, loss 91.610%, cons 1.000, perf cpu 0.0%, 0.0 cyc/pkt (0.0 ns), oerrors 0
[521/1360] 0.250 Mpps block=4 order=1 native/read-data ...    accepted ~0.250 Mpps, loss 0.000%, cons 1.000, perf cpu 4.7%, 609.9 cyc/pkt (192.9 ns), oerrors 0
[522/1360] 0.250 Mpps block=4 order=2 skb/no-touch ...    accepted ~0.250 Mpps, loss 0.000%, cons 1.000, perf cpu 22.4%, 2868.1 cyc/pkt (901.3 ns), oerrors 0
[523/1360] 0.250 Mpps block=4 order=3 skb/read-data ...    accepted ~0.250 Mpps, loss 0.000%, cons 1.000, perf cpu 22.4%, 2874.6 cyc/pkt (903.2 ns), oerrors 0
[524/1360] 0.250 Mpps block=4 order=4 native/no-touch ...    accepted ~0.250 Mpps, loss 0.000%, cons 1.000, perf cpu 4.0%, 524.5 cyc/pkt (166.2 ns), oerrors 0
[525/1360] 0.750 Mpps block=4 order=1 native/no-touch ...    accepted ~0.750 Mpps, loss 0.000%, cons 1.000, perf cpu 9.6%, 412.8 cyc/pkt (130.9 ns), oerrors 0
[526/1360] 0.750 Mpps block=4 order=2 native/read-data ...    accepted ~0.750 Mpps, loss 0.000%, cons 1.000, perf cpu 13.1%, 563.5 cyc/pkt (178.2 ns), oerrors 0
[527/1360] 0.750 Mpps block=4 order=3 skb/no-touch ...    accepted ~0.750 Mpps, loss 0.000%, cons 1.000, perf cpu 67.8%, 2847.6 cyc/pkt (908.7 ns), oerrors 0
[528/1360] 0.750 Mpps block=4 order=4 skb/read-data ...    accepted ~0.750 Mpps, loss 0.000%, cons 1.000, perf cpu 67.9%, 2852.1 cyc/pkt (910.2 ns), oerrors 0
[529/1360] 8.500 Mpps block=4 order=1 native/no-touch ...    accepted ~8.500 Mpps, loss 0.000%, cons 1.000, perf cpu 81.3%, 284.4 cyc/pkt (96.7 ns), oerrors 0
[530/1360] 8.500 Mpps block=4 order=2 skb/read-data ...    accepted ~1.242 Mpps, loss 85.392%, cons 1.000, perf cpu 100.0%, 2572.2 cyc/pkt (805.4 ns), oerrors 0
[531/1360] 8.500 Mpps block=4 order=3 skb/no-touch ...    accepted ~1.243 Mpps, loss 85.376%, cons 1.000, perf cpu 100.0%, 2569.4 cyc/pkt (804.5 ns), oerrors 0
[532/1360] 8.500 Mpps block=4 order=4 native/read-data ...    accepted ~8.101 Mpps, loss 4.692%, cons 1.000, perf cpu 100.0%, 393.9 cyc/pkt (123.4 ns), oerrors 0
[533/1360] 9.500 Mpps block=4 order=1 native/no-touch ...    accepted ~9.500 Mpps, loss 0.000%, cons 1.000, perf cpu 84.0%, 264.4 cyc/pkt (89.1 ns), oerrors 0
[534/1360] 9.500 Mpps block=4 order=2 skb/read-data ...    accepted ~1.243 Mpps, loss 86.916%, cons 1.000, perf cpu 100.0%, 2569.5 cyc/pkt (804.5 ns), oerrors 0
[535/1360] 9.500 Mpps block=4 order=3 native/read-data ...    accepted ~9.500 Mpps, loss 0.000%, cons 1.000, perf cpu 97.3%, 318.2 cyc/pkt (102.7 ns), oerrors 0
[536/1360] 9.500 Mpps block=4 order=4 skb/no-touch ...    accepted ~1.248 Mpps, loss 86.862%, cons 1.000, perf cpu 100.0%, 2558.9 cyc/pkt (801.2 ns), oerrors 0
[537/1360] 6.000 Mpps block=4 order=1 native/no-touch ...    accepted ~6.000 Mpps, loss 0.000%, cons 1.000, perf cpu 70.1%, 346.8 cyc/pkt (118.9 ns), oerrors 0
[538/1360] 6.000 Mpps block=4 order=2 skb/no-touch ...    accepted ~1.251 Mpps, loss 79.155%, cons 1.000, perf cpu 100.0%, 2553.6 cyc/pkt (799.6 ns), oerrors 0
[539/1360] 6.000 Mpps block=4 order=3 native/read-data ...    accepted ~6.000 Mpps, loss 0.000%, cons 1.000, perf cpu 79.7%, 391.4 cyc/pkt (134.5 ns), oerrors 0
[540/1360] 6.000 Mpps block=4 order=4 skb/read-data ...    accepted ~1.245 Mpps, loss 79.256%, cons 1.000, perf cpu 100.0%, 2566.0 cyc/pkt (803.4 ns), oerrors 0
[541/1360] 13.500 Mpps block=4 order=1 skb/read-data ...    accepted ~1.244 Mpps, loss 90.783%, cons 1.000, perf cpu 100.0%, 2566.6 cyc/pkt (803.6 ns), oerrors 0
[542/1360] 13.500 Mpps block=4 order=2 native/read-data ...    accepted ~11.963 Mpps, loss 11.389%, cons 1.000, perf cpu 100.0%, 267.0 cyc/pkt (83.6 ns), oerrors 0
[543/1360] 13.500 Mpps block=4 order=3 skb/no-touch ...    accepted ~1.249 Mpps, loss 90.746%, cons 1.000, perf cpu 100.0%, 2556.9 cyc/pkt (800.6 ns), oerrors 0
[544/1360] 13.500 Mpps block=4 order=4 native/no-touch ...    accepted ~13.500 Mpps, loss 0.000%, cons 1.000, perf cpu 99.3%, 232.9 cyc/pkt (73.6 ns), oerrors 0
[545/1360] 10.500 Mpps block=5 order=1 skb/read-data ...    accepted ~1.242 Mpps, loss 88.176%, cons 1.000, perf cpu 100.0%, 2572.6 cyc/pkt (805.5 ns), oerrors 0
[546/1360] 10.500 Mpps block=5 order=2 skb/no-touch ...    accepted ~1.247 Mpps, loss 88.127%, cons 1.000, perf cpu 100.0%, 2561.9 cyc/pkt (802.1 ns), oerrors 0
[547/1360] 10.500 Mpps block=5 order=3 native/read-data ...    accepted ~9.229 Mpps, loss 12.108%, cons 1.000, perf cpu 100.0%, 345.9 cyc/pkt (108.4 ns), oerrors 0
[548/1360] 10.500 Mpps block=5 order=4 native/no-touch ...    accepted ~10.500 Mpps, loss 0.000%, cons 1.000, perf cpu 88.7%, 254.4 cyc/pkt (85.0 ns), oerrors 0
[549/1360] 9.500 Mpps block=5 order=1 native/read-data ...    accepted ~8.457 Mpps, loss 10.976%, cons 1.000, perf cpu 100.0%, 377.5 cyc/pkt (118.2 ns), oerrors 0
[550/1360] 9.500 Mpps block=5 order=2 skb/no-touch ...    accepted ~1.249 Mpps, loss 86.853%, cons 1.000, perf cpu 100.0%, 2557.1 cyc/pkt (800.6 ns), oerrors 0
[551/1360] 9.500 Mpps block=5 order=3 skb/read-data ...    accepted ~1.243 Mpps, loss 86.917%, cons 1.000, perf cpu 100.0%, 2569.6 cyc/pkt (804.6 ns), oerrors 0
[552/1360] 9.500 Mpps block=5 order=4 native/no-touch ...    accepted ~9.500 Mpps, loss 0.000%, cons 1.000, perf cpu 83.9%, 265.0 cyc/pkt (89.0 ns), oerrors 0
[553/1360] 12.500 Mpps block=5 order=1 native/no-touch ...    accepted ~12.500 Mpps, loss 0.000%, cons 1.000, perf cpu 97.9%, 245.0 cyc/pkt (78.5 ns), oerrors 0
[554/1360] 12.500 Mpps block=5 order=2 skb/read-data ...    accepted ~1.237 Mpps, loss 90.101%, cons 1.000, perf cpu 100.0%, 2581.2 cyc/pkt (808.2 ns), oerrors 0
[555/1360] 12.500 Mpps block=5 order=3 skb/no-touch ...    accepted ~1.241 Mpps, loss 90.075%, cons 1.000, perf cpu 100.0%, 2574.2 cyc/pkt (806.0 ns), oerrors 0
[556/1360] 12.500 Mpps block=5 order=4 native/read-data ...    accepted ~8.400 Mpps, loss 32.803%, cons 1.000, perf cpu 100.0%, 380.0 cyc/pkt (119.0 ns), oerrors 0
[557/1360] 4.500 Mpps block=5 order=1 skb/no-touch ...    accepted ~1.231 Mpps, loss 72.650%, cons 1.000, perf cpu 100.0%, 2595.0 cyc/pkt (812.5 ns), oerrors 0
[558/1360] 4.500 Mpps block=5 order=2 skb/read-data ...    accepted ~1.242 Mpps, loss 72.405%, cons 1.000, perf cpu 100.0%, 2571.9 cyc/pkt (805.3 ns), oerrors 0
[559/1360] 4.500 Mpps block=5 order=3 native/no-touch ...    accepted ~4.500 Mpps, loss 0.000%, cons 1.000, perf cpu 60.9%, 400.6 cyc/pkt (138.4 ns), oerrors 0
[560/1360] 4.500 Mpps block=5 order=4 native/read-data ...    accepted ~4.500 Mpps, loss 0.000%, cons 1.000, perf cpu 65.5%, 429.9 cyc/pkt (148.5 ns), oerrors 0
[561/1360] 2.000 Mpps block=5 order=1 skb/read-data ...    accepted ~1.239 Mpps, loss 38.047%, cons 1.000, perf cpu 100.0%, 2577.6 cyc/pkt (807.1 ns), oerrors 0
[562/1360] 2.000 Mpps block=5 order=2 native/no-touch ...    accepted ~2.000 Mpps, loss 0.000%, cons 1.000, perf cpu 26.0%, 419.2 cyc/pkt (133.6 ns), oerrors 0
[563/1360] 2.000 Mpps block=5 order=3 native/read-data ...    accepted ~2.000 Mpps, loss 0.000%, cons 1.000, perf cpu 28.8%, 461.7 cyc/pkt (147.3 ns), oerrors 0
[564/1360] 2.000 Mpps block=5 order=4 skb/no-touch ...    accepted ~1.248 Mpps, loss 37.618%, cons 1.000, perf cpu 100.0%, 2559.9 cyc/pkt (801.5 ns), oerrors 0
[565/1360] 0.500 Mpps block=5 order=1 native/read-data ...    accepted ~0.500 Mpps, loss 0.000%, cons 1.000, perf cpu 7.1%, 456.7 cyc/pkt (144.5 ns), oerrors 0
[566/1360] 0.500 Mpps block=5 order=2 native/no-touch ...    accepted ~0.500 Mpps, loss 0.000%, cons 1.000, perf cpu 6.1%, 392.6 cyc/pkt (124.4 ns), oerrors 0
[567/1360] 0.500 Mpps block=5 order=3 skb/read-data ...    accepted ~0.500 Mpps, loss 0.000%, cons 1.000, perf cpu 43.8%, 2798.6 cyc/pkt (879.5 ns), oerrors 0
[568/1360] 0.500 Mpps block=5 order=4 skb/no-touch ...    accepted ~0.500 Mpps, loss 0.000%, cons 1.000, perf cpu 43.8%, 2798.8 cyc/pkt (879.7 ns), oerrors 0
[569/1360] 8.500 Mpps block=5 order=1 skb/no-touch ...    accepted ~1.246 Mpps, loss 85.345%, cons 1.000, perf cpu 100.0%, 2564.0 cyc/pkt (802.8 ns), oerrors 0
[570/1360] 8.500 Mpps block=5 order=2 skb/read-data ...    accepted ~1.246 Mpps, loss 85.346%, cons 1.000, perf cpu 100.0%, 2564.0 cyc/pkt (802.8 ns), oerrors 0
[571/1360] 8.500 Mpps block=5 order=3 native/no-touch ...    accepted ~8.500 Mpps, loss 0.000%, cons 1.000, perf cpu 81.2%, 284.5 cyc/pkt (96.6 ns), oerrors 0
[572/1360] 8.500 Mpps block=5 order=4 native/read-data ...    accepted ~8.500 Mpps, loss 0.000%, cons 1.000, perf cpu 89.3%, 316.3 cyc/pkt (105.7 ns), oerrors 0
[573/1360] 7.000 Mpps block=5 order=1 skb/read-data ...    accepted ~1.237 Mpps, loss 82.323%, cons 1.000, perf cpu 100.0%, 2581.1 cyc/pkt (808.1 ns), oerrors 0
[574/1360] 7.000 Mpps block=5 order=2 native/read-data ...    accepted ~7.000 Mpps, loss 0.000%, cons 1.000, perf cpu 92.8%, 397.7 cyc/pkt (133.1 ns), oerrors 0
[575/1360] 7.000 Mpps block=5 order=3 skb/no-touch ...    accepted ~1.244 Mpps, loss 82.226%, cons 1.000, perf cpu 100.0%, 2567.0 cyc/pkt (803.7 ns), oerrors 0
[576/1360] 7.000 Mpps block=5 order=4 native/no-touch ...    accepted ~7.000 Mpps, loss 0.000%, cons 1.000, perf cpu 76.2%, 321.9 cyc/pkt (110.7 ns), oerrors 0
[577/1360] 11.500 Mpps block=5 order=1 native/read-data ...    accepted ~9.605 Mpps, loss 16.482%, cons 1.000, perf cpu 100.0%, 332.4 cyc/pkt (104.1 ns), oerrors 0
[578/1360] 11.500 Mpps block=5 order=2 skb/no-touch ...    accepted ~1.247 Mpps, loss 89.154%, cons 1.000, perf cpu 100.0%, 2560.6 cyc/pkt (801.7 ns), oerrors 0
[579/1360] 11.500 Mpps block=5 order=3 native/no-touch ...    accepted ~11.500 Mpps, loss 0.000%, cons 1.000, perf cpu 93.1%, 249.2 cyc/pkt (81.3 ns), oerrors 0
[580/1360] 11.500 Mpps block=5 order=4 skb/read-data ...    accepted ~1.244 Mpps, loss 89.181%, cons 1.000, perf cpu 100.0%, 2566.9 cyc/pkt (803.7 ns), oerrors 0
[581/1360] 14.000 Mpps block=5 order=1 native/no-touch ...    accepted ~14.000 Mpps, loss 0.000%, cons 1.000, perf cpu 99.9%, 227.4 cyc/pkt (71.3 ns), oerrors 0
[582/1360] 14.000 Mpps block=5 order=2 skb/read-data ...    accepted ~1.242 Mpps, loss 91.130%, cons 1.000, perf cpu 100.0%, 2572.0 cyc/pkt (805.3 ns), oerrors 0
[583/1360] 14.000 Mpps block=5 order=3 skb/no-touch ...    accepted ~1.244 Mpps, loss 91.117%, cons 1.000, perf cpu 100.0%, 2568.0 cyc/pkt (804.0 ns), oerrors 0
[584/1360] 14.000 Mpps block=5 order=4 native/read-data ...    accepted ~9.688 Mpps, loss 30.800%, cons 1.000, perf cpu 100.0%, 329.6 cyc/pkt (103.2 ns), oerrors 0
[585/1360] 14.000 Mpps block=5 order=1 native/read-data (no counters) ...    accepted ~12.781 Mpps, loss 8.707%, cons 1.000, perf cpu 0.0%, 0.0 cyc/pkt (0.0 ns), oerrors 0
[586/1360] 14.000 Mpps block=5 order=2 native/no-touch (no counters) ...    accepted ~14.000 Mpps, loss 0.000%, cons 1.000, perf cpu 0.0%, 0.0 cyc/pkt (0.0 ns), oerrors 0
[587/1360] 14.000 Mpps block=5 order=3 skb/read-data (no counters) ...    accepted ~1.245 Mpps, loss 91.105%, cons 1.000, perf cpu 0.0%, 0.0 cyc/pkt (0.0 ns), oerrors 0
[588/1360] 14.000 Mpps block=5 order=4 skb/no-touch (no counters) ...    accepted ~1.249 Mpps, loss 91.074%, cons 1.000, perf cpu 0.0%, 0.0 cyc/pkt (0.0 ns), oerrors 0
[589/1360] 1.500 Mpps block=5 order=1 skb/no-touch ...    accepted ~1.249 Mpps, loss 16.747%, cons 1.000, perf cpu 100.0%, 2557.5 cyc/pkt (800.8 ns), oerrors 0
[590/1360] 1.500 Mpps block=5 order=2 skb/read-data ...    accepted ~1.247 Mpps, loss 16.864%, cons 1.000, perf cpu 100.0%, 2561.2 cyc/pkt (801.9 ns), oerrors 0
[591/1360] 1.500 Mpps block=5 order=3 native/read-data ...    accepted ~1.500 Mpps, loss 0.000%, cons 1.000, perf cpu 21.8%, 470.4 cyc/pkt (149.3 ns), oerrors 0
[592/1360] 1.500 Mpps block=5 order=4 native/no-touch ...    accepted ~1.500 Mpps, loss 0.000%, cons 1.000, perf cpu 19.8%, 426.2 cyc/pkt (135.4 ns), oerrors 0
[593/1360] 14.881 Mpps block=5 order=1 skb/no-touch ...    accepted ~1.245 Mpps, loss 91.633%, cons 1.000, perf cpu 100.0%, 2565.7 cyc/pkt (803.3 ns), oerrors 0
[594/1360] 14.881 Mpps block=5 order=2 native/no-touch ...    accepted ~14.273 Mpps, loss 4.080%, cons 1.000, perf cpu 100.0%, 223.8 cyc/pkt (70.1 ns), oerrors 0
[595/1360] 14.881 Mpps block=5 order=3 skb/read-data ...    accepted ~1.244 Mpps, loss 91.639%, cons 1.000, perf cpu 100.0%, 2567.7 cyc/pkt (804.0 ns), oerrors 0
[596/1360] 14.881 Mpps block=5 order=4 native/read-data ...    accepted ~11.824 Mpps, loss 20.538%, cons 1.000, perf cpu 100.0%, 270.1 cyc/pkt (84.6 ns), oerrors 0
[597/1360] 14.881 Mpps block=5 order=1 skb/no-touch (no counters) ...    accepted ~1.243 Mpps, loss 91.643%, cons 1.000, perf cpu 0.0%, 0.0 cyc/pkt (0.0 ns), oerrors 0
[598/1360] 14.881 Mpps block=5 order=2 skb/read-data (no counters) ...    accepted ~1.240 Mpps, loss 91.665%, cons 1.000, perf cpu 0.0%, 0.0 cyc/pkt (0.0 ns), oerrors 0
[599/1360] 14.881 Mpps block=5 order=3 native/no-touch (no counters) ...    accepted ~14.401 Mpps, loss 3.220%, cons 1.000, perf cpu 0.0%, 0.0 cyc/pkt (0.0 ns), oerrors 0
[600/1360] 14.881 Mpps block=5 order=4 native/read-data (no counters) ...    accepted ~9.394 Mpps, loss 36.871%, cons 1.000, perf cpu 0.0%, 0.0 cyc/pkt (0.0 ns), oerrors 0
[601/1360] 8.000 Mpps block=5 order=1 native/no-touch ...    accepted ~8.000 Mpps, loss 0.000%, cons 1.000, perf cpu 81.1%, 297.9 cyc/pkt (102.7 ns), oerrors 0
[602/1360] 8.000 Mpps block=5 order=2 skb/read-data ...    accepted ~1.248 Mpps, loss 84.404%, cons 1.000, perf cpu 100.0%, 2559.8 cyc/pkt (801.5 ns), oerrors 0
[603/1360] 8.000 Mpps block=5 order=3 native/read-data ...    accepted ~8.000 Mpps, loss 0.000%, cons 1.000, perf cpu 84.9%, 314.9 cyc/pkt (107.1 ns), oerrors 0
[604/1360] 8.000 Mpps block=5 order=4 skb/no-touch ...    accepted ~1.244 Mpps, loss 84.451%, cons 1.000, perf cpu 100.0%, 2567.7 cyc/pkt (803.9 ns), oerrors 0
[605/1360] 9.000 Mpps block=5 order=1 skb/read-data ...    accepted ~1.239 Mpps, loss 86.234%, cons 1.000, perf cpu 100.0%, 2577.7 cyc/pkt (807.1 ns), oerrors 0
[606/1360] 9.000 Mpps block=5 order=2 native/read-data ...    accepted ~9.000 Mpps, loss 0.001%, cons 1.000, perf cpu 99.7%, 351.8 cyc/pkt (110.8 ns), oerrors 0
[607/1360] 9.000 Mpps block=5 order=3 native/no-touch ...    accepted ~9.000 Mpps, loss 0.000%, cons 1.000, perf cpu 82.3%, 272.7 cyc/pkt (92.3 ns), oerrors 0
[608/1360] 9.000 Mpps block=5 order=4 skb/no-touch ...    accepted ~1.245 Mpps, loss 86.162%, cons 1.000, perf cpu 100.0%, 2564.4 cyc/pkt (802.9 ns), oerrors 0
[609/1360] 12.000 Mpps block=5 order=1 skb/read-data ...    accepted ~1.246 Mpps, loss 89.614%, cons 1.000, perf cpu 100.0%, 2562.4 cyc/pkt (802.3 ns), oerrors 0
[610/1360] 12.000 Mpps block=5 order=2 skb/no-touch ...    accepted ~1.244 Mpps, loss 89.631%, cons 1.000, perf cpu 100.0%, 2566.6 cyc/pkt (803.6 ns), oerrors 0
[611/1360] 12.000 Mpps block=5 order=3 native/no-touch ...    accepted ~12.000 Mpps, loss 0.000%, cons 1.000, perf cpu 96.3%, 247.2 cyc/pkt (80.5 ns), oerrors 0
[612/1360] 12.000 Mpps block=5 order=4 native/read-data ...    accepted ~8.638 Mpps, loss 28.021%, cons 1.000, perf cpu 100.0%, 369.6 cyc/pkt (115.8 ns), oerrors 0
[613/1360] 5.500 Mpps block=5 order=1 native/read-data ...    accepted ~5.500 Mpps, loss 0.000%, cons 1.000, perf cpu 83.3%, 446.6 cyc/pkt (153.2 ns), oerrors 0
[614/1360] 5.500 Mpps block=5 order=2 native/no-touch ...    accepted ~5.500 Mpps, loss 0.000%, cons 1.000, perf cpu 68.1%, 365.0 cyc/pkt (126.3 ns), oerrors 0
[615/1360] 5.500 Mpps block=5 order=3 skb/no-touch ...    accepted ~1.248 Mpps, loss 77.302%, cons 1.000, perf cpu 100.0%, 2558.4 cyc/pkt (801.0 ns), oerrors 0
[616/1360] 5.500 Mpps block=5 order=4 skb/read-data ...    accepted ~1.248 Mpps, loss 77.310%, cons 1.000, perf cpu 100.0%, 2559.3 cyc/pkt (801.3 ns), oerrors 0
[617/1360] 14.500 Mpps block=5 order=1 native/no-touch ...    accepted ~14.221 Mpps, loss 1.926%, cons 1.000, perf cpu 100.0%, 224.6 cyc/pkt (70.3 ns), oerrors 0
[618/1360] 14.500 Mpps block=5 order=2 native/read-data ...    accepted ~9.991 Mpps, loss 31.099%, cons 1.000, perf cpu 100.0%, 319.6 cyc/pkt (100.1 ns), oerrors 0
[619/1360] 14.500 Mpps block=5 order=3 skb/no-touch ...    accepted ~1.245 Mpps, loss 91.414%, cons 1.000, perf cpu 100.0%, 2565.4 cyc/pkt (803.3 ns), oerrors 0
[620/1360] 14.500 Mpps block=5 order=4 skb/read-data ...    accepted ~1.242 Mpps, loss 91.433%, cons 1.000, perf cpu 100.0%, 2571.1 cyc/pkt (805.0 ns), oerrors 0
[621/1360] 6.500 Mpps block=5 order=1 skb/no-touch ...    accepted ~1.243 Mpps, loss 80.874%, cons 1.000, perf cpu 100.0%, 2569.0 cyc/pkt (804.4 ns), oerrors 0
[622/1360] 6.500 Mpps block=5 order=2 native/read-data ...    accepted ~6.500 Mpps, loss 0.000%, cons 1.000, perf cpu 88.6%, 404.9 cyc/pkt (137.2 ns), oerrors 0
[623/1360] 6.500 Mpps block=5 order=3 native/no-touch ...    accepted ~6.500 Mpps, loss 0.000%, cons 1.000, perf cpu 72.8%, 331.6 cyc/pkt (114.0 ns), oerrors 0
[624/1360] 6.500 Mpps block=5 order=4 skb/read-data ...    accepted ~1.244 Mpps, loss 80.854%, cons 1.000, perf cpu 100.0%, 2566.5 cyc/pkt (803.6 ns), oerrors 0
[625/1360] 5.000 Mpps block=5 order=1 skb/read-data ...    accepted ~1.244 Mpps, loss 75.130%, cons 1.000, perf cpu 100.0%, 2568.4 cyc/pkt (804.2 ns), oerrors 0
[626/1360] 5.000 Mpps block=5 order=2 skb/no-touch ...    accepted ~1.245 Mpps, loss 75.099%, cons 1.000, perf cpu 100.0%, 2565.2 cyc/pkt (803.2 ns), oerrors 0
[627/1360] 5.000 Mpps block=5 order=3 native/read-data ...    accepted ~5.000 Mpps, loss 0.000%, cons 1.000, perf cpu 73.5%, 433.6 cyc/pkt (149.5 ns), oerrors 0
[628/1360] 5.000 Mpps block=5 order=4 native/no-touch ...    accepted ~5.000 Mpps, loss 0.000%, cons 1.000, perf cpu 65.7%, 385.4 cyc/pkt (134.4 ns), oerrors 0
[629/1360] 0.750 Mpps block=5 order=1 skb/read-data ...    accepted ~0.750 Mpps, loss 0.000%, cons 1.000, perf cpu 67.8%, 2845.9 cyc/pkt (908.6 ns), oerrors 0
[630/1360] 0.750 Mpps block=5 order=2 skb/no-touch ...    accepted ~0.750 Mpps, loss 0.000%, cons 1.000, perf cpu 67.7%, 2840.5 cyc/pkt (906.7 ns), oerrors 0
[631/1360] 0.750 Mpps block=5 order=3 native/read-data ...    accepted ~0.750 Mpps, loss 0.000%, cons 1.000, perf cpu 11.0%, 473.1 cyc/pkt (149.8 ns), oerrors 0
[632/1360] 0.750 Mpps block=5 order=4 native/no-touch ...    accepted ~0.750 Mpps, loss 0.000%, cons 1.000, perf cpu 9.5%, 411.1 cyc/pkt (130.4 ns), oerrors 0
[633/1360] 3.000 Mpps block=5 order=1 skb/read-data ...    accepted ~1.250 Mpps, loss 58.347%, cons 1.000, perf cpu 100.0%, 2555.9 cyc/pkt (800.3 ns), oerrors 0
[634/1360] 3.000 Mpps block=5 order=2 native/read-data ...    accepted ~3.000 Mpps, loss 0.000%, cons 1.000, perf cpu 54.6%, 543.7 cyc/pkt (185.7 ns), oerrors 0
[635/1360] 3.000 Mpps block=5 order=3 native/no-touch ...    accepted ~3.000 Mpps, loss 0.000%, cons 1.000, perf cpu 42.0%, 428.7 cyc/pkt (143.6 ns), oerrors 0
[636/1360] 3.000 Mpps block=5 order=4 skb/no-touch ...    accepted ~1.244 Mpps, loss 58.542%, cons 1.000, perf cpu 100.0%, 2567.9 cyc/pkt (804.0 ns), oerrors 0
[637/1360] 4.000 Mpps block=5 order=1 skb/no-touch ...    accepted ~1.242 Mpps, loss 68.952%, cons 1.000, perf cpu 100.0%, 2571.7 cyc/pkt (805.2 ns), oerrors 0
[638/1360] 4.000 Mpps block=5 order=2 native/read-data ...    accepted ~4.000 Mpps, loss 0.000%, cons 1.000, perf cpu 70.4%, 520.7 cyc/pkt (178.9 ns), oerrors 0
[639/1360] 4.000 Mpps block=5 order=3 skb/read-data ...    accepted ~1.247 Mpps, loss 68.825%, cons 1.000, perf cpu 100.0%, 2561.2 cyc/pkt (801.9 ns), oerrors 0
[640/1360] 4.000 Mpps block=5 order=4 native/no-touch ...    accepted ~4.000 Mpps, loss 0.000%, cons 1.000, perf cpu 54.1%, 402.5 cyc/pkt (138.5 ns), oerrors 0
[641/1360] 11.000 Mpps block=5 order=1 skb/no-touch ...    accepted ~1.250 Mpps, loss 88.637%, cons 1.000, perf cpu 100.0%, 2555.2 cyc/pkt (800.1 ns), oerrors 0
[642/1360] 11.000 Mpps block=5 order=2 native/read-data ...    accepted ~10.737 Mpps, loss 2.388%, cons 1.000, perf cpu 100.0%, 297.4 cyc/pkt (93.1 ns), oerrors 0
[643/1360] 11.000 Mpps block=5 order=3 native/no-touch ...    accepted ~11.000 Mpps, loss 0.000%, cons 1.000, perf cpu 90.8%, 251.4 cyc/pkt (83.0 ns), oerrors 0
[644/1360] 11.000 Mpps block=5 order=4 skb/read-data ...    accepted ~1.247 Mpps, loss 88.665%, cons 1.000, perf cpu 100.0%, 2561.4 cyc/pkt (802.0 ns), oerrors 0
[645/1360] 3.500 Mpps block=5 order=1 skb/read-data ...    accepted ~1.244 Mpps, loss 64.452%, cons 1.000, perf cpu 100.0%, 2567.0 cyc/pkt (803.7 ns), oerrors 0
[646/1360] 3.500 Mpps block=5 order=2 native/read-data ...    accepted ~3.500 Mpps, loss 0.000%, cons 1.000, perf cpu 53.9%, 462.5 cyc/pkt (157.6 ns), oerrors 0
[647/1360] 3.500 Mpps block=5 order=3 native/no-touch ...    accepted ~3.500 Mpps, loss 0.000%, cons 1.000, perf cpu 48.6%, 419.8 cyc/pkt (142.4 ns), oerrors 0
[648/1360] 3.500 Mpps block=5 order=4 skb/no-touch ...    accepted ~1.244 Mpps, loss 64.446%, cons 1.000, perf cpu 100.0%, 2566.6 cyc/pkt (803.6 ns), oerrors 0
[649/1360] 2.500 Mpps block=5 order=1 skb/read-data ...    accepted ~1.244 Mpps, loss 50.244%, cons 1.000, perf cpu 100.0%, 2567.6 cyc/pkt (803.9 ns), oerrors 0
[650/1360] 2.500 Mpps block=5 order=2 native/no-touch ...    accepted ~2.500 Mpps, loss 0.000%, cons 1.000, perf cpu 36.3%, 452.9 cyc/pkt (149.2 ns), oerrors 0
[651/1360] 2.500 Mpps block=5 order=3 native/read-data ...    accepted ~2.500 Mpps, loss 0.000%, cons 1.000, perf cpu 47.4%, 580.0 cyc/pkt (193.4 ns), oerrors 0
[652/1360] 2.500 Mpps block=5 order=4 skb/no-touch ...    accepted ~1.245 Mpps, loss 50.214%, cons 1.000, perf cpu 100.0%, 2566.0 cyc/pkt (803.4 ns), oerrors 0
[653/1360] 6.000 Mpps block=5 order=1 skb/no-touch ...    accepted ~1.248 Mpps, loss 79.201%, cons 1.000, perf cpu 100.0%, 2559.3 cyc/pkt (801.3 ns), oerrors 0
[654/1360] 6.000 Mpps block=5 order=2 skb/read-data ...    accepted ~1.245 Mpps, loss 79.252%, cons 1.000, perf cpu 100.0%, 2565.7 cyc/pkt (803.3 ns), oerrors 0
[655/1360] 6.000 Mpps block=5 order=3 native/read-data ...    accepted ~6.000 Mpps, loss 0.000%, cons 1.000, perf cpu 81.8%, 400.9 cyc/pkt (137.9 ns), oerrors 0
[656/1360] 6.000 Mpps block=5 order=4 native/no-touch ...    accepted ~6.000 Mpps, loss 0.000%, cons 1.000, perf cpu 70.4%, 347.4 cyc/pkt (119.4 ns), oerrors 0
[657/1360] 7.500 Mpps block=5 order=1 native/read-data ...    accepted ~7.500 Mpps, loss 0.000%, cons 1.000, perf cpu 86.9%, 344.9 cyc/pkt (116.6 ns), oerrors 0
[658/1360] 7.500 Mpps block=5 order=2 native/no-touch ...    accepted ~7.500 Mpps, loss 0.000%, cons 1.000, perf cpu 79.5%, 310.4 cyc/pkt (107.6 ns), oerrors 0
[659/1360] 7.500 Mpps block=5 order=3 skb/no-touch ...    accepted ~1.243 Mpps, loss 83.431%, cons 1.000, perf cpu 100.0%, 2570.2 cyc/pkt (804.7 ns), oerrors 0
[660/1360] 7.500 Mpps block=5 order=4 skb/read-data ...    accepted ~1.246 Mpps, loss 83.387%, cons 1.000, perf cpu 100.0%, 2563.2 cyc/pkt (802.6 ns), oerrors 0
[661/1360] 0.250 Mpps block=5 order=1 skb/no-touch ...    accepted ~0.250 Mpps, loss 0.000%, cons 1.000, perf cpu 22.4%, 2870.5 cyc/pkt (902.2 ns), oerrors 0
[662/1360] 0.250 Mpps block=5 order=2 native/no-touch ...    accepted ~0.250 Mpps, loss 0.000%, cons 1.000, perf cpu 4.0%, 523.3 cyc/pkt (165.8 ns), oerrors 0
[663/1360] 0.250 Mpps block=5 order=3 skb/read-data ...    accepted ~0.250 Mpps, loss 0.000%, cons 1.000, perf cpu 22.4%, 2871.9 cyc/pkt (902.4 ns), oerrors 0
[664/1360] 0.250 Mpps block=5 order=4 native/read-data ...    accepted ~0.250 Mpps, loss 0.000%, cons 1.000, perf cpu 4.9%, 642.3 cyc/pkt (203.3 ns), oerrors 0
[665/1360] 10.000 Mpps block=5 order=1 skb/read-data ...    accepted ~1.248 Mpps, loss 87.525%, cons 1.000, perf cpu 100.0%, 2560.1 cyc/pkt (801.6 ns), oerrors 0
[666/1360] 10.000 Mpps block=5 order=2 native/no-touch ...    accepted ~10.000 Mpps, loss 0.000%, cons 1.000, perf cpu 85.9%, 259.3 cyc/pkt (86.5 ns), oerrors 0
[667/1360] 10.000 Mpps block=5 order=3 native/read-data ...    accepted ~8.771 Mpps, loss 12.294%, cons 1.000, perf cpu 100.0%, 364.0 cyc/pkt (114.0 ns), oerrors 0
[668/1360] 10.000 Mpps block=5 order=4 skb/no-touch ...    accepted ~1.244 Mpps, loss 87.560%, cons 1.000, perf cpu 100.0%, 2567.4 cyc/pkt (803.9 ns), oerrors 0
[669/1360] 13.500 Mpps block=5 order=1 native/no-touch ...    accepted ~13.500 Mpps, loss 0.000%, cons 1.000, perf cpu 99.3%, 232.9 cyc/pkt (73.6 ns), oerrors 0
[670/1360] 13.500 Mpps block=5 order=2 skb/read-data ...    accepted ~1.247 Mpps, loss 90.767%, cons 1.000, perf cpu 100.0%, 2562.1 cyc/pkt (802.2 ns), oerrors 0
[671/1360] 13.500 Mpps block=5 order=3 native/read-data ...    accepted ~9.415 Mpps, loss 30.261%, cons 1.000, perf cpu 100.0%, 338.9 cyc/pkt (106.2 ns), oerrors 0
[672/1360] 13.500 Mpps block=5 order=4 skb/no-touch ...    accepted ~1.248 Mpps, loss 90.756%, cons 1.000, perf cpu 100.0%, 2559.1 cyc/pkt (801.3 ns), oerrors 0
[673/1360] 1.000 Mpps block=5 order=1 skb/no-touch ...    accepted ~1.000 Mpps, loss 0.000%, cons 1.000, perf cpu 88.6%, 2765.4 cyc/pkt (889.4 ns), oerrors 0
[674/1360] 1.000 Mpps block=5 order=2 native/no-touch ...    accepted ~1.000 Mpps, loss 0.000%, cons 1.000, perf cpu 12.7%, 412.3 cyc/pkt (130.8 ns), oerrors 0
[675/1360] 1.000 Mpps block=5 order=3 native/read-data ...    accepted ~1.000 Mpps, loss 0.000%, cons 1.000, perf cpu 17.0%, 549.6 cyc/pkt (173.9 ns), oerrors 0
[676/1360] 1.000 Mpps block=5 order=4 skb/read-data ...    accepted ~1.000 Mpps, loss 0.000%, cons 1.000, perf cpu 88.6%, 2770.3 cyc/pkt (889.8 ns), oerrors 0
[677/1360] 13.000 Mpps block=5 order=1 native/no-touch ...    accepted ~13.000 Mpps, loss 0.000%, cons 1.000, perf cpu 98.6%, 238.6 cyc/pkt (75.9 ns), oerrors 0
[678/1360] 13.000 Mpps block=5 order=2 skb/read-data ...    accepted ~1.248 Mpps, loss 90.402%, cons 1.000, perf cpu 100.0%, 2559.5 cyc/pkt (801.4 ns), oerrors 0
[679/1360] 13.000 Mpps block=5 order=3 skb/no-touch ...    accepted ~1.249 Mpps, loss 90.389%, cons 1.000, perf cpu 100.0%, 2556.1 cyc/pkt (800.3 ns), oerrors 0
[680/1360] 13.000 Mpps block=5 order=4 native/read-data ...    accepted ~8.889 Mpps, loss 31.626%, cons 1.000, perf cpu 100.0%, 358.9 cyc/pkt (112.5 ns), oerrors 0
[681/1360] 3.000 Mpps block=6 order=1 skb/no-touch ...    accepted ~1.248 Mpps, loss 58.385%, cons 1.000, perf cpu 100.0%, 2558.2 cyc/pkt (801.0 ns), oerrors 0
[682/1360] 3.000 Mpps block=6 order=2 native/read-data ...    accepted ~3.000 Mpps, loss 0.000%, cons 1.000, perf cpu 46.0%, 466.7 cyc/pkt (157.0 ns), oerrors 0
[683/1360] 3.000 Mpps block=6 order=3 skb/read-data ...    accepted ~1.243 Mpps, loss 58.578%, cons 1.000, perf cpu 100.0%, 2570.2 cyc/pkt (804.7 ns), oerrors 0
[684/1360] 3.000 Mpps block=6 order=4 native/no-touch ...    accepted ~3.000 Mpps, loss 0.000%, cons 1.000, perf cpu 42.2%, 430.7 cyc/pkt (144.3 ns), oerrors 0
[685/1360] 14.000 Mpps block=6 order=1 native/no-touch ...    accepted ~14.000 Mpps, loss 0.000%, cons 1.000, perf cpu 99.9%, 227.5 cyc/pkt (71.3 ns), oerrors 0
[686/1360] 14.000 Mpps block=6 order=2 skb/read-data ...    accepted ~1.243 Mpps, loss 91.125%, cons 1.000, perf cpu 100.0%, 2570.5 cyc/pkt (804.8 ns), oerrors 0
[687/1360] 14.000 Mpps block=6 order=3 skb/no-touch ...    accepted ~1.245 Mpps, loss 91.109%, cons 1.000, perf cpu 100.0%, 2565.9 cyc/pkt (803.4 ns), oerrors 0
[688/1360] 14.000 Mpps block=6 order=4 native/read-data ...    accepted ~8.608 Mpps, loss 38.518%, cons 1.000, perf cpu 100.0%, 370.6 cyc/pkt (116.2 ns), oerrors 0
[689/1360] 14.000 Mpps block=6 order=1 native/no-touch (no counters) ...    accepted ~14.000 Mpps, loss 0.000%, cons 1.000, perf cpu 0.0%, 0.0 cyc/pkt (0.0 ns), oerrors 0
[690/1360] 14.000 Mpps block=6 order=2 native/read-data (no counters) ...    accepted ~12.045 Mpps, loss 13.963%, cons 1.000, perf cpu 0.0%, 0.0 cyc/pkt (0.0 ns), oerrors 0
[691/1360] 14.000 Mpps block=6 order=3 skb/read-data (no counters) ...    accepted ~1.251 Mpps, loss 91.066%, cons 1.000, perf cpu 0.0%, 0.0 cyc/pkt (0.0 ns), oerrors 0
[692/1360] 14.000 Mpps block=6 order=4 skb/no-touch (no counters) ...    accepted ~1.245 Mpps, loss 91.104%, cons 1.000, perf cpu 0.0%, 0.0 cyc/pkt (0.0 ns), oerrors 0
[693/1360] 4.000 Mpps block=6 order=1 skb/read-data ...    accepted ~1.245 Mpps, loss 68.882%, cons 1.000, perf cpu 100.0%, 2565.9 cyc/pkt (803.4 ns), oerrors 0
[694/1360] 4.000 Mpps block=6 order=2 skb/no-touch ...    accepted ~1.247 Mpps, loss 68.835%, cons 1.000, perf cpu 100.0%, 2562.0 cyc/pkt (802.2 ns), oerrors 0
[695/1360] 4.000 Mpps block=6 order=3 native/no-touch ...    accepted ~4.000 Mpps, loss 0.000%, cons 1.000, perf cpu 54.3%, 402.8 cyc/pkt (139.0 ns), oerrors 0
[696/1360] 4.000 Mpps block=6 order=4 native/read-data ...    accepted ~4.000 Mpps, loss 0.000%, cons 1.000, perf cpu 61.1%, 451.5 cyc/pkt (156.0 ns), oerrors 0
[697/1360] 8.500 Mpps block=6 order=1 native/no-touch ...    accepted ~8.500 Mpps, loss 0.000%, cons 1.000, perf cpu 81.3%, 284.1 cyc/pkt (96.8 ns), oerrors 0
[698/1360] 8.500 Mpps block=6 order=2 skb/no-touch ...    accepted ~1.246 Mpps, loss 85.336%, cons 1.000, perf cpu 100.0%, 2562.2 cyc/pkt (802.2 ns), oerrors 0
[699/1360] 8.500 Mpps block=6 order=3 skb/read-data ...    accepted ~1.244 Mpps, loss 85.367%, cons 1.000, perf cpu 100.0%, 2568.0 cyc/pkt (804.1 ns), oerrors 0
[700/1360] 8.500 Mpps block=6 order=4 native/read-data ...    accepted ~8.500 Mpps, loss 0.000%, cons 1.000, perf cpu 98.2%, 361.6 cyc/pkt (115.7 ns), oerrors 0
[701/1360] 11.500 Mpps block=6 order=1 skb/no-touch ...    accepted ~1.245 Mpps, loss 89.170%, cons 1.000, perf cpu 100.0%, 2564.4 cyc/pkt (802.9 ns), oerrors 0
[702/1360] 11.500 Mpps block=6 order=2 native/no-touch ...    accepted ~11.500 Mpps, loss 0.000%, cons 1.000, perf cpu 93.2%, 248.8 cyc/pkt (81.4 ns), oerrors 0
[703/1360] 11.500 Mpps block=6 order=3 skb/read-data ...    accepted ~1.243 Mpps, loss 89.192%, cons 1.000, perf cpu 100.0%, 2569.5 cyc/pkt (804.5 ns), oerrors 0
[704/1360] 11.500 Mpps block=6 order=4 native/read-data ...    accepted ~11.500 Mpps, loss 0.001%, cons 1.000, perf cpu 100.0%, 277.6 cyc/pkt (86.9 ns), oerrors 0
[705/1360] 11.000 Mpps block=6 order=1 skb/no-touch ...    accepted ~1.251 Mpps, loss 88.631%, cons 1.000, perf cpu 100.0%, 2553.7 cyc/pkt (799.6 ns), oerrors 0
[706/1360] 11.000 Mpps block=6 order=2 native/read-data ...    accepted ~11.000 Mpps, loss 0.000%, cons 1.000, perf cpu 98.7%, 281.8 cyc/pkt (89.9 ns), oerrors 0
[707/1360] 11.000 Mpps block=6 order=3 skb/read-data ...    accepted ~1.247 Mpps, loss 88.669%, cons 1.000, perf cpu 100.0%, 2562.2 cyc/pkt (802.2 ns), oerrors 0
[708/1360] 11.000 Mpps block=6 order=4 native/no-touch ...    accepted ~11.000 Mpps, loss 0.000%, cons 1.000, perf cpu 90.7%, 251.8 cyc/pkt (82.9 ns), oerrors 0
[709/1360] 6.500 Mpps block=6 order=1 native/read-data ...    accepted ~6.500 Mpps, loss 0.000%, cons 1.000, perf cpu 88.5%, 403.4 cyc/pkt (137.0 ns), oerrors 0
[710/1360] 6.500 Mpps block=6 order=2 native/no-touch ...    accepted ~6.500 Mpps, loss 0.000%, cons 1.000, perf cpu 73.2%, 333.2 cyc/pkt (114.5 ns), oerrors 0
[711/1360] 6.500 Mpps block=6 order=3 skb/no-touch ...    accepted ~1.247 Mpps, loss 80.820%, cons 1.000, perf cpu 100.0%, 2561.8 cyc/pkt (802.1 ns), oerrors 0
[712/1360] 6.500 Mpps block=6 order=4 skb/read-data ...    accepted ~1.243 Mpps, loss 80.885%, cons 1.000, perf cpu 100.0%, 2570.4 cyc/pkt (804.8 ns), oerrors 0
[713/1360] 7.000 Mpps block=6 order=1 native/read-data ...    accepted ~7.000 Mpps, loss 0.000%, cons 1.000, perf cpu 84.5%, 354.2 cyc/pkt (122.0 ns), oerrors 0
[714/1360] 7.000 Mpps block=6 order=2 native/no-touch ...    accepted ~7.000 Mpps, loss 0.000%, cons 1.000, perf cpu 76.2%, 321.6 cyc/pkt (110.7 ns), oerrors 0
[715/1360] 7.000 Mpps block=6 order=3 skb/read-data ...    accepted ~1.245 Mpps, loss 82.209%, cons 1.000, perf cpu 100.0%, 2564.6 cyc/pkt (803.0 ns), oerrors 0
[716/1360] 7.000 Mpps block=6 order=4 skb/no-touch ...    accepted ~1.249 Mpps, loss 82.160%, cons 1.000, perf cpu 100.0%, 2557.5 cyc/pkt (800.8 ns), oerrors 0
[717/1360] 7.500 Mpps block=6 order=1 native/no-touch ...    accepted ~7.500 Mpps, loss 0.000%, cons 1.000, perf cpu 79.5%, 309.7 cyc/pkt (107.6 ns), oerrors 0
[718/1360] 7.500 Mpps block=6 order=2 native/read-data ...    accepted ~7.500 Mpps, loss 0.000%, cons 1.000, perf cpu 83.5%, 327.6 cyc/pkt (112.7 ns), oerrors 0
[719/1360] 7.500 Mpps block=6 order=3 skb/no-touch ...    accepted ~1.253 Mpps, loss 83.298%, cons 1.000, perf cpu 100.0%, 2549.6 cyc/pkt (798.3 ns), oerrors 0
[720/1360] 7.500 Mpps block=6 order=4 skb/read-data ...    accepted ~1.246 Mpps, loss 83.393%, cons 1.000, perf cpu 100.0%, 2564.1 cyc/pkt (802.8 ns), oerrors 0
[721/1360] 10.500 Mpps block=6 order=1 native/read-data ...    accepted ~10.500 Mpps, loss 0.000%, cons 1.000, perf cpu 96.9%, 285.4 cyc/pkt (92.4 ns), oerrors 0
[722/1360] 10.500 Mpps block=6 order=2 native/no-touch ...    accepted ~10.500 Mpps, loss 0.000%, cons 1.000, perf cpu 88.7%, 254.5 cyc/pkt (85.0 ns), oerrors 0
[723/1360] 10.500 Mpps block=6 order=3 skb/no-touch ...    accepted ~1.242 Mpps, loss 88.170%, cons 1.000, perf cpu 100.0%, 2571.2 cyc/pkt (805.1 ns), oerrors 0
[724/1360] 10.500 Mpps block=6 order=4 skb/read-data ...    accepted ~1.241 Mpps, loss 88.179%, cons 1.000, perf cpu 100.0%, 2572.9 cyc/pkt (805.6 ns), oerrors 0
[725/1360] 1.000 Mpps block=6 order=1 native/read-data ...    accepted ~1.000 Mpps, loss 0.000%, cons 1.000, perf cpu 17.8%, 574.5 cyc/pkt (181.7 ns), oerrors 0
[726/1360] 1.000 Mpps block=6 order=2 native/no-touch ...    accepted ~1.000 Mpps, loss 0.000%, cons 1.000, perf cpu 12.7%, 411.5 cyc/pkt (130.7 ns), oerrors 0
[727/1360] 1.000 Mpps block=6 order=3 skb/no-touch ...    accepted ~1.000 Mpps, loss 0.000%, cons 1.000, perf cpu 88.4%, 2760.9 cyc/pkt (887.5 ns), oerrors 0
[728/1360] 1.000 Mpps block=6 order=4 skb/read-data ...    accepted ~1.000 Mpps, loss 0.000%, cons 1.000, perf cpu 88.5%, 2764.1 cyc/pkt (888.4 ns), oerrors 0
[729/1360] 9.000 Mpps block=6 order=1 skb/no-touch ...    accepted ~1.247 Mpps, loss 86.145%, cons 1.000, perf cpu 100.0%, 2561.4 cyc/pkt (802.0 ns), oerrors 0
[730/1360] 9.000 Mpps block=6 order=2 skb/read-data ...    accepted ~1.248 Mpps, loss 86.137%, cons 1.000, perf cpu 100.0%, 2559.6 cyc/pkt (801.4 ns), oerrors 0
[731/1360] 9.000 Mpps block=6 order=3 native/no-touch ...    accepted ~9.000 Mpps, loss 0.000%, cons 1.000, perf cpu 82.4%, 272.6 cyc/pkt (92.4 ns), oerrors 0
[732/1360] 9.000 Mpps block=6 order=4 native/read-data ...    accepted ~8.411 Mpps, loss 6.541%, cons 1.000, perf cpu 100.0%, 379.5 cyc/pkt (118.9 ns), oerrors 0
[733/1360] 0.250 Mpps block=6 order=1 native/read-data ...    accepted ~0.250 Mpps, loss 0.000%, cons 1.000, perf cpu 4.8%, 622.3 cyc/pkt (196.9 ns), oerrors 0
[734/1360] 0.250 Mpps block=6 order=2 native/no-touch ...    accepted ~0.250 Mpps, loss 0.000%, cons 1.000, perf cpu 4.0%, 524.4 cyc/pkt (166.1 ns), oerrors 0
[735/1360] 0.250 Mpps block=6 order=3 skb/no-touch ...    accepted ~0.250 Mpps, loss 0.000%, cons 1.000, perf cpu 22.3%, 2857.3 cyc/pkt (897.9 ns), oerrors 0
[736/1360] 0.250 Mpps block=6 order=4 skb/read-data ...    accepted ~0.250 Mpps, loss 0.000%, cons 1.000, perf cpu 22.4%, 2865.7 cyc/pkt (900.6 ns), oerrors 0
[737/1360] 6.000 Mpps block=6 order=1 native/read-data ...    accepted ~6.000 Mpps, loss 0.000%, cons 1.000, perf cpu 76.6%, 376.9 cyc/pkt (129.8 ns), oerrors 0
[738/1360] 6.000 Mpps block=6 order=2 skb/no-touch ...    accepted ~1.246 Mpps, loss 79.236%, cons 1.000, perf cpu 100.0%, 2563.4 cyc/pkt (802.6 ns), oerrors 0
[739/1360] 6.000 Mpps block=6 order=3 skb/read-data ...    accepted ~1.247 Mpps, loss 79.220%, cons 1.000, perf cpu 100.0%, 2561.5 cyc/pkt (802.0 ns), oerrors 0
[740/1360] 6.000 Mpps block=6 order=4 native/no-touch ...    accepted ~6.000 Mpps, loss 0.000%, cons 1.000, perf cpu 70.6%, 347.4 cyc/pkt (119.8 ns), oerrors 0
[741/1360] 12.500 Mpps block=6 order=1 skb/read-data ...    accepted ~1.244 Mpps, loss 90.052%, cons 1.000, perf cpu 100.0%, 2568.4 cyc/pkt (804.2 ns), oerrors 0
[742/1360] 12.500 Mpps block=6 order=2 skb/no-touch ...    accepted ~1.245 Mpps, loss 90.036%, cons 1.000, perf cpu 100.0%, 2564.3 cyc/pkt (802.9 ns), oerrors 0
[743/1360] 12.500 Mpps block=6 order=3 native/read-data ...    accepted ~11.943 Mpps, loss 4.459%, cons 1.000, perf cpu 100.0%, 267.4 cyc/pkt (83.7 ns), oerrors 0
[744/1360] 12.500 Mpps block=6 order=4 native/no-touch ...    accepted ~12.500 Mpps, loss 0.000%, cons 1.000, perf cpu 98.0%, 244.2 cyc/pkt (78.5 ns), oerrors 0
[745/1360] 0.500 Mpps block=6 order=1 skb/no-touch ...    accepted ~0.500 Mpps, loss 0.000%, cons 1.000, perf cpu 43.8%, 2796.9 cyc/pkt (879.4 ns), oerrors 0
[746/1360] 0.500 Mpps block=6 order=2 native/no-touch ...    accepted ~0.500 Mpps, loss 0.000%, cons 1.000, perf cpu 6.0%, 386.4 cyc/pkt (122.5 ns), oerrors 0
[747/1360] 0.500 Mpps block=6 order=3 skb/read-data ...    accepted ~0.500 Mpps, loss 0.000%, cons 1.000, perf cpu 43.9%, 2804.5 cyc/pkt (881.5 ns), oerrors 0
[748/1360] 0.500 Mpps block=6 order=4 native/read-data ...    accepted ~0.500 Mpps, loss 0.000%, cons 1.000, perf cpu 6.7%, 435.3 cyc/pkt (137.9 ns), oerrors 0
[749/1360] 9.500 Mpps block=6 order=1 skb/read-data ...    accepted ~1.249 Mpps, loss 86.855%, cons 1.000, perf cpu 100.0%, 2557.6 cyc/pkt (800.8 ns), oerrors 0
[750/1360] 9.500 Mpps block=6 order=2 skb/no-touch ...    accepted ~1.253 Mpps, loss 86.816%, cons 1.000, perf cpu 100.0%, 2549.8 cyc/pkt (798.4 ns), oerrors 0
[751/1360] 9.500 Mpps block=6 order=3 native/read-data ...    accepted ~9.500 Mpps, loss 0.000%, cons 1.000, perf cpu 91.4%, 291.3 cyc/pkt (96.7 ns), oerrors 0
[752/1360] 9.500 Mpps block=6 order=4 native/no-touch ...    accepted ~9.500 Mpps, loss 0.000%, cons 1.000, perf cpu 84.0%, 264.4 cyc/pkt (89.1 ns), oerrors 0
[753/1360] 13.000 Mpps block=6 order=1 skb/read-data ...    accepted ~1.247 Mpps, loss 90.406%, cons 1.000, perf cpu 100.0%, 2560.6 cyc/pkt (801.7 ns), oerrors 0
[754/1360] 13.000 Mpps block=6 order=2 native/read-data ...    accepted ~12.040 Mpps, loss 7.390%, cons 1.000, perf cpu 100.0%, 265.3 cyc/pkt (83.1 ns), oerrors 0
[755/1360] 13.000 Mpps block=6 order=3 skb/no-touch ...    accepted ~1.247 Mpps, loss 90.410%, cons 1.000, perf cpu 100.0%, 2561.8 cyc/pkt (802.1 ns), oerrors 0
[756/1360] 13.000 Mpps block=6 order=4 native/no-touch ...    accepted ~13.000 Mpps, loss 0.000%, cons 1.000, perf cpu 98.7%, 237.9 cyc/pkt (76.0 ns), oerrors 0
[757/1360] 13.500 Mpps block=6 order=1 native/no-touch ...    accepted ~13.500 Mpps, loss 0.000%, cons 1.000, perf cpu 99.3%, 232.9 cyc/pkt (73.6 ns), oerrors 0
[758/1360] 13.500 Mpps block=6 order=2 skb/no-touch ...    accepted ~1.249 Mpps, loss 90.749%, cons 1.000, perf cpu 100.0%, 2557.3 cyc/pkt (800.7 ns), oerrors 0
[759/1360] 13.500 Mpps block=6 order=3 skb/read-data ...    accepted ~1.246 Mpps, loss 90.773%, cons 1.000, perf cpu 100.0%, 2564.0 cyc/pkt (802.8 ns), oerrors 0
[760/1360] 13.500 Mpps block=6 order=4 native/read-data ...    accepted ~12.139 Mpps, loss 10.082%, cons 1.000, perf cpu 100.0%, 263.1 cyc/pkt (82.4 ns), oerrors 0
[761/1360] 14.881 Mpps block=6 order=1 native/read-data ...    accepted ~10.351 Mpps, loss 30.440%, cons 1.000, perf cpu 100.0%, 308.5 cyc/pkt (96.6 ns), oerrors 0
[762/1360] 14.881 Mpps block=6 order=2 skb/no-touch ...    accepted ~1.248 Mpps, loss 91.612%, cons 1.000, perf cpu 100.0%, 2559.2 cyc/pkt (801.3 ns), oerrors 0
[763/1360] 14.881 Mpps block=6 order=3 native/no-touch ...    accepted ~14.279 Mpps, loss 4.044%, cons 1.000, perf cpu 100.0%, 223.7 cyc/pkt (70.0 ns), oerrors 0
[764/1360] 14.881 Mpps block=6 order=4 skb/read-data ...    accepted ~1.247 Mpps, loss 91.614%, cons 1.000, perf cpu 100.0%, 2560.3 cyc/pkt (801.7 ns), oerrors 0
[765/1360] 14.881 Mpps block=6 order=1 native/no-touch (no counters) ...    accepted ~14.413 Mpps, loss 3.141%, cons 1.000, perf cpu 0.0%, 0.0 cyc/pkt (0.0 ns), oerrors 0
[766/1360] 14.881 Mpps block=6 order=2 native/read-data (no counters) ...    accepted ~9.885 Mpps, loss 33.571%, cons 1.000, perf cpu 0.0%, 0.0 cyc/pkt (0.0 ns), oerrors 0
[767/1360] 14.881 Mpps block=6 order=3 skb/read-data (no counters) ...    accepted ~1.244 Mpps, loss 91.636%, cons 1.000, perf cpu 0.0%, 0.0 cyc/pkt (0.0 ns), oerrors 0
[768/1360] 14.881 Mpps block=6 order=4 skb/no-touch (no counters) ...    accepted ~1.246 Mpps, loss 91.623%, cons 1.000, perf cpu 0.0%, 0.0 cyc/pkt (0.0 ns), oerrors 0
[769/1360] 2.000 Mpps block=6 order=1 skb/read-data ...    accepted ~1.244 Mpps, loss 37.814%, cons 1.000, perf cpu 100.0%, 2567.9 cyc/pkt (804.0 ns), oerrors 0
[770/1360] 2.000 Mpps block=6 order=2 native/no-touch ...    accepted ~2.000 Mpps, loss 0.000%, cons 1.000, perf cpu 26.1%, 419.4 cyc/pkt (133.8 ns), oerrors 0
[771/1360] 2.000 Mpps block=6 order=3 skb/no-touch ...    accepted ~1.245 Mpps, loss 37.769%, cons 1.000, perf cpu 100.0%, 2566.1 cyc/pkt (803.5 ns), oerrors 0
[772/1360] 2.000 Mpps block=6 order=4 native/read-data ...    accepted ~2.000 Mpps, loss 0.000%, cons 1.000, perf cpu 37.4%, 589.5 cyc/pkt (190.7 ns), oerrors 0
[773/1360] 0.750 Mpps block=6 order=1 skb/no-touch ...    accepted ~0.750 Mpps, loss 0.000%, cons 1.000, perf cpu 67.7%, 2842.0 cyc/pkt (907.9 ns), oerrors 0
[774/1360] 0.750 Mpps block=6 order=2 native/read-data ...    accepted ~0.750 Mpps, loss 0.000%, cons 1.000, perf cpu 10.6%, 456.3 cyc/pkt (144.5 ns), oerrors 0
[775/1360] 0.750 Mpps block=6 order=3 skb/read-data ...    accepted ~0.750 Mpps, loss 0.000%, cons 1.000, perf cpu 67.7%, 2842.9 cyc/pkt (907.6 ns), oerrors 0
[776/1360] 0.750 Mpps block=6 order=4 native/no-touch ...    accepted ~0.750 Mpps, loss 0.000%, cons 1.000, perf cpu 9.6%, 413.5 cyc/pkt (131.1 ns), oerrors 0
[777/1360] 5.000 Mpps block=6 order=1 skb/read-data ...    accepted ~1.242 Mpps, loss 75.158%, cons 1.000, perf cpu 100.0%, 2571.2 cyc/pkt (805.1 ns), oerrors 0
[778/1360] 5.000 Mpps block=6 order=2 native/no-touch ...    accepted ~5.000 Mpps, loss 0.000%, cons 1.000, perf cpu 65.7%, 386.4 cyc/pkt (134.3 ns), oerrors 0
[779/1360] 5.000 Mpps block=6 order=3 skb/no-touch ...    accepted ~1.244 Mpps, loss 75.117%, cons 1.000, perf cpu 100.0%, 2567.1 cyc/pkt (803.8 ns), oerrors 0
[780/1360] 5.000 Mpps block=6 order=4 native/read-data ...    accepted ~5.000 Mpps, loss 0.000%, cons 1.000, perf cpu 78.9%, 462.1 cyc/pkt (160.1 ns), oerrors 0
[781/1360] 8.000 Mpps block=6 order=1 skb/read-data ...    accepted ~1.241 Mpps, loss 84.487%, cons 1.000, perf cpu 100.0%, 2573.5 cyc/pkt (805.8 ns), oerrors 0
[782/1360] 8.000 Mpps block=6 order=2 native/read-data ...    accepted ~8.000 Mpps, loss 0.000%, cons 1.000, perf cpu 98.6%, 386.9 cyc/pkt (123.4 ns), oerrors 0
[783/1360] 8.000 Mpps block=6 order=3 skb/no-touch ...    accepted ~1.246 Mpps, loss 84.421%, cons 1.000, perf cpu 100.0%, 2562.5 cyc/pkt (802.3 ns), oerrors 0
[784/1360] 8.000 Mpps block=6 order=4 native/no-touch ...    accepted ~8.000 Mpps, loss 0.000%, cons 1.000, perf cpu 80.8%, 299.0 cyc/pkt (102.4 ns), oerrors 0
[785/1360] 1.500 Mpps block=6 order=1 native/read-data ...    accepted ~1.500 Mpps, loss 0.000%, cons 1.000, perf cpu 21.8%, 469.7 cyc/pkt (149.1 ns), oerrors 0
[786/1360] 1.500 Mpps block=6 order=2 skb/no-touch ...    accepted ~1.249 Mpps, loss 16.728%, cons 1.000, perf cpu 100.0%, 2556.9 cyc/pkt (800.6 ns), oerrors 0
[787/1360] 1.500 Mpps block=6 order=3 skb/read-data ...    accepted ~1.242 Mpps, loss 17.185%, cons 1.000, perf cpu 100.0%, 2571.0 cyc/pkt (805.0 ns), oerrors 0
[788/1360] 1.500 Mpps block=6 order=4 native/no-touch ...    accepted ~1.500 Mpps, loss 0.000%, cons 1.000, perf cpu 19.6%, 423.7 cyc/pkt (134.7 ns), oerrors 0
[789/1360] 3.500 Mpps block=6 order=1 skb/read-data ...    accepted ~1.244 Mpps, loss 64.453%, cons 1.000, perf cpu 100.0%, 2567.0 cyc/pkt (803.8 ns), oerrors 0
[790/1360] 3.500 Mpps block=6 order=2 native/no-touch ...    accepted ~3.500 Mpps, loss 0.000%, cons 1.000, perf cpu 48.9%, 419.7 cyc/pkt (143.3 ns), oerrors 0
[791/1360] 3.500 Mpps block=6 order=3 native/read-data ...    accepted ~3.500 Mpps, loss 0.000%, cons 1.000, perf cpu 67.5%, 567.0 cyc/pkt (196.2 ns), oerrors 0
[792/1360] 3.500 Mpps block=6 order=4 skb/no-touch ...    accepted ~1.247 Mpps, loss 64.371%, cons 1.000, perf cpu 100.0%, 2561.1 cyc/pkt (801.9 ns), oerrors 0
[793/1360] 4.500 Mpps block=6 order=1 skb/no-touch ...    accepted ~1.248 Mpps, loss 72.274%, cons 1.000, perf cpu 100.0%, 2559.8 cyc/pkt (801.5 ns), oerrors 0
[794/1360] 4.500 Mpps block=6 order=2 native/read-data ...    accepted ~4.500 Mpps, loss 0.000%, cons 1.000, perf cpu 65.8%, 432.3 cyc/pkt (149.2 ns), oerrors 0
[795/1360] 4.500 Mpps block=6 order=3 skb/read-data ...    accepted ~1.247 Mpps, loss 72.297%, cons 1.000, perf cpu 100.0%, 2561.8 cyc/pkt (802.2 ns), oerrors 0
[796/1360] 4.500 Mpps block=6 order=4 native/no-touch ...    accepted ~4.500 Mpps, loss 0.000%, cons 1.000, perf cpu 60.8%, 400.3 cyc/pkt (138.2 ns), oerrors 0
[797/1360] 2.500 Mpps block=6 order=1 native/no-touch ...    accepted ~2.500 Mpps, loss 0.000%, cons 1.000, perf cpu 36.5%, 453.4 cyc/pkt (150.1 ns), oerrors 0
[798/1360] 2.500 Mpps block=6 order=2 native/read-data ...    accepted ~2.500 Mpps, loss 0.000%, cons 1.000, perf cpu 47.1%, 573.3 cyc/pkt (192.1 ns), oerrors 0
[799/1360] 2.500 Mpps block=6 order=3 skb/no-touch ...    accepted ~1.243 Mpps, loss 50.262%, cons 1.000, perf cpu 100.0%, 2568.5 cyc/pkt (804.2 ns), oerrors 0
[800/1360] 2.500 Mpps block=6 order=4 skb/read-data ...    accepted ~1.242 Mpps, loss 50.314%, cons 1.000, perf cpu 100.0%, 2571.2 cyc/pkt (805.0 ns), oerrors 0
[801/1360] 14.500 Mpps block=6 order=1 native/read-data ...    accepted ~11.133 Mpps, loss 23.215%, cons 1.000, perf cpu 100.0%, 286.8 cyc/pkt (89.8 ns), oerrors 0
[802/1360] 14.500 Mpps block=6 order=2 skb/no-touch ...    accepted ~1.247 Mpps, loss 91.399%, cons 1.000, perf cpu 100.0%, 2561.5 cyc/pkt (802.0 ns), oerrors 0
[803/1360] 14.500 Mpps block=6 order=3 skb/read-data ...    accepted ~1.248 Mpps, loss 91.394%, cons 1.000, perf cpu 100.0%, 2559.4 cyc/pkt (801.4 ns), oerrors 0
[804/1360] 14.500 Mpps block=6 order=4 native/no-touch ...    accepted ~14.357 Mpps, loss 0.984%, cons 1.000, perf cpu 100.0%, 222.5 cyc/pkt (69.7 ns), oerrors 0
[805/1360] 12.000 Mpps block=6 order=1 native/no-touch ...    accepted ~12.000 Mpps, loss 0.000%, cons 1.000, perf cpu 96.2%, 247.2 cyc/pkt (80.4 ns), oerrors 0
[806/1360] 12.000 Mpps block=6 order=2 skb/read-data ...    accepted ~1.239 Mpps, loss 89.676%, cons 1.000, perf cpu 100.0%, 2577.9 cyc/pkt (807.2 ns), oerrors 0
[807/1360] 12.000 Mpps block=6 order=3 native/read-data ...    accepted ~8.308 Mpps, loss 30.770%, cons 1.000, perf cpu 100.0%, 384.1 cyc/pkt (120.4 ns), oerrors 0
[808/1360] 12.000 Mpps block=6 order=4 skb/no-touch ...    accepted ~1.249 Mpps, loss 89.594%, cons 1.000, perf cpu 100.0%, 2557.5 cyc/pkt (800.8 ns), oerrors 0
[809/1360] 5.500 Mpps block=6 order=1 skb/read-data ...    accepted ~1.243 Mpps, loss 77.394%, cons 1.000, perf cpu 100.0%, 2568.8 cyc/pkt (804.3 ns), oerrors 0
[810/1360] 5.500 Mpps block=6 order=2 skb/no-touch ...    accepted ~1.248 Mpps, loss 77.313%, cons 1.000, perf cpu 100.0%, 2559.7 cyc/pkt (801.4 ns), oerrors 0
[811/1360] 5.500 Mpps block=6 order=3 native/no-touch ...    accepted ~5.500 Mpps, loss 0.000%, cons 1.000, perf cpu 68.0%, 365.1 cyc/pkt (126.2 ns), oerrors 0
[812/1360] 5.500 Mpps block=6 order=4 native/read-data ...    accepted ~5.500 Mpps, loss 0.000%, cons 1.000, perf cpu 84.4%, 451.0 cyc/pkt (155.1 ns), oerrors 0
[813/1360] 10.000 Mpps block=6 order=1 native/no-touch ...    accepted ~10.000 Mpps, loss 0.000%, cons 1.000, perf cpu 86.3%, 258.8 cyc/pkt (86.9 ns), oerrors 0
[814/1360] 10.000 Mpps block=6 order=2 native/read-data ...    accepted ~9.510 Mpps, loss 4.902%, cons 1.000, perf cpu 100.0%, 335.7 cyc/pkt (105.2 ns), oerrors 0
[815/1360] 10.000 Mpps block=6 order=3 skb/read-data ...    accepted ~1.245 Mpps, loss 87.555%, cons 1.000, perf cpu 100.0%, 2566.2 cyc/pkt (803.5 ns), oerrors 0
[816/1360] 10.000 Mpps block=6 order=4 skb/no-touch ...    accepted ~1.248 Mpps, loss 87.518%, cons 1.000, perf cpu 100.0%, 2558.7 cyc/pkt (801.1 ns), oerrors 0
[817/1360] 11.500 Mpps block=7 order=1 native/no-touch ...    accepted ~11.500 Mpps, loss 0.000%, cons 1.000, perf cpu 93.0%, 249.1 cyc/pkt (81.2 ns), oerrors 0
[818/1360] 11.500 Mpps block=7 order=2 skb/read-data ...    accepted ~1.242 Mpps, loss 89.198%, cons 1.000, perf cpu 100.0%, 2571.1 cyc/pkt (805.0 ns), oerrors 0
[819/1360] 11.500 Mpps block=7 order=3 native/read-data ...    accepted ~10.800 Mpps, loss 6.085%, cons 1.000, perf cpu 100.0%, 295.6 cyc/pkt (92.6 ns), oerrors 0
[820/1360] 11.500 Mpps block=7 order=4 skb/no-touch ...    accepted ~1.247 Mpps, loss 89.157%, cons 1.000, perf cpu 100.0%, 2561.3 cyc/pkt (801.9 ns), oerrors 0
[821/1360] 0.250 Mpps block=7 order=1 native/no-touch ...    accepted ~0.250 Mpps, loss 0.000%, cons 1.000, perf cpu 4.0%, 523.8 cyc/pkt (165.9 ns), oerrors 0
[822/1360] 0.250 Mpps block=7 order=2 skb/read-data ...    accepted ~0.250 Mpps, loss 0.000%, cons 1.000, perf cpu 22.4%, 2870.5 cyc/pkt (901.9 ns), oerrors 0
[823/1360] 0.250 Mpps block=7 order=3 native/read-data ...    accepted ~0.250 Mpps, loss 0.000%, cons 1.000, perf cpu 4.6%, 601.7 cyc/pkt (190.4 ns), oerrors 0
[824/1360] 0.250 Mpps block=7 order=4 skb/no-touch ...    accepted ~0.250 Mpps, loss 0.000%, cons 1.000, perf cpu 22.4%, 2869.8 cyc/pkt (901.9 ns), oerrors 0
[825/1360] 8.000 Mpps block=7 order=1 skb/no-touch ...    accepted ~1.244 Mpps, loss 84.451%, cons 1.000, perf cpu 100.0%, 2567.5 cyc/pkt (803.9 ns), oerrors 0
[826/1360] 8.000 Mpps block=7 order=2 native/no-touch ...    accepted ~8.000 Mpps, loss 0.000%, cons 1.000, perf cpu 81.0%, 298.3 cyc/pkt (102.6 ns), oerrors 0
[827/1360] 8.000 Mpps block=7 order=3 skb/read-data ...    accepted ~1.248 Mpps, loss 84.404%, cons 1.000, perf cpu 100.0%, 2559.8 cyc/pkt (801.5 ns), oerrors 0
[828/1360] 8.000 Mpps block=7 order=4 native/read-data ...    accepted ~8.000 Mpps, loss 0.000%, cons 1.000, perf cpu 89.6%, 334.1 cyc/pkt (112.6 ns), oerrors 0
[829/1360] 9.000 Mpps block=7 order=1 skb/read-data ...    accepted ~1.244 Mpps, loss 86.176%, cons 1.000, perf cpu 100.0%, 2567.0 cyc/pkt (803.8 ns), oerrors 0
[830/1360] 9.000 Mpps block=7 order=2 skb/no-touch ...    accepted ~1.251 Mpps, loss 86.099%, cons 1.000, perf cpu 100.0%, 2552.7 cyc/pkt (799.3 ns), oerrors 0
[831/1360] 9.000 Mpps block=7 order=3 native/read-data ...    accepted ~9.000 Mpps, loss 0.000%, cons 1.000, perf cpu 85.4%, 284.7 cyc/pkt (95.6 ns), oerrors 0
[832/1360] 9.000 Mpps block=7 order=4 native/no-touch ...    accepted ~9.000 Mpps, loss 0.000%, cons 1.000, perf cpu 82.3%, 272.3 cyc/pkt (92.2 ns), oerrors 0
[833/1360] 11.000 Mpps block=7 order=1 native/read-data ...    accepted ~8.307 Mpps, loss 24.485%, cons 1.000, perf cpu 100.0%, 384.1 cyc/pkt (120.4 ns), oerrors 0
[834/1360] 11.000 Mpps block=7 order=2 skb/no-touch ...    accepted ~1.240 Mpps, loss 88.730%, cons 1.000, perf cpu 100.0%, 2576.3 cyc/pkt (806.6 ns), oerrors 0
[835/1360] 11.000 Mpps block=7 order=3 native/no-touch ...    accepted ~11.000 Mpps, loss 0.000%, cons 1.000, perf cpu 91.0%, 251.1 cyc/pkt (83.2 ns), oerrors 0
[836/1360] 11.000 Mpps block=7 order=4 skb/read-data ...    accepted ~1.246 Mpps, loss 88.671%, cons 1.000, perf cpu 100.0%, 2562.6 cyc/pkt (802.4 ns), oerrors 0
[837/1360] 8.500 Mpps block=7 order=1 native/no-touch ...    accepted ~8.500 Mpps, loss 0.000%, cons 1.000, perf cpu 81.3%, 284.1 cyc/pkt (96.7 ns), oerrors 0
[838/1360] 8.500 Mpps block=7 order=2 skb/read-data ...    accepted ~1.244 Mpps, loss 85.367%, cons 1.000, perf cpu 100.0%, 2567.6 cyc/pkt (803.9 ns), oerrors 0
[839/1360] 8.500 Mpps block=7 order=3 skb/no-touch ...    accepted ~1.244 Mpps, loss 85.367%, cons 1.000, perf cpu 100.0%, 2567.6 cyc/pkt (804.0 ns), oerrors 0
[840/1360] 8.500 Mpps block=7 order=4 native/read-data ...    accepted ~8.500 Mpps, loss 0.000%, cons 1.000, perf cpu 98.4%, 362.5 cyc/pkt (115.9 ns), oerrors 0
[841/1360] 10.500 Mpps block=7 order=1 skb/no-touch ...    accepted ~1.245 Mpps, loss 88.146%, cons 1.000, perf cpu 100.0%, 2565.9 cyc/pkt (803.4 ns), oerrors 0
[842/1360] 10.500 Mpps block=7 order=2 skb/read-data ...    accepted ~1.243 Mpps, loss 88.157%, cons 1.000, perf cpu 100.0%, 2568.5 cyc/pkt (804.2 ns), oerrors 0
[843/1360] 10.500 Mpps block=7 order=3 native/read-data ...    accepted ~10.146 Mpps, loss 3.372%, cons 1.000, perf cpu 100.0%, 314.7 cyc/pkt (98.6 ns), oerrors 0
[844/1360] 10.500 Mpps block=7 order=4 native/no-touch ...    accepted ~10.500 Mpps, loss 0.000%, cons 1.000, perf cpu 88.6%, 254.4 cyc/pkt (84.9 ns), oerrors 0
[845/1360] 5.500 Mpps block=7 order=1 native/read-data ...    accepted ~5.500 Mpps, loss 0.000%, cons 1.000, perf cpu 78.3%, 417.9 cyc/pkt (144.3 ns), oerrors 0
[846/1360] 5.500 Mpps block=7 order=2 skb/no-touch ...    accepted ~1.248 Mpps, loss 77.315%, cons 1.000, perf cpu 100.0%, 2559.8 cyc/pkt (801.5 ns), oerrors 0
[847/1360] 5.500 Mpps block=7 order=3 native/no-touch ...    accepted ~5.500 Mpps, loss 0.000%, cons 1.000, perf cpu 68.2%, 364.9 cyc/pkt (126.5 ns), oerrors 0
[848/1360] 5.500 Mpps block=7 order=4 skb/read-data ...    accepted ~1.242 Mpps, loss 77.410%, cons 1.000, perf cpu 100.0%, 2570.6 cyc/pkt (804.8 ns), oerrors 0
[849/1360] 1.500 Mpps block=7 order=1 skb/read-data ...    accepted ~1.242 Mpps, loss 17.224%, cons 1.000, perf cpu 100.0%, 2572.3 cyc/pkt (805.4 ns), oerrors 0
[850/1360] 1.500 Mpps block=7 order=2 native/no-touch ...    accepted ~1.500 Mpps, loss 0.000%, cons 1.000, perf cpu 20.0%, 431.6 cyc/pkt (137.2 ns), oerrors 0
[851/1360] 1.500 Mpps block=7 order=3 native/read-data ...    accepted ~1.500 Mpps, loss 0.000%, cons 1.000, perf cpu 22.3%, 479.6 cyc/pkt (152.3 ns), oerrors 0
[852/1360] 1.500 Mpps block=7 order=4 skb/no-touch ...    accepted ~1.249 Mpps, loss 16.724%, cons 1.000, perf cpu 100.0%, 2556.8 cyc/pkt (800.5 ns), oerrors 0
[853/1360] 14.000 Mpps block=7 order=1 skb/no-touch ...    accepted ~1.244 Mpps, loss 91.112%, cons 1.000, perf cpu 100.0%, 2566.7 cyc/pkt (803.6 ns), oerrors 0
[854/1360] 14.000 Mpps block=7 order=2 native/read-data ...    accepted ~9.385 Mpps, loss 32.965%, cons 1.000, perf cpu 100.0%, 340.1 cyc/pkt (106.5 ns), oerrors 0
[855/1360] 14.000 Mpps block=7 order=3 skb/read-data ...    accepted ~1.244 Mpps, loss 91.116%, cons 1.000, perf cpu 100.0%, 2567.7 cyc/pkt (804.0 ns), oerrors 0
[856/1360] 14.000 Mpps block=7 order=4 native/no-touch ...    accepted ~14.000 Mpps, loss 0.000%, cons 1.000, perf cpu 99.8%, 227.2 cyc/pkt (71.3 ns), oerrors 0
[857/1360] 14.000 Mpps block=7 order=1 skb/read-data (no counters) ...    accepted ~1.239 Mpps, loss 91.148%, cons 1.000, perf cpu 0.0%, 0.0 cyc/pkt (0.0 ns), oerrors 0
[858/1360] 14.000 Mpps block=7 order=2 skb/no-touch (no counters) ...    accepted ~1.245 Mpps, loss 91.108%, cons 1.000, perf cpu 0.0%, 0.0 cyc/pkt (0.0 ns), oerrors 0
[859/1360] 14.000 Mpps block=7 order=3 native/read-data (no counters) ...    accepted ~10.292 Mpps, loss 26.488%, cons 1.000, perf cpu 0.0%, 0.0 cyc/pkt (0.0 ns), oerrors 0
[860/1360] 14.000 Mpps block=7 order=4 native/no-touch (no counters) ...    accepted ~14.000 Mpps, loss 0.000%, cons 1.000, perf cpu 0.0%, 0.0 cyc/pkt (0.0 ns), oerrors 0
[861/1360] 6.000 Mpps block=7 order=1 native/no-touch ...    accepted ~6.000 Mpps, loss 0.000%, cons 1.000, perf cpu 70.4%, 346.8 cyc/pkt (119.5 ns), oerrors 0
[862/1360] 6.000 Mpps block=7 order=2 skb/no-touch ...    accepted ~1.246 Mpps, loss 79.242%, cons 1.000, perf cpu 100.0%, 2564.2 cyc/pkt (802.9 ns), oerrors 0
[863/1360] 6.000 Mpps block=7 order=3 skb/read-data ...    accepted ~1.241 Mpps, loss 79.322%, cons 1.000, perf cpu 100.0%, 2574.2 cyc/pkt (806.0 ns), oerrors 0
[864/1360] 6.000 Mpps block=7 order=4 native/read-data ...    accepted ~6.000 Mpps, loss 0.000%, cons 1.000, perf cpu 85.6%, 419.4 cyc/pkt (144.0 ns), oerrors 0
[865/1360] 14.881 Mpps block=7 order=1 skb/read-data ...    accepted ~1.244 Mpps, loss 91.629%, cons 1.000, perf cpu 100.0%, 2567.4 cyc/pkt (803.9 ns), oerrors 0
[866/1360] 14.881 Mpps block=7 order=2 native/read-data ...    accepted ~12.075 Mpps, loss 18.856%, cons 1.000, perf cpu 100.0%, 264.5 cyc/pkt (82.8 ns), oerrors 0
[867/1360] 14.881 Mpps block=7 order=3 skb/no-touch ...    accepted ~1.249 Mpps, loss 91.604%, cons 1.000, perf cpu 100.0%, 2556.8 cyc/pkt (800.5 ns), oerrors 0
[868/1360] 14.881 Mpps block=7 order=4 native/no-touch ...    accepted ~14.261 Mpps, loss 4.161%, cons 1.000, perf cpu 100.0%, 223.9 cyc/pkt (70.1 ns), oerrors 0
[869/1360] 14.881 Mpps block=7 order=1 native/no-touch (no counters) ...    accepted ~14.273 Mpps, loss 4.081%, cons 1.000, perf cpu 0.0%, 0.0 cyc/pkt (0.0 ns), oerrors 0
[870/1360] 14.881 Mpps block=7 order=2 skb/no-touch (no counters) ...    accepted ~1.252 Mpps, loss 91.582%, cons 1.000, perf cpu 0.0%, 0.0 cyc/pkt (0.0 ns), oerrors 0
[871/1360] 14.881 Mpps block=7 order=3 native/read-data (no counters) ...    accepted ~11.837 Mpps, loss 20.455%, cons 1.000, perf cpu 0.0%, 0.0 cyc/pkt (0.0 ns), oerrors 0
[872/1360] 14.881 Mpps block=7 order=4 skb/read-data (no counters) ...    accepted ~1.242 Mpps, loss 91.652%, cons 1.000, perf cpu 0.0%, 0.0 cyc/pkt (0.0 ns), oerrors 0
[873/1360] 0.500 Mpps block=7 order=1 native/read-data ...    accepted ~0.500 Mpps, loss 0.000%, cons 1.000, perf cpu 8.0%, 512.9 cyc/pkt (162.2 ns), oerrors 0
[874/1360] 0.500 Mpps block=7 order=2 skb/read-data ...    accepted ~0.500 Mpps, loss 0.000%, cons 1.000, perf cpu 43.8%, 2801.5 cyc/pkt (880.7 ns), oerrors 0
[875/1360] 0.500 Mpps block=7 order=3 skb/no-touch ...    accepted ~0.500 Mpps, loss 0.000%, cons 1.000, perf cpu 43.8%, 2799.2 cyc/pkt (880.0 ns), oerrors 0
[876/1360] 0.500 Mpps block=7 order=4 native/no-touch ...    accepted ~0.500 Mpps, loss 0.000%, cons 1.000, perf cpu 6.0%, 389.9 cyc/pkt (123.6 ns), oerrors 0
[877/1360] 14.500 Mpps block=7 order=1 native/no-touch ...    accepted ~14.357 Mpps, loss 0.979%, cons 1.000, perf cpu 100.0%, 222.4 cyc/pkt (69.7 ns), oerrors 0
[878/1360] 14.500 Mpps block=7 order=2 skb/no-touch ...    accepted ~1.248 Mpps, loss 91.393%, cons 1.000, perf cpu 100.0%, 2559.2 cyc/pkt (801.3 ns), oerrors 0
[879/1360] 14.500 Mpps block=7 order=3 skb/read-data ...    accepted ~1.248 Mpps, loss 91.390%, cons 1.000, perf cpu 100.0%, 2558.3 cyc/pkt (801.0 ns), oerrors 0
[880/1360] 14.500 Mpps block=7 order=4 native/read-data ...    accepted ~9.959 Mpps, loss 31.314%, cons 1.000, perf cpu 100.0%, 320.6 cyc/pkt (100.4 ns), oerrors 0
[881/1360] 0.750 Mpps block=7 order=1 native/no-touch ...    accepted ~0.750 Mpps, loss 0.000%, cons 1.000, perf cpu 9.6%, 412.8 cyc/pkt (130.9 ns), oerrors 0
[882/1360] 0.750 Mpps block=7 order=2 native/read-data ...    accepted ~0.750 Mpps, loss 0.000%, cons 1.000, perf cpu 11.0%, 473.2 cyc/pkt (149.8 ns), oerrors 0
[883/1360] 0.750 Mpps block=7 order=3 skb/no-touch ...    accepted ~0.750 Mpps, loss 0.000%, cons 1.000, perf cpu 67.7%, 2842.8 cyc/pkt (907.9 ns), oerrors 0
[884/1360] 0.750 Mpps block=7 order=4 skb/read-data ...    accepted ~0.750 Mpps, loss 0.000%, cons 1.000, perf cpu 67.7%, 2843.3 cyc/pkt (907.7 ns), oerrors 0
[885/1360] 4.500 Mpps block=7 order=1 native/read-data ...    accepted ~4.500 Mpps, loss 0.000%, cons 1.000, perf cpu 75.8%, 491.6 cyc/pkt (171.2 ns), oerrors 0
[886/1360] 4.500 Mpps block=7 order=2 skb/read-data ...    accepted ~1.245 Mpps, loss 72.326%, cons 1.000, perf cpu 100.0%, 2564.6 cyc/pkt (803.0 ns), oerrors 0
[887/1360] 4.500 Mpps block=7 order=3 skb/no-touch ...    accepted ~1.245 Mpps, loss 72.341%, cons 1.000, perf cpu 100.0%, 2566.0 cyc/pkt (803.4 ns), oerrors 0
[888/1360] 4.500 Mpps block=7 order=4 native/no-touch ...    accepted ~4.500 Mpps, loss 0.000%, cons 1.000, perf cpu 60.4%, 398.6 cyc/pkt (137.4 ns), oerrors 0
[889/1360] 6.500 Mpps block=7 order=1 native/no-touch ...    accepted ~6.500 Mpps, loss 0.000%, cons 1.000, perf cpu 73.0%, 332.8 cyc/pkt (114.2 ns), oerrors 0
[890/1360] 6.500 Mpps block=7 order=2 skb/read-data ...    accepted ~1.243 Mpps, loss 80.879%, cons 1.000, perf cpu 100.0%, 2569.7 cyc/pkt (804.6 ns), oerrors 0
[891/1360] 6.500 Mpps block=7 order=3 native/read-data ...    accepted ~6.500 Mpps, loss 0.000%, cons 1.000, perf cpu 88.1%, 401.1 cyc/pkt (136.4 ns), oerrors 0
[892/1360] 6.500 Mpps block=7 order=4 skb/no-touch ...    accepted ~1.243 Mpps, loss 80.880%, cons 1.000, perf cpu 100.0%, 2569.9 cyc/pkt (804.6 ns), oerrors 0
[893/1360] 3.500 Mpps block=7 order=1 native/read-data ...    accepted ~3.500 Mpps, loss 0.000%, cons 1.000, perf cpu 63.5%, 537.7 cyc/pkt (184.9 ns), oerrors 0
[894/1360] 3.500 Mpps block=7 order=2 skb/read-data ...    accepted ~1.245 Mpps, loss 64.417%, cons 1.000, perf cpu 100.0%, 2564.4 cyc/pkt (802.9 ns), oerrors 0
[895/1360] 3.500 Mpps block=7 order=3 skb/no-touch ...    accepted ~1.243 Mpps, loss 64.491%, cons 1.000, perf cpu 100.0%, 2569.8 cyc/pkt (804.6 ns), oerrors 0
[896/1360] 3.500 Mpps block=7 order=4 native/no-touch ...    accepted ~3.500 Mpps, loss 0.000%, cons 1.000, perf cpu 48.9%, 419.3 cyc/pkt (143.2 ns), oerrors 0
[897/1360] 2.500 Mpps block=7 order=1 native/read-data ...    accepted ~2.500 Mpps, loss 0.000%, cons 1.000, perf cpu 47.8%, 581.8 cyc/pkt (195.2 ns), oerrors 0
[898/1360] 2.500 Mpps block=7 order=2 native/no-touch ...    accepted ~2.500 Mpps, loss 0.000%, cons 1.000, perf cpu 36.6%, 453.9 cyc/pkt (150.3 ns), oerrors 0
[899/1360] 2.500 Mpps block=7 order=3 skb/read-data ...    accepted ~1.246 Mpps, loss 50.148%, cons 1.000, perf cpu 100.0%, 2562.7 cyc/pkt (802.4 ns), oerrors 0
[900/1360] 2.500 Mpps block=7 order=4 skb/no-touch ...    accepted ~1.248 Mpps, loss 50.062%, cons 1.000, perf cpu 100.0%, 2558.2 cyc/pkt (801.0 ns), oerrors 0
[901/1360] 4.000 Mpps block=7 order=1 skb/read-data ...    accepted ~1.244 Mpps, loss 68.890%, cons 1.000, perf cpu 100.0%, 2566.6 cyc/pkt (803.6 ns), oerrors 0
[902/1360] 4.000 Mpps block=7 order=2 native/read-data ...    accepted ~4.000 Mpps, loss 0.000%, cons 1.000, perf cpu 65.4%, 483.8 cyc/pkt (166.7 ns), oerrors 0
[903/1360] 4.000 Mpps block=7 order=3 native/no-touch ...    accepted ~4.000 Mpps, loss 0.000%, cons 1.000, perf cpu 54.2%, 402.8 cyc/pkt (138.7 ns), oerrors 0
[904/1360] 4.000 Mpps block=7 order=4 skb/no-touch ...    accepted ~1.248 Mpps, loss 68.803%, cons 1.000, perf cpu 100.0%, 2559.4 cyc/pkt (801.4 ns), oerrors 0
[905/1360] 13.500 Mpps block=7 order=1 skb/read-data ...    accepted ~1.245 Mpps, loss 90.778%, cons 1.000, perf cpu 100.0%, 2565.5 cyc/pkt (803.3 ns), oerrors 0
[906/1360] 13.500 Mpps block=7 order=2 skb/no-touch ...    accepted ~1.245 Mpps, loss 90.775%, cons 1.000, perf cpu 100.0%, 2564.6 cyc/pkt (803.0 ns), oerrors 0
[907/1360] 13.500 Mpps block=7 order=3 native/no-touch ...    accepted ~13.500 Mpps, loss 0.000%, cons 1.000, perf cpu 99.3%, 233.3 cyc/pkt (73.6 ns), oerrors 0
[908/1360] 13.500 Mpps block=7 order=4 native/read-data ...    accepted ~12.287 Mpps, loss 8.982%, cons 1.000, perf cpu 100.0%, 259.9 cyc/pkt (81.4 ns), oerrors 0
[909/1360] 10.000 Mpps block=7 order=1 skb/no-touch ...    accepted ~1.244 Mpps, loss 87.556%, cons 1.000, perf cpu 100.0%, 2566.5 cyc/pkt (803.6 ns), oerrors 0
[910/1360] 10.000 Mpps block=7 order=2 native/no-touch ...    accepted ~10.000 Mpps, loss 0.000%, cons 1.000, perf cpu 86.1%, 259.1 cyc/pkt (86.7 ns), oerrors 0
[911/1360] 10.000 Mpps block=7 order=3 native/read-data ...    accepted ~10.000 Mpps, loss 0.000%, cons 1.000, perf cpu 93.5%, 287.1 cyc/pkt (93.9 ns), oerrors 0
[912/1360] 10.000 Mpps block=7 order=4 skb/read-data ...    accepted ~1.244 Mpps, loss 87.561%, cons 1.000, perf cpu 100.0%, 2567.7 cyc/pkt (803.9 ns), oerrors 0
[913/1360] 12.000 Mpps block=7 order=1 skb/no-touch ...    accepted ~1.250 Mpps, loss 89.581%, cons 1.000, perf cpu 100.0%, 2555.1 cyc/pkt (800.0 ns), oerrors 0
[914/1360] 12.000 Mpps block=7 order=2 skb/read-data ...    accepted ~1.246 Mpps, loss 89.614%, cons 1.000, perf cpu 100.0%, 2562.5 cyc/pkt (802.3 ns), oerrors 0
[915/1360] 12.000 Mpps block=7 order=3 native/no-touch ...    accepted ~12.000 Mpps, loss 0.000%, cons 1.000, perf cpu 96.1%, 247.6 cyc/pkt (80.3 ns), oerrors 0
[916/1360] 12.000 Mpps block=7 order=4 native/read-data ...    accepted ~8.211 Mpps, loss 31.574%, cons 1.000, perf cpu 100.0%, 388.8 cyc/pkt (121.8 ns), oerrors 0
[917/1360] 5.000 Mpps block=7 order=1 native/read-data ...    accepted ~5.000 Mpps, loss 0.000%, cons 1.000, perf cpu 80.7%, 476.4 cyc/pkt (163.5 ns), oerrors 0
[918/1360] 5.000 Mpps block=7 order=2 native/no-touch ...    accepted ~5.000 Mpps, loss 0.000%, cons 1.000, perf cpu 65.5%, 386.2 cyc/pkt (133.9 ns), oerrors 0
[919/1360] 5.000 Mpps block=7 order=3 skb/read-data ...    accepted ~1.248 Mpps, loss 75.047%, cons 1.000, perf cpu 100.0%, 2559.9 cyc/pkt (801.5 ns), oerrors 0
[920/1360] 5.000 Mpps block=7 order=4 skb/no-touch ...    accepted ~1.250 Mpps, loss 75.010%, cons 1.000, perf cpu 100.0%, 2556.1 cyc/pkt (800.3 ns), oerrors 0
[921/1360] 7.500 Mpps block=7 order=1 native/no-touch ...    accepted ~7.500 Mpps, loss 0.000%, cons 1.000, perf cpu 79.0%, 312.2 cyc/pkt (107.0 ns), oerrors 0
[922/1360] 7.500 Mpps block=7 order=2 native/read-data ...    accepted ~7.500 Mpps, loss 0.000%, cons 1.000, perf cpu 88.0%, 351.4 cyc/pkt (118.1 ns), oerrors 0
[923/1360] 7.500 Mpps block=7 order=3 skb/read-data ...    accepted ~1.238 Mpps, loss 83.487%, cons 1.000, perf cpu 100.0%, 2578.8 cyc/pkt (807.4 ns), oerrors 0
[924/1360] 7.500 Mpps block=7 order=4 skb/no-touch ...    accepted ~1.242 Mpps, loss 83.438%, cons 1.000, perf cpu 100.0%, 2571.1 cyc/pkt (805.0 ns), oerrors 0
[925/1360] 1.000 Mpps block=7 order=1 native/read-data ...    accepted ~1.000 Mpps, loss 0.000%, cons 1.000, perf cpu 17.9%, 576.3 cyc/pkt (182.3 ns), oerrors 0
[926/1360] 1.000 Mpps block=7 order=2 skb/no-touch ...    accepted ~1.000 Mpps, loss 0.000%, cons 1.000, perf cpu 88.5%, 2768.8 cyc/pkt (888.4 ns), oerrors 0
[927/1360] 1.000 Mpps block=7 order=3 skb/read-data ...    accepted ~1.000 Mpps, loss 0.000%, cons 1.000, perf cpu 88.6%, 2769.6 cyc/pkt (889.9 ns), oerrors 0
[928/1360] 1.000 Mpps block=7 order=4 native/no-touch ...    accepted ~1.000 Mpps, loss 0.000%, cons 1.000, perf cpu 12.7%, 412.5 cyc/pkt (130.8 ns), oerrors 0
[929/1360] 12.500 Mpps block=7 order=1 native/read-data ...    accepted ~12.214 Mpps, loss 2.289%, cons 1.000, perf cpu 100.0%, 261.5 cyc/pkt (81.9 ns), oerrors 0
[930/1360] 12.500 Mpps block=7 order=2 native/no-touch ...    accepted ~12.500 Mpps, loss 0.000%, cons 1.000, perf cpu 97.9%, 245.0 cyc/pkt (78.5 ns), oerrors 0
[931/1360] 12.500 Mpps block=7 order=3 skb/no-touch ...    accepted ~1.246 Mpps, loss 90.028%, cons 1.000, perf cpu 100.0%, 2562.6 cyc/pkt (802.4 ns), oerrors 0
[932/1360] 12.500 Mpps block=7 order=4 skb/read-data ...    accepted ~1.239 Mpps, loss 90.085%, cons 1.000, perf cpu 100.0%, 2576.7 cyc/pkt (806.8 ns), oerrors 0
[933/1360] 9.500 Mpps block=7 order=1 skb/no-touch ...    accepted ~1.243 Mpps, loss 86.921%, cons 1.000, perf cpu 100.0%, 2570.3 cyc/pkt (804.8 ns), oerrors 0
[934/1360] 9.500 Mpps block=7 order=2 native/no-touch ...    accepted ~9.500 Mpps, loss 0.000%, cons 1.000, perf cpu 83.6%, 264.0 cyc/pkt (88.7 ns), oerrors 0
[935/1360] 9.500 Mpps block=7 order=3 skb/read-data ...    accepted ~1.246 Mpps, loss 86.887%, cons 1.000, perf cpu 100.0%, 2563.8 cyc/pkt (802.7 ns), oerrors 0
[936/1360] 9.500 Mpps block=7 order=4 native/read-data ...    accepted ~9.500 Mpps, loss 0.000%, cons 1.000, perf cpu 90.1%, 288.2 cyc/pkt (95.4 ns), oerrors 0
[937/1360] 3.000 Mpps block=7 order=1 skb/no-touch ...    accepted ~1.247 Mpps, loss 58.442%, cons 1.000, perf cpu 100.0%, 2561.7 cyc/pkt (802.1 ns), oerrors 0
[938/1360] 3.000 Mpps block=7 order=2 native/no-touch ...    accepted ~3.000 Mpps, loss 0.000%, cons 1.000, perf cpu 42.0%, 429.4 cyc/pkt (143.7 ns), oerrors 0
[939/1360] 3.000 Mpps block=7 order=3 native/read-data ...    accepted ~3.000 Mpps, loss 0.000%, cons 1.000, perf cpu 46.0%, 466.9 cyc/pkt (156.9 ns), oerrors 0
[940/1360] 3.000 Mpps block=7 order=4 skb/read-data ...    accepted ~1.245 Mpps, loss 58.503%, cons 1.000, perf cpu 100.0%, 2565.4 cyc/pkt (803.3 ns), oerrors 0
[941/1360] 13.000 Mpps block=7 order=1 skb/no-touch ...    accepted ~1.248 Mpps, loss 90.398%, cons 1.000, perf cpu 100.0%, 2558.4 cyc/pkt (801.1 ns), oerrors 0
[942/1360] 13.000 Mpps block=7 order=2 skb/read-data ...    accepted ~1.249 Mpps, loss 90.396%, cons 1.000, perf cpu 100.0%, 2557.9 cyc/pkt (800.9 ns), oerrors 0
[943/1360] 13.000 Mpps block=7 order=3 native/no-touch ...    accepted ~13.000 Mpps, loss 0.000%, cons 1.000, perf cpu 98.6%, 238.5 cyc/pkt (75.9 ns), oerrors 0
[944/1360] 13.000 Mpps block=7 order=4 native/read-data ...    accepted ~9.671 Mpps, loss 25.613%, cons 1.000, perf cpu 100.0%, 330.1 cyc/pkt (103.4 ns), oerrors 0
[945/1360] 2.000 Mpps block=7 order=1 skb/no-touch ...    accepted ~1.249 Mpps, loss 37.547%, cons 1.000, perf cpu 100.0%, 2557.0 cyc/pkt (800.6 ns), oerrors 0
[946/1360] 2.000 Mpps block=7 order=2 skb/read-data ...    accepted ~1.242 Mpps, loss 37.896%, cons 1.000, perf cpu 100.0%, 2571.3 cyc/pkt (805.1 ns), oerrors 0
[947/1360] 2.000 Mpps block=7 order=3 native/no-touch ...    accepted ~2.000 Mpps, loss 0.000%, cons 1.000, perf cpu 26.0%, 419.8 cyc/pkt (133.7 ns), oerrors 0
[948/1360] 2.000 Mpps block=7 order=4 native/read-data ...    accepted ~2.000 Mpps, loss 0.000%, cons 1.000, perf cpu 30.6%, 490.3 cyc/pkt (156.6 ns), oerrors 0
[949/1360] 7.000 Mpps block=7 order=1 skb/read-data ...    accepted ~1.244 Mpps, loss 82.229%, cons 1.000, perf cpu 100.0%, 2567.3 cyc/pkt (803.9 ns), oerrors 0
[950/1360] 7.000 Mpps block=7 order=2 native/no-touch ...    accepted ~7.000 Mpps, loss 0.000%, cons 1.000, perf cpu 75.9%, 322.5 cyc/pkt (110.2 ns), oerrors 0
[951/1360] 7.000 Mpps block=7 order=3 native/read-data ...    accepted ~7.000 Mpps, loss 0.000%, cons 1.000, perf cpu 88.0%, 376.4 cyc/pkt (126.5 ns), oerrors 0
[952/1360] 7.000 Mpps block=7 order=4 skb/no-touch ...    accepted ~1.251 Mpps, loss 82.127%, cons 1.000, perf cpu 100.0%, 2552.8 cyc/pkt (799.3 ns), oerrors 0
[953/1360] 7.000 Mpps block=8 order=1 skb/read-data ...    accepted ~1.243 Mpps, loss 82.239%, cons 1.000, perf cpu 100.0%, 2568.9 cyc/pkt (804.4 ns), oerrors 0
[954/1360] 7.000 Mpps block=8 order=2 native/no-touch ...    accepted ~7.000 Mpps, loss 0.000%, cons 1.000, perf cpu 75.6%, 320.1 cyc/pkt (109.7 ns), oerrors 0
[955/1360] 7.000 Mpps block=8 order=3 skb/no-touch ...    accepted ~1.247 Mpps, loss 82.190%, cons 1.000, perf cpu 100.0%, 2561.7 cyc/pkt (802.1 ns), oerrors 0
[956/1360] 7.000 Mpps block=8 order=4 native/read-data ...    accepted ~7.000 Mpps, loss 0.000%, cons 1.000, perf cpu 81.8%, 345.8 cyc/pkt (118.4 ns), oerrors 0
[957/1360] 2.500 Mpps block=8 order=1 skb/read-data ...    accepted ~1.248 Mpps, loss 50.073%, cons 1.000, perf cpu 100.0%, 2558.9 cyc/pkt (801.2 ns), oerrors 0
[958/1360] 2.500 Mpps block=8 order=2 skb/no-touch ...    accepted ~1.249 Mpps, loss 50.051%, cons 1.000, perf cpu 100.0%, 2557.6 cyc/pkt (800.8 ns), oerrors 0
[959/1360] 2.500 Mpps block=8 order=3 native/no-touch ...    accepted ~2.500 Mpps, loss 0.000%, cons 1.000, perf cpu 36.5%, 453.9 cyc/pkt (150.0 ns), oerrors 0
[960/1360] 2.500 Mpps block=8 order=4 native/read-data ...    accepted ~2.500 Mpps, loss 0.000%, cons 1.000, perf cpu 47.8%, 585.6 cyc/pkt (195.0 ns), oerrors 0
[961/1360] 9.500 Mpps block=8 order=1 native/read-data ...    accepted ~9.500 Mpps, loss 0.000%, cons 1.000, perf cpu 97.5%, 320.6 cyc/pkt (102.8 ns), oerrors 0
[962/1360] 9.500 Mpps block=8 order=2 skb/read-data ...    accepted ~1.245 Mpps, loss 86.896%, cons 1.000, perf cpu 100.0%, 2565.9 cyc/pkt (803.4 ns), oerrors 0
[963/1360] 9.500 Mpps block=8 order=3 native/no-touch ...    accepted ~9.500 Mpps, loss 0.000%, cons 1.000, perf cpu 83.8%, 265.1 cyc/pkt (88.9 ns), oerrors 0
[964/1360] 9.500 Mpps block=8 order=4 skb/no-touch ...    accepted ~1.240 Mpps, loss 86.953%, cons 1.000, perf cpu 100.0%, 2576.6 cyc/pkt (806.7 ns), oerrors 0
[965/1360] 8.500 Mpps block=8 order=1 skb/read-data ...    accepted ~1.236 Mpps, loss 85.456%, cons 1.000, perf cpu 100.0%, 2583.5 cyc/pkt (808.9 ns), oerrors 0
[966/1360] 8.500 Mpps block=8 order=2 native/no-touch ...    accepted ~8.500 Mpps, loss 0.000%, cons 1.000, perf cpu 81.3%, 284.1 cyc/pkt (96.8 ns), oerrors 0
[967/1360] 8.500 Mpps block=8 order=3 native/read-data ...    accepted ~8.500 Mpps, loss 0.000%, cons 1.000, perf cpu 86.6%, 305.1 cyc/pkt (102.6 ns), oerrors 0
[968/1360] 8.500 Mpps block=8 order=4 skb/no-touch ...    accepted ~1.246 Mpps, loss 85.336%, cons 1.000, perf cpu 100.0%, 2562.3 cyc/pkt (802.2 ns), oerrors 0
[969/1360] 1.500 Mpps block=8 order=1 skb/read-data ...    accepted ~1.248 Mpps, loss 16.815%, cons 1.000, perf cpu 100.0%, 2559.5 cyc/pkt (801.4 ns), oerrors 0
[970/1360] 1.500 Mpps block=8 order=2 skb/no-touch ...    accepted ~1.252 Mpps, loss 16.547%, cons 1.000, perf cpu 100.0%, 2551.4 cyc/pkt (798.9 ns), oerrors 0
[971/1360] 1.500 Mpps block=8 order=3 native/no-touch ...    accepted ~1.500 Mpps, loss 0.000%, cons 1.000, perf cpu 19.7%, 425.5 cyc/pkt (135.2 ns), oerrors 0
[972/1360] 1.500 Mpps block=8 order=4 native/read-data ...    accepted ~1.500 Mpps, loss 0.000%, cons 1.000, perf cpu 27.1%, 580.6 cyc/pkt (184.2 ns), oerrors 0
[973/1360] 5.000 Mpps block=8 order=1 native/no-touch ...    accepted ~5.000 Mpps, loss 0.000%, cons 1.000, perf cpu 65.6%, 385.6 cyc/pkt (134.1 ns), oerrors 0
[974/1360] 5.000 Mpps block=8 order=2 skb/read-data ...    accepted ~1.245 Mpps, loss 75.102%, cons 1.000, perf cpu 100.0%, 2565.6 cyc/pkt (803.3 ns), oerrors 0
[975/1360] 5.000 Mpps block=8 order=3 native/read-data ...    accepted ~5.000 Mpps, loss 0.000%, cons 1.000, perf cpu 82.5%, 480.9 cyc/pkt (167.1 ns), oerrors 0
[976/1360] 5.000 Mpps block=8 order=4 skb/no-touch ...    accepted ~1.246 Mpps, loss 75.089%, cons 1.000, perf cpu 100.0%, 2564.1 cyc/pkt (802.8 ns), oerrors 0
[977/1360] 0.250 Mpps block=8 order=1 native/no-touch ...    accepted ~0.250 Mpps, loss 0.000%, cons 1.000, perf cpu 4.0%, 524.0 cyc/pkt (165.9 ns), oerrors 0
[978/1360] 0.250 Mpps block=8 order=2 native/read-data ...    accepted ~0.250 Mpps, loss 0.000%, cons 1.000, perf cpu 4.8%, 628.4 cyc/pkt (198.7 ns), oerrors 0
[979/1360] 0.250 Mpps block=8 order=3 skb/no-touch ...    accepted ~0.250 Mpps, loss 0.000%, cons 1.000, perf cpu 22.4%, 2864.6 cyc/pkt (900.1 ns), oerrors 0
[980/1360] 0.250 Mpps block=8 order=4 skb/read-data ...    accepted ~0.250 Mpps, loss 0.000%, cons 1.000, perf cpu 22.6%, 2890.7 cyc/pkt (908.3 ns), oerrors 0
[981/1360] 9.000 Mpps block=8 order=1 skb/no-touch ...    accepted ~1.246 Mpps, loss 86.160%, cons 1.000, perf cpu 100.0%, 2563.9 cyc/pkt (802.8 ns), oerrors 0
[982/1360] 9.000 Mpps block=8 order=2 skb/read-data ...    accepted ~1.242 Mpps, loss 86.197%, cons 1.000, perf cpu 100.0%, 2570.8 cyc/pkt (805.0 ns), oerrors 0
[983/1360] 9.000 Mpps block=8 order=3 native/no-touch ...    accepted ~9.000 Mpps, loss 0.000%, cons 1.000, perf cpu 82.5%, 271.8 cyc/pkt (92.5 ns), oerrors 0
[984/1360] 9.000 Mpps block=8 order=4 native/read-data ...    accepted ~9.000 Mpps, loss 0.000%, cons 1.000, perf cpu 89.2%, 296.6 cyc/pkt (99.7 ns), oerrors 0
[985/1360] 3.000 Mpps block=8 order=1 skb/read-data ...    accepted ~1.249 Mpps, loss 58.383%, cons 1.000, perf cpu 100.0%, 2558.1 cyc/pkt (801.0 ns), oerrors 0
[986/1360] 3.000 Mpps block=8 order=2 native/read-data ...    accepted ~3.000 Mpps, loss 0.000%, cons 1.000, perf cpu 45.1%, 458.9 cyc/pkt (154.0 ns), oerrors 0
[987/1360] 3.000 Mpps block=8 order=3 native/no-touch ...    accepted ~3.000 Mpps, loss 0.000%, cons 1.000, perf cpu 41.9%, 429.2 cyc/pkt (143.3 ns), oerrors 0
[988/1360] 3.000 Mpps block=8 order=4 skb/no-touch ...    accepted ~1.250 Mpps, loss 58.339%, cons 1.000, perf cpu 100.0%, 2555.3 cyc/pkt (800.1 ns), oerrors 0
[989/1360] 1.000 Mpps block=8 order=1 native/read-data ...    accepted ~1.000 Mpps, loss 0.000%, cons 1.000, perf cpu 17.3%, 559.6 cyc/pkt (177.0 ns), oerrors 0
[990/1360] 1.000 Mpps block=8 order=2 skb/read-data ...    accepted ~1.000 Mpps, loss 0.000%, cons 1.000, perf cpu 88.5%, 2765.3 cyc/pkt (888.1 ns), oerrors 0
[991/1360] 1.000 Mpps block=8 order=3 native/no-touch ...    accepted ~1.000 Mpps, loss 0.000%, cons 1.000, perf cpu 12.7%, 412.1 cyc/pkt (130.7 ns), oerrors 0
[992/1360] 1.000 Mpps block=8 order=4 skb/no-touch ...    accepted ~1.000 Mpps, loss 0.000%, cons 1.000, perf cpu 88.5%, 2765.0 cyc/pkt (888.4 ns), oerrors 0
[993/1360] 0.500 Mpps block=8 order=1 skb/no-touch ...    accepted ~0.500 Mpps, loss 0.000%, cons 1.000, perf cpu 43.8%, 2799.2 cyc/pkt (879.5 ns), oerrors 0
[994/1360] 0.500 Mpps block=8 order=2 skb/read-data ...    accepted ~0.500 Mpps, loss 0.000%, cons 1.000, perf cpu 43.8%, 2802.5 cyc/pkt (880.7 ns), oerrors 0
[995/1360] 0.500 Mpps block=8 order=3 native/read-data ...    accepted ~0.500 Mpps, loss 0.000%, cons 1.000, perf cpu 7.2%, 466.9 cyc/pkt (147.7 ns), oerrors 0
[996/1360] 0.500 Mpps block=8 order=4 native/no-touch ...    accepted ~0.500 Mpps, loss 0.000%, cons 1.000, perf cpu 6.0%, 388.5 cyc/pkt (123.0 ns), oerrors 0
[997/1360] 14.881 Mpps block=8 order=1 skb/read-data ...    accepted ~1.242 Mpps, loss 91.651%, cons 1.000, perf cpu 100.0%, 2571.1 cyc/pkt (805.0 ns), oerrors 0
[998/1360] 14.881 Mpps block=8 order=2 native/no-touch ...    accepted ~14.292 Mpps, loss 3.957%, cons 1.000, perf cpu 100.0%, 223.5 cyc/pkt (70.0 ns), oerrors 0
[999/1360] 14.881 Mpps block=8 order=3 native/read-data ...    accepted ~12.279 Mpps, loss 17.480%, cons 1.000, perf cpu 100.0%, 260.1 cyc/pkt (81.4 ns), oerrors 0
[1000/1360] 14.881 Mpps block=8 order=4 skb/no-touch ...    accepted ~1.247 Mpps, loss 91.621%, cons 1.000, perf cpu 100.0%, 2562.0 cyc/pkt (802.2 ns), oerrors 0
[1001/1360] 14.881 Mpps block=8 order=1 skb/read-data (no counters) ...    accepted ~1.242 Mpps, loss 91.654%, cons 1.000, perf cpu 0.0%, 0.0 cyc/pkt (0.0 ns), oerrors 0
[1002/1360] 14.881 Mpps block=8 order=2 native/no-touch (no counters) ...    accepted ~14.306 Mpps, loss 3.858%, cons 1.000, perf cpu 0.0%, 0.0 cyc/pkt (0.0 ns), oerrors 0
[1003/1360] 14.881 Mpps block=8 order=3 skb/no-touch (no counters) ...    accepted ~1.250 Mpps, loss 91.591%, cons 1.000, perf cpu 0.0%, 0.0 cyc/pkt (0.0 ns), oerrors 0
[1004/1360] 14.881 Mpps block=8 order=4 native/read-data (no counters) ...    accepted ~12.159 Mpps, loss 18.289%, cons 1.000, perf cpu 0.0%, 0.0 cyc/pkt (0.0 ns), oerrors 0
[1005/1360] 6.500 Mpps block=8 order=1 skb/no-touch ...    accepted ~1.245 Mpps, loss 80.849%, cons 1.000, perf cpu 100.0%, 2565.6 cyc/pkt (803.3 ns), oerrors 0
[1006/1360] 6.500 Mpps block=8 order=2 skb/read-data ...    accepted ~1.241 Mpps, loss 80.902%, cons 1.000, perf cpu 100.0%, 2572.6 cyc/pkt (805.5 ns), oerrors 0
[1007/1360] 6.500 Mpps block=8 order=3 native/no-touch ...    accepted ~6.500 Mpps, loss 0.000%, cons 1.000, perf cpu 73.3%, 333.6 cyc/pkt (114.6 ns), oerrors 0
[1008/1360] 6.500 Mpps block=8 order=4 native/read-data ...    accepted ~6.500 Mpps, loss 0.000%, cons 1.000, perf cpu 86.5%, 393.4 cyc/pkt (134.1 ns), oerrors 0
[1009/1360] 12.000 Mpps block=8 order=1 native/read-data ...    accepted ~10.527 Mpps, loss 12.273%, cons 1.000, perf cpu 100.0%, 303.3 cyc/pkt (95.0 ns), oerrors 0
[1010/1360] 12.000 Mpps block=8 order=2 skb/read-data ...    accepted ~1.244 Mpps, loss 89.635%, cons 1.000, perf cpu 100.0%, 2567.7 cyc/pkt (804.0 ns), oerrors 0
[1011/1360] 12.000 Mpps block=8 order=3 native/no-touch ...    accepted ~12.000 Mpps, loss 0.000%, cons 1.000, perf cpu 96.5%, 248.1 cyc/pkt (80.6 ns), oerrors 0
[1012/1360] 12.000 Mpps block=8 order=4 skb/no-touch ...    accepted ~1.247 Mpps, loss 89.606%, cons 1.000, perf cpu 100.0%, 2560.4 cyc/pkt (801.7 ns), oerrors 0
[1013/1360] 4.500 Mpps block=8 order=1 native/read-data ...    accepted ~4.500 Mpps, loss 0.000%, cons 1.000, perf cpu 65.8%, 432.0 cyc/pkt (149.1 ns), oerrors 0
[1014/1360] 4.500 Mpps block=8 order=2 native/no-touch ...    accepted ~4.500 Mpps, loss 0.000%, cons 1.000, perf cpu 60.4%, 400.2 cyc/pkt (137.4 ns), oerrors 0
[1015/1360] 4.500 Mpps block=8 order=3 skb/read-data ...    accepted ~1.243 Mpps, loss 72.369%, cons 1.000, perf cpu 100.0%, 2568.6 cyc/pkt (804.2 ns), oerrors 0
[1016/1360] 4.500 Mpps block=8 order=4 skb/no-touch ...    accepted ~1.247 Mpps, loss 72.298%, cons 1.000, perf cpu 100.0%, 2561.9 cyc/pkt (802.2 ns), oerrors 0
[1017/1360] 7.500 Mpps block=8 order=1 skb/no-touch ...    accepted ~1.247 Mpps, loss 83.379%, cons 1.000, perf cpu 100.0%, 2561.9 cyc/pkt (802.2 ns), oerrors 0
[1018/1360] 7.500 Mpps block=8 order=2 skb/read-data ...    accepted ~1.244 Mpps, loss 83.411%, cons 1.000, perf cpu 100.0%, 2566.9 cyc/pkt (803.7 ns), oerrors 0
[1019/1360] 7.500 Mpps block=8 order=3 native/read-data ...    accepted ~7.500 Mpps, loss 0.000%, cons 1.000, perf cpu 91.1%, 367.9 cyc/pkt (122.0 ns), oerrors 0
[1020/1360] 7.500 Mpps block=8 order=4 native/no-touch ...    accepted ~7.500 Mpps, loss 0.000%, cons 1.000, perf cpu 79.3%, 310.7 cyc/pkt (107.4 ns), oerrors 0
[1021/1360] 2.000 Mpps block=8 order=1 skb/no-touch ...    accepted ~1.244 Mpps, loss 37.795%, cons 1.000, perf cpu 100.0%, 2567.1 cyc/pkt (803.8 ns), oerrors 0
[1022/1360] 2.000 Mpps block=8 order=2 native/read-data ...    accepted ~2.000 Mpps, loss 0.000%, cons 1.000, perf cpu 29.0%, 465.9 cyc/pkt (148.5 ns), oerrors 0
[1023/1360] 2.000 Mpps block=8 order=3 native/no-touch ...    accepted ~2.000 Mpps, loss 0.000%, cons 1.000, perf cpu 26.1%, 420.0 cyc/pkt (133.8 ns), oerrors 0
[1024/1360] 2.000 Mpps block=8 order=4 skb/read-data ...    accepted ~1.249 Mpps, loss 37.547%, cons 1.000, perf cpu 100.0%, 2556.9 cyc/pkt (800.6 ns), oerrors 0
[1025/1360] 8.000 Mpps block=8 order=1 skb/no-touch ...    accepted ~1.246 Mpps, loss 84.425%, cons 1.000, perf cpu 100.0%, 2563.1 cyc/pkt (802.5 ns), oerrors 0
[1026/1360] 8.000 Mpps block=8 order=2 native/no-touch ...    accepted ~8.000 Mpps, loss 0.000%, cons 1.000, perf cpu 80.7%, 299.4 cyc/pkt (102.3 ns), oerrors 0
[1027/1360] 8.000 Mpps block=8 order=3 skb/read-data ...    accepted ~1.246 Mpps, loss 84.423%, cons 1.000, perf cpu 100.0%, 2562.9 cyc/pkt (802.4 ns), oerrors 0
[1028/1360] 8.000 Mpps block=8 order=4 native/read-data ...    accepted ~8.000 Mpps, loss 0.000%, cons 1.000, perf cpu 85.2%, 317.1 cyc/pkt (107.5 ns), oerrors 0
[1029/1360] 10.000 Mpps block=8 order=1 native/read-data ...    accepted ~10.000 Mpps, loss 0.000%, cons 1.000, perf cpu 93.2%, 284.5 cyc/pkt (93.6 ns), oerrors 0
[1030/1360] 10.000 Mpps block=8 order=2 skb/read-data ...    accepted ~1.243 Mpps, loss 87.571%, cons 1.000, perf cpu 100.0%, 2569.6 cyc/pkt (804.6 ns), oerrors 0
[1031/1360] 10.000 Mpps block=8 order=3 native/no-touch ...    accepted ~10.000 Mpps, loss 0.000%, cons 1.000, perf cpu 86.1%, 259.0 cyc/pkt (86.7 ns), oerrors 0
[1032/1360] 10.000 Mpps block=8 order=4 skb/no-touch ...    accepted ~1.248 Mpps, loss 87.521%, cons 1.000, perf cpu 100.0%, 2559.2 cyc/pkt (801.3 ns), oerrors 0
[1033/1360] 5.500 Mpps block=8 order=1 skb/read-data ...    accepted ~1.243 Mpps, loss 77.394%, cons 1.000, perf cpu 100.0%, 2568.7 cyc/pkt (804.3 ns), oerrors 0
[1034/1360] 5.500 Mpps block=8 order=2 skb/no-touch ...    accepted ~1.244 Mpps, loss 77.383%, cons 1.000, perf cpu 100.0%, 2567.4 cyc/pkt (803.9 ns), oerrors 0
[1035/1360] 5.500 Mpps block=8 order=3 native/no-touch ...    accepted ~5.500 Mpps, loss 0.000%, cons 1.000, perf cpu 63.9%, 342.1 cyc/pkt (118.6 ns), oerrors 0
[1036/1360] 5.500 Mpps block=8 order=4 native/read-data ...    accepted ~5.500 Mpps, loss 0.000%, cons 1.000, perf cpu 77.3%, 414.0 cyc/pkt (142.6 ns), oerrors 0
[1037/1360] 13.500 Mpps block=8 order=1 native/no-touch ...    accepted ~13.500 Mpps, loss 0.000%, cons 1.000, perf cpu 99.2%, 232.9 cyc/pkt (73.5 ns), oerrors 0
[1038/1360] 13.500 Mpps block=8 order=2 skb/read-data ...    accepted ~1.247 Mpps, loss 90.760%, cons 1.000, perf cpu 100.0%, 2560.6 cyc/pkt (801.7 ns), oerrors 0
[1039/1360] 13.500 Mpps block=8 order=3 skb/no-touch ...    accepted ~1.248 Mpps, loss 90.758%, cons 1.000, perf cpu 100.0%, 2559.9 cyc/pkt (801.5 ns), oerrors 0
[1040/1360] 13.500 Mpps block=8 order=4 native/read-data ...    accepted ~8.348 Mpps, loss 38.165%, cons 1.000, perf cpu 100.0%, 382.3 cyc/pkt (119.8 ns), oerrors 0
[1041/1360] 13.000 Mpps block=8 order=1 native/read-data ...    accepted ~11.962 Mpps, loss 7.986%, cons 1.000, perf cpu 100.0%, 267.0 cyc/pkt (83.6 ns), oerrors 0
[1042/1360] 13.000 Mpps block=8 order=2 skb/no-touch ...    accepted ~1.246 Mpps, loss 90.415%, cons 1.000, perf cpu 100.0%, 2562.9 cyc/pkt (802.5 ns), oerrors 0
[1043/1360] 13.000 Mpps block=8 order=3 skb/read-data ...    accepted ~1.247 Mpps, loss 90.408%, cons 1.000, perf cpu 100.0%, 2561.1 cyc/pkt (801.9 ns), oerrors 0
[1044/1360] 13.000 Mpps block=8 order=4 native/no-touch ...    accepted ~13.000 Mpps, loss 0.000%, cons 1.000, perf cpu 98.6%, 238.7 cyc/pkt (75.9 ns), oerrors 0
[1045/1360] 11.000 Mpps block=8 order=1 skb/read-data ...    accepted ~1.247 Mpps, loss 88.662%, cons 1.000, perf cpu 100.0%, 2560.9 cyc/pkt (801.8 ns), oerrors 0
[1046/1360] 11.000 Mpps block=8 order=2 native/no-touch ...    accepted ~11.000 Mpps, loss 0.000%, cons 1.000, perf cpu 90.5%, 252.0 cyc/pkt (82.7 ns), oerrors 0
[1047/1360] 11.000 Mpps block=8 order=3 skb/no-touch ...    accepted ~1.249 Mpps, loss 88.650%, cons 1.000, perf cpu 100.0%, 2557.9 cyc/pkt (800.9 ns), oerrors 0
[1048/1360] 11.000 Mpps block=8 order=4 native/read-data ...    accepted ~8.530 Mpps, loss 22.460%, cons 1.000, perf cpu 100.0%, 374.2 cyc/pkt (117.2 ns), oerrors 0
[1049/1360] 14.000 Mpps block=8 order=1 native/no-touch ...    accepted ~14.000 Mpps, loss 0.000%, cons 1.000, perf cpu 99.9%, 227.5 cyc/pkt (71.3 ns), oerrors 0
[1050/1360] 14.000 Mpps block=8 order=2 native/read-data ...    accepted ~12.503 Mpps, loss 10.696%, cons 1.000, perf cpu 100.0%, 255.4 cyc/pkt (80.0 ns), oerrors 0
[1051/1360] 14.000 Mpps block=8 order=3 skb/no-touch ...    accepted ~1.249 Mpps, loss 91.082%, cons 1.000, perf cpu 100.0%, 2558.1 cyc/pkt (801.0 ns), oerrors 0
[1052/1360] 14.000 Mpps block=8 order=4 skb/read-data ...    accepted ~1.244 Mpps, loss 91.112%, cons 1.000, perf cpu 100.0%, 2566.8 cyc/pkt (803.7 ns), oerrors 0
[1053/1360] 14.000 Mpps block=8 order=1 skb/no-touch (no counters) ...    accepted ~1.252 Mpps, loss 91.054%, cons 1.000, perf cpu 0.0%, 0.0 cyc/pkt (0.0 ns), oerrors 0
[1054/1360] 14.000 Mpps block=8 order=2 native/read-data (no counters) ...    accepted ~12.446 Mpps, loss 11.098%, cons 1.000, perf cpu 0.0%, 0.0 cyc/pkt (0.0 ns), oerrors 0
[1055/1360] 14.000 Mpps block=8 order=3 skb/read-data (no counters) ...    accepted ~1.242 Mpps, loss 91.129%, cons 1.000, perf cpu 0.0%, 0.0 cyc/pkt (0.0 ns), oerrors 0
[1056/1360] 14.000 Mpps block=8 order=4 native/no-touch (no counters) ...    accepted ~14.000 Mpps, loss 0.000%, cons 1.000, perf cpu 0.0%, 0.0 cyc/pkt (0.0 ns), oerrors 0
[1057/1360] 4.000 Mpps block=8 order=1 skb/no-touch ...    accepted ~1.249 Mpps, loss 68.769%, cons 1.000, perf cpu 100.0%, 2556.6 cyc/pkt (800.5 ns), oerrors 0
[1058/1360] 4.000 Mpps block=8 order=2 skb/read-data ...    accepted ~1.247 Mpps, loss 68.813%, cons 1.000, perf cpu 100.0%, 2560.3 cyc/pkt (801.6 ns), oerrors 0
[1059/1360] 4.000 Mpps block=8 order=3 native/no-touch ...    accepted ~4.000 Mpps, loss 0.000%, cons 1.000, perf cpu 54.0%, 402.6 cyc/pkt (138.3 ns), oerrors 0
[1060/1360] 4.000 Mpps block=8 order=4 native/read-data ...    accepted ~4.000 Mpps, loss 0.000%, cons 1.000, perf cpu 69.9%, 515.8 cyc/pkt (177.7 ns), oerrors 0
[1061/1360] 11.500 Mpps block=8 order=1 skb/no-touch ...    accepted ~1.250 Mpps, loss 89.134%, cons 1.000, perf cpu 100.0%, 2555.7 cyc/pkt (800.2 ns), oerrors 0
[1062/1360] 11.500 Mpps block=8 order=2 native/read-data ...    accepted ~10.877 Mpps, loss 5.418%, cons 1.000, perf cpu 100.0%, 293.6 cyc/pkt (91.9 ns), oerrors 0
[1063/1360] 11.500 Mpps block=8 order=3 native/no-touch ...    accepted ~11.500 Mpps, loss 0.000%, cons 1.000, perf cpu 92.5%, 248.2 cyc/pkt (80.8 ns), oerrors 0
[1064/1360] 11.500 Mpps block=8 order=4 skb/read-data ...    accepted ~1.243 Mpps, loss 89.192%, cons 1.000, perf cpu 100.0%, 2569.5 cyc/pkt (804.5 ns), oerrors 0
[1065/1360] 12.500 Mpps block=8 order=1 skb/no-touch ...    accepted ~1.246 Mpps, loss 90.036%, cons 1.000, perf cpu 100.0%, 2564.3 cyc/pkt (802.9 ns), oerrors 0
[1066/1360] 12.500 Mpps block=8 order=2 native/read-data ...    accepted ~10.872 Mpps, loss 13.029%, cons 1.000, perf cpu 100.0%, 293.7 cyc/pkt (92.0 ns), oerrors 0
[1067/1360] 12.500 Mpps block=8 order=3 skb/read-data ...    accepted ~1.239 Mpps, loss 90.085%, cons 1.000, perf cpu 100.0%, 2576.7 cyc/pkt (806.8 ns), oerrors 0
[1068/1360] 12.500 Mpps block=8 order=4 native/no-touch ...    accepted ~12.500 Mpps, loss 0.000%, cons 1.000, perf cpu 97.9%, 244.8 cyc/pkt (78.5 ns), oerrors 0
[1069/1360] 6.000 Mpps block=8 order=1 skb/no-touch ...    accepted ~1.247 Mpps, loss 79.218%, cons 1.000, perf cpu 100.0%, 2561.3 cyc/pkt (802.0 ns), oerrors 0
[1070/1360] 6.000 Mpps block=8 order=2 skb/read-data ...    accepted ~1.248 Mpps, loss 79.193%, cons 1.000, perf cpu 100.0%, 2558.2 cyc/pkt (801.0 ns), oerrors 0
[1071/1360] 6.000 Mpps block=8 order=3 native/no-touch ...    accepted ~6.000 Mpps, loss 0.000%, cons 1.000, perf cpu 70.2%, 347.7 cyc/pkt (119.1 ns), oerrors 0
[1072/1360] 6.000 Mpps block=8 order=4 native/read-data ...    accepted ~6.000 Mpps, loss 0.000%, cons 1.000, perf cpu 87.4%, 426.8 cyc/pkt (146.8 ns), oerrors 0
[1073/1360] 3.500 Mpps block=8 order=1 native/no-touch ...    accepted ~3.500 Mpps, loss 0.000%, cons 1.000, perf cpu 48.9%, 420.0 cyc/pkt (143.1 ns), oerrors 0
[1074/1360] 3.500 Mpps block=8 order=2 skb/no-touch ...    accepted ~1.249 Mpps, loss 64.322%, cons 1.000, perf cpu 100.0%, 2557.6 cyc/pkt (800.8 ns), oerrors 0
[1075/1360] 3.500 Mpps block=8 order=3 native/read-data ...    accepted ~3.500 Mpps, loss 0.000%, cons 1.000, perf cpu 55.0%, 470.1 cyc/pkt (160.5 ns), oerrors 0
[1076/1360] 3.500 Mpps block=8 order=4 skb/read-data ...    accepted ~1.245 Mpps, loss 64.415%, cons 1.000, perf cpu 100.0%, 2564.3 cyc/pkt (802.9 ns), oerrors 0
[1077/1360] 10.500 Mpps block=8 order=1 skb/read-data ...    accepted ~1.245 Mpps, loss 88.140%, cons 1.000, perf cpu 100.0%, 2564.5 cyc/pkt (803.0 ns), oerrors 0
[1078/1360] 10.500 Mpps block=8 order=2 native/read-data ...    accepted ~10.346 Mpps, loss 1.465%, cons 1.000, perf cpu 100.0%, 308.6 cyc/pkt (96.7 ns), oerrors 0
[1079/1360] 10.500 Mpps block=8 order=3 native/no-touch ...    accepted ~10.500 Mpps, loss 0.000%, cons 1.000, perf cpu 88.6%, 254.3 cyc/pkt (84.9 ns), oerrors 0
[1080/1360] 10.500 Mpps block=8 order=4 skb/no-touch ...    accepted ~1.241 Mpps, loss 88.178%, cons 1.000, perf cpu 100.0%, 2572.7 cyc/pkt (805.5 ns), oerrors 0
[1081/1360] 0.750 Mpps block=8 order=1 native/no-touch ...    accepted ~0.750 Mpps, loss 0.000%, cons 1.000, perf cpu 9.6%, 413.3 cyc/pkt (131.1 ns), oerrors 0
[1082/1360] 0.750 Mpps block=8 order=2 skb/read-data ...    accepted ~0.750 Mpps, loss 0.000%, cons 1.000, perf cpu 67.8%, 2849.2 cyc/pkt (908.7 ns), oerrors 0
[1083/1360] 0.750 Mpps block=8 order=3 native/read-data ...    accepted ~0.750 Mpps, loss 0.000%, cons 1.000, perf cpu 11.4%, 491.6 cyc/pkt (155.6 ns), oerrors 0
[1084/1360] 0.750 Mpps block=8 order=4 skb/no-touch ...    accepted ~0.750 Mpps, loss 0.000%, cons 1.000, perf cpu 67.6%, 2838.5 cyc/pkt (905.8 ns), oerrors 0
[1085/1360] 14.500 Mpps block=8 order=1 native/no-touch ...    accepted ~14.275 Mpps, loss 1.547%, cons 1.000, perf cpu 100.0%, 223.7 cyc/pkt (70.0 ns), oerrors 0
[1086/1360] 14.500 Mpps block=8 order=2 skb/read-data ...    accepted ~1.238 Mpps, loss 91.465%, cons 1.000, perf cpu 100.0%, 2580.7 cyc/pkt (808.0 ns), oerrors 0
[1087/1360] 14.500 Mpps block=8 order=3 skb/no-touch ...    accepted ~1.240 Mpps, loss 91.450%, cons 1.000, perf cpu 100.0%, 2576.2 cyc/pkt (806.6 ns), oerrors 0
[1088/1360] 14.500 Mpps block=8 order=4 native/read-data ...    accepted ~8.989 Mpps, loss 38.001%, cons 1.000, perf cpu 100.0%, 355.1 cyc/pkt (111.2 ns), oerrors 0
[1089/1360] 8.000 Mpps block=9 order=1 skb/no-touch ...    accepted ~1.241 Mpps, loss 84.493%, cons 1.000, perf cpu 100.0%, 2574.5 cyc/pkt (806.1 ns), oerrors 0
[1090/1360] 8.000 Mpps block=9 order=2 skb/read-data ...    accepted ~1.238 Mpps, loss 84.522%, cons 1.000, perf cpu 100.0%, 2579.3 cyc/pkt (807.6 ns), oerrors 0
[1091/1360] 8.000 Mpps block=9 order=3 native/read-data ...    accepted ~8.000 Mpps, loss 0.000%, cons 1.000, perf cpu 99.1%, 389.2 cyc/pkt (123.9 ns), oerrors 0
[1092/1360] 8.000 Mpps block=9 order=4 native/no-touch ...    accepted ~8.000 Mpps, loss 0.000%, cons 1.000, perf cpu 80.9%, 298.6 cyc/pkt (102.5 ns), oerrors 0
[1093/1360] 9.000 Mpps block=9 order=1 skb/read-data ...    accepted ~1.244 Mpps, loss 86.172%, cons 1.000, perf cpu 100.0%, 2566.4 cyc/pkt (803.5 ns), oerrors 0
[1094/1360] 9.000 Mpps block=9 order=2 native/read-data ...    accepted ~9.000 Mpps, loss 0.000%, cons 1.000, perf cpu 92.1%, 310.2 cyc/pkt (102.8 ns), oerrors 0
[1095/1360] 9.000 Mpps block=9 order=3 native/no-touch ...    accepted ~9.000 Mpps, loss 0.000%, cons 1.000, perf cpu 82.0%, 273.5 cyc/pkt (92.0 ns), oerrors 0
[1096/1360] 9.000 Mpps block=9 order=4 skb/no-touch ...    accepted ~1.247 Mpps, loss 86.141%, cons 1.000, perf cpu 100.0%, 2560.6 cyc/pkt (801.7 ns), oerrors 0
[1097/1360] 14.000 Mpps block=9 order=1 skb/no-touch ...    accepted ~1.250 Mpps, loss 91.071%, cons 1.000, perf cpu 100.0%, 2555.0 cyc/pkt (800.0 ns), oerrors 0
[1098/1360] 14.000 Mpps block=9 order=2 native/no-touch ...    accepted ~14.000 Mpps, loss 0.000%, cons 1.000, perf cpu 99.9%, 227.6 cyc/pkt (71.3 ns), oerrors 0
[1099/1360] 14.000 Mpps block=9 order=3 native/read-data ...    accepted ~8.371 Mpps, loss 40.209%, cons 1.000, perf cpu 100.0%, 381.2 cyc/pkt (119.5 ns), oerrors 0
[1100/1360] 14.000 Mpps block=9 order=4 skb/read-data ...    accepted ~1.244 Mpps, loss 91.112%, cons 1.000, perf cpu 100.0%, 2566.8 cyc/pkt (803.7 ns), oerrors 0
[1101/1360] 14.000 Mpps block=9 order=1 native/read-data (no counters) ...    accepted ~10.095 Mpps, loss 27.896%, cons 1.000, perf cpu 0.0%, 0.0 cyc/pkt (0.0 ns), oerrors 0
[1102/1360] 14.000 Mpps block=9 order=2 skb/read-data (no counters) ...    accepted ~1.248 Mpps, loss 91.086%, cons 1.000, perf cpu 0.0%, 0.0 cyc/pkt (0.0 ns), oerrors 0
[1103/1360] 14.000 Mpps block=9 order=3 native/no-touch (no counters) ...    accepted ~14.000 Mpps, loss 0.000%, cons 1.000, perf cpu 0.0%, 0.0 cyc/pkt (0.0 ns), oerrors 0
[1104/1360] 14.000 Mpps block=9 order=4 skb/no-touch (no counters) ...    accepted ~1.248 Mpps, loss 91.088%, cons 1.000, perf cpu 0.0%, 0.0 cyc/pkt (0.0 ns), oerrors 0
[1105/1360] 12.000 Mpps block=9 order=1 native/no-touch ...    accepted ~12.000 Mpps, loss 0.000%, cons 1.000, perf cpu 95.8%, 247.6 cyc/pkt (80.1 ns), oerrors 0
[1106/1360] 12.000 Mpps block=9 order=2 skb/no-touch ...    accepted ~1.247 Mpps, loss 89.608%, cons 1.000, perf cpu 100.0%, 2561.0 cyc/pkt (801.9 ns), oerrors 0
[1107/1360] 12.000 Mpps block=9 order=3 native/read-data ...    accepted ~12.000 Mpps, loss 0.000%, cons 1.000, perf cpu 100.0%, 266.0 cyc/pkt (83.3 ns), oerrors 0
[1108/1360] 12.000 Mpps block=9 order=4 skb/read-data ...    accepted ~1.245 Mpps, loss 89.629%, cons 1.000, perf cpu 100.0%, 2566.3 cyc/pkt (803.5 ns), oerrors 0
[1109/1360] 11.000 Mpps block=9 order=1 native/read-data ...    accepted ~8.340 Mpps, loss 24.186%, cons 1.000, perf cpu 100.0%, 382.7 cyc/pkt (119.9 ns), oerrors 0
[1110/1360] 11.000 Mpps block=9 order=2 skb/no-touch ...    accepted ~1.251 Mpps, loss 88.632%, cons 1.000, perf cpu 100.0%, 2553.9 cyc/pkt (799.6 ns), oerrors 0
[1111/1360] 11.000 Mpps block=9 order=3 native/no-touch ...    accepted ~11.000 Mpps, loss 0.000%, cons 1.000, perf cpu 90.5%, 251.7 cyc/pkt (82.8 ns), oerrors 0
[1112/1360] 11.000 Mpps block=9 order=4 skb/read-data ...    accepted ~1.245 Mpps, loss 88.677%, cons 1.000, perf cpu 100.0%, 2564.3 cyc/pkt (802.9 ns), oerrors 0
[1113/1360] 0.250 Mpps block=9 order=1 native/no-touch ...    accepted ~0.250 Mpps, loss 0.000%, cons 1.000, perf cpu 4.0%, 521.8 cyc/pkt (165.2 ns), oerrors 0
[1114/1360] 0.250 Mpps block=9 order=2 native/read-data ...    accepted ~0.250 Mpps, loss 0.000%, cons 1.000, perf cpu 5.1%, 660.4 cyc/pkt (208.7 ns), oerrors 0
[1115/1360] 0.250 Mpps block=9 order=3 skb/no-touch ...    accepted ~0.250 Mpps, loss 0.000%, cons 1.000, perf cpu 22.4%, 2866.2 cyc/pkt (900.3 ns), oerrors 0
[1116/1360] 0.250 Mpps block=9 order=4 skb/read-data ...    accepted ~0.250 Mpps, loss 0.000%, cons 1.000, perf cpu 22.4%, 2868.8 cyc/pkt (901.3 ns), oerrors 0
[1117/1360] 14.500 Mpps block=9 order=1 native/read-data ...    accepted ~10.920 Mpps, loss 24.688%, cons 1.000, perf cpu 100.0%, 292.4 cyc/pkt (91.6 ns), oerrors 0
[1118/1360] 14.500 Mpps block=9 order=2 skb/read-data ...    accepted ~1.246 Mpps, loss 91.408%, cons 1.000, perf cpu 100.0%, 2563.5 cyc/pkt (802.7 ns), oerrors 0
[1119/1360] 14.500 Mpps block=9 order=3 skb/no-touch ...    accepted ~1.245 Mpps, loss 91.412%, cons 1.000, perf cpu 100.0%, 2564.7 cyc/pkt (803.0 ns), oerrors 0
[1120/1360] 14.500 Mpps block=9 order=4 native/no-touch ...    accepted ~14.262 Mpps, loss 1.636%, cons 1.000, perf cpu 100.0%, 223.9 cyc/pkt (70.1 ns), oerrors 0
[1121/1360] 6.000 Mpps block=9 order=1 native/no-touch ...    accepted ~6.000 Mpps, loss 0.000%, cons 1.000, perf cpu 70.5%, 347.2 cyc/pkt (119.5 ns), oerrors 0
[1122/1360] 6.000 Mpps block=9 order=2 native/read-data ...    accepted ~6.000 Mpps, loss 0.000%, cons 1.000, perf cpu 82.1%, 403.0 cyc/pkt (138.5 ns), oerrors 0
[1123/1360] 6.000 Mpps block=9 order=3 skb/no-touch ...    accepted ~1.251 Mpps, loss 79.156%, cons 1.000, perf cpu 100.0%, 2553.6 cyc/pkt (799.6 ns), oerrors 0
[1124/1360] 6.000 Mpps block=9 order=4 skb/read-data ...    accepted ~1.245 Mpps, loss 79.243%, cons 1.000, perf cpu 100.0%, 2564.4 cyc/pkt (802.9 ns), oerrors 0
[1125/1360] 14.881 Mpps block=9 order=1 skb/no-touch ...    accepted ~1.244 Mpps, loss 91.636%, cons 1.000, perf cpu 100.0%, 2566.5 cyc/pkt (803.6 ns), oerrors 0
[1126/1360] 14.881 Mpps block=9 order=2 native/no-touch ...    accepted ~14.376 Mpps, loss 3.394%, cons 1.000, perf cpu 100.0%, 222.2 cyc/pkt (69.6 ns), oerrors 0
[1127/1360] 14.881 Mpps block=9 order=3 native/read-data ...    accepted ~11.902 Mpps, loss 20.015%, cons 1.000, perf cpu 100.0%, 268.3 cyc/pkt (84.0 ns), oerrors 0
[1128/1360] 14.881 Mpps block=9 order=4 skb/read-data ...    accepted ~1.247 Mpps, loss 91.621%, cons 1.000, perf cpu 100.0%, 2562.1 cyc/pkt (802.2 ns), oerrors 0
[1129/1360] 14.881 Mpps block=9 order=1 skb/read-data (no counters) ...    accepted ~1.248 Mpps, loss 91.601%, cons 1.000, perf cpu 0.0%, 0.0 cyc/pkt (0.0 ns), oerrors 0
[1130/1360] 14.881 Mpps block=9 order=2 native/read-data (no counters) ...    accepted ~10.261 Mpps, loss 31.044%, cons 1.000, perf cpu 0.0%, 0.0 cyc/pkt (0.0 ns), oerrors 0
[1131/1360] 14.881 Mpps block=9 order=3 native/no-touch (no counters) ...    accepted ~14.249 Mpps, loss 4.244%, cons 1.000, perf cpu 0.0%, 0.0 cyc/pkt (0.0 ns), oerrors 0
[1132/1360] 14.881 Mpps block=9 order=4 skb/no-touch (no counters) ...    accepted ~1.249 Mpps, loss 91.606%, cons 1.000, perf cpu 0.0%, 0.0 cyc/pkt (0.0 ns), oerrors 0
[1133/1360] 4.000 Mpps block=9 order=1 native/no-touch ...    accepted ~4.000 Mpps, loss 0.000%, cons 1.000, perf cpu 54.2%, 402.2 cyc/pkt (138.7 ns), oerrors 0
[1134/1360] 4.000 Mpps block=9 order=2 native/read-data ...    accepted ~4.000 Mpps, loss 0.000%, cons 1.000, perf cpu 70.9%, 523.6 cyc/pkt (180.2 ns), oerrors 0
[1135/1360] 4.000 Mpps block=9 order=3 skb/no-touch ...    accepted ~1.251 Mpps, loss 68.728%, cons 1.000, perf cpu 100.0%, 2553.3 cyc/pkt (799.4 ns), oerrors 0
[1136/1360] 4.000 Mpps block=9 order=4 skb/read-data ...    accepted ~1.245 Mpps, loss 68.882%, cons 1.000, perf cpu 100.0%, 2565.8 cyc/pkt (803.4 ns), oerrors 0
[1137/1360] 13.000 Mpps block=9 order=1 native/read-data ...    accepted ~10.537 Mpps, loss 18.945%, cons 1.000, perf cpu 100.0%, 303.0 cyc/pkt (94.9 ns), oerrors 0
[1138/1360] 13.000 Mpps block=9 order=2 skb/no-touch ...    accepted ~1.245 Mpps, loss 90.420%, cons 1.000, perf cpu 100.0%, 2564.3 cyc/pkt (802.9 ns), oerrors 0
[1139/1360] 13.000 Mpps block=9 order=3 skb/read-data ...    accepted ~1.240 Mpps, loss 90.459%, cons 1.000, perf cpu 100.0%, 2574.8 cyc/pkt (806.2 ns), oerrors 0
[1140/1360] 13.000 Mpps block=9 order=4 native/no-touch ...    accepted ~13.000 Mpps, loss 0.000%, cons 1.000, perf cpu 98.6%, 238.3 cyc/pkt (76.0 ns), oerrors 0
[1141/1360] 10.000 Mpps block=9 order=1 native/no-touch ...    accepted ~10.000 Mpps, loss 0.000%, cons 1.000, perf cpu 86.2%, 258.6 cyc/pkt (86.8 ns), oerrors 0
[1142/1360] 10.000 Mpps block=9 order=2 skb/no-touch ...    accepted ~1.245 Mpps, loss 87.549%, cons 1.000, perf cpu 100.0%, 2565.1 cyc/pkt (803.1 ns), oerrors 0
[1143/1360] 10.000 Mpps block=9 order=3 skb/read-data ...    accepted ~1.243 Mpps, loss 87.574%, cons 1.000, perf cpu 100.0%, 2570.3 cyc/pkt (804.8 ns), oerrors 0
[1144/1360] 10.000 Mpps block=9 order=4 native/read-data ...    accepted ~10.000 Mpps, loss 0.000%, cons 1.000, perf cpu 99.1%, 312.2 cyc/pkt (99.1 ns), oerrors 0
[1145/1360] 6.500 Mpps block=9 order=1 native/read-data ...    accepted ~6.500 Mpps, loss 0.000%, cons 1.000, perf cpu 81.0%, 367.9 cyc/pkt (126.3 ns), oerrors 0
[1146/1360] 6.500 Mpps block=9 order=2 skb/read-data ...    accepted ~1.246 Mpps, loss 80.831%, cons 1.000, perf cpu 100.0%, 2563.2 cyc/pkt (802.6 ns), oerrors 0
[1147/1360] 6.500 Mpps block=9 order=3 skb/no-touch ...    accepted ~1.252 Mpps, loss 80.734%, cons 1.000, perf cpu 100.0%, 2550.2 cyc/pkt (798.5 ns), oerrors 0
[1148/1360] 6.500 Mpps block=9 order=4 native/no-touch ...    accepted ~6.500 Mpps, loss 0.000%, cons 1.000, perf cpu 72.6%, 331.4 cyc/pkt (113.5 ns), oerrors 0
[1149/1360] 2.500 Mpps block=9 order=1 skb/read-data ...    accepted ~1.241 Mpps, loss 50.372%, cons 1.000, perf cpu 100.0%, 2574.2 cyc/pkt (806.0 ns), oerrors 0
[1150/1360] 2.500 Mpps block=9 order=2 native/read-data ...    accepted ~2.500 Mpps, loss 0.000%, cons 1.000, perf cpu 46.4%, 567.1 cyc/pkt (189.5 ns), oerrors 0
[1151/1360] 2.500 Mpps block=9 order=3 skb/no-touch ...    accepted ~1.247 Mpps, loss 50.129%, cons 1.000, perf cpu 100.0%, 2561.7 cyc/pkt (802.1 ns), oerrors 0
[1152/1360] 2.500 Mpps block=9 order=4 native/no-touch ...    accepted ~2.500 Mpps, loss 0.000%, cons 1.000, perf cpu 36.4%, 453.1 cyc/pkt (149.8 ns), oerrors 0
[1153/1360] 12.500 Mpps block=9 order=1 skb/no-touch ...    accepted ~1.246 Mpps, loss 90.033%, cons 1.000, perf cpu 100.0%, 2563.3 cyc/pkt (802.6 ns), oerrors 0
[1154/1360] 12.500 Mpps block=9 order=2 skb/read-data ...    accepted ~1.247 Mpps, loss 90.028%, cons 1.000, perf cpu 100.0%, 2562.0 cyc/pkt (802.2 ns), oerrors 0
[1155/1360] 12.500 Mpps block=9 order=3 native/read-data ...    accepted ~12.140 Mpps, loss 2.881%, cons 1.000, perf cpu 100.0%, 263.1 cyc/pkt (82.4 ns), oerrors 0
[1156/1360] 12.500 Mpps block=9 order=4 native/no-touch ...    accepted ~12.500 Mpps, loss 0.000%, cons 1.000, perf cpu 97.9%, 244.6 cyc/pkt (78.5 ns), oerrors 0
[1157/1360] 0.500 Mpps block=9 order=1 skb/read-data ...    accepted ~0.500 Mpps, loss 0.000%, cons 1.000, perf cpu 43.9%, 2810.4 cyc/pkt (883.0 ns), oerrors 0
[1158/1360] 0.500 Mpps block=9 order=2 native/no-touch ...    accepted ~0.500 Mpps, loss 0.000%, cons 1.000, perf cpu 6.0%, 390.0 cyc/pkt (123.6 ns), oerrors 0
[1159/1360] 0.500 Mpps block=9 order=3 native/read-data ...    accepted ~0.500 Mpps, loss 0.000%, cons 1.000, perf cpu 7.1%, 458.4 cyc/pkt (145.0 ns), oerrors 0
[1160/1360] 0.500 Mpps block=9 order=4 skb/no-touch ...    accepted ~0.500 Mpps, loss 0.000%, cons 1.000, perf cpu 43.8%, 2798.8 cyc/pkt (879.3 ns), oerrors 0
[1161/1360] 5.000 Mpps block=9 order=1 skb/read-data ...    accepted ~1.244 Mpps, loss 75.128%, cons 1.000, perf cpu 100.0%, 2568.2 cyc/pkt (804.1 ns), oerrors 0
[1162/1360] 5.000 Mpps block=9 order=2 native/no-touch ...    accepted ~5.000 Mpps, loss 0.000%, cons 1.000, perf cpu 65.6%, 386.2 cyc/pkt (134.2 ns), oerrors 0
[1163/1360] 5.000 Mpps block=9 order=3 skb/no-touch ...    accepted ~1.245 Mpps, loss 75.092%, cons 1.000, perf cpu 100.0%, 2564.5 cyc/pkt (803.0 ns), oerrors 0
[1164/1360] 5.000 Mpps block=9 order=4 native/read-data ...    accepted ~5.000 Mpps, loss 0.000%, cons 1.000, perf cpu 69.5%, 412.5 cyc/pkt (141.5 ns), oerrors 0
[1165/1360] 5.500 Mpps block=9 order=1 native/read-data ...    accepted ~5.500 Mpps, loss 0.000%, cons 1.000, perf cpu 72.2%, 388.6 cyc/pkt (133.5 ns), oerrors 0
[1166/1360] 5.500 Mpps block=9 order=2 native/no-touch ...    accepted ~5.500 Mpps, loss 0.000%, cons 1.000, perf cpu 68.0%, 364.2 cyc/pkt (126.2 ns), oerrors 0
[1167/1360] 5.500 Mpps block=9 order=3 skb/read-data ...    accepted ~1.249 Mpps, loss 77.295%, cons 1.000, perf cpu 100.0%, 2557.6 cyc/pkt (800.8 ns), oerrors 0
[1168/1360] 5.500 Mpps block=9 order=4 skb/no-touch ...    accepted ~1.248 Mpps, loss 77.309%, cons 1.000, perf cpu 100.0%, 2559.1 cyc/pkt (801.3 ns), oerrors 0
[1169/1360] 7.500 Mpps block=9 order=1 native/no-touch ...    accepted ~7.500 Mpps, loss 0.000%, cons 1.000, perf cpu 79.1%, 312.2 cyc/pkt (107.1 ns), oerrors 0
[1170/1360] 7.500 Mpps block=9 order=2 native/read-data ...    accepted ~7.500 Mpps, loss 0.000%, cons 1.000, perf cpu 95.0%, 386.8 cyc/pkt (127.1 ns), oerrors 0
[1171/1360] 7.500 Mpps block=9 order=3 skb/read-data ...    accepted ~1.248 Mpps, loss 83.361%, cons 1.000, perf cpu 100.0%, 2559.3 cyc/pkt (801.3 ns), oerrors 0
[1172/1360] 7.500 Mpps block=9 order=4 skb/no-touch ...    accepted ~1.249 Mpps, loss 83.342%, cons 1.000, perf cpu 100.0%, 2556.2 cyc/pkt (800.4 ns), oerrors 0
[1173/1360] 11.500 Mpps block=9 order=1 native/read-data ...    accepted ~11.308 Mpps, loss 1.675%, cons 1.000, perf cpu 100.0%, 282.4 cyc/pkt (88.4 ns), oerrors 0
[1174/1360] 11.500 Mpps block=9 order=2 skb/no-touch ...    accepted ~1.247 Mpps, loss 89.156%, cons 1.000, perf cpu 100.0%, 2560.9 cyc/pkt (801.8 ns), oerrors 0
[1175/1360] 11.500 Mpps block=9 order=3 native/no-touch ...    accepted ~11.500 Mpps, loss 0.000%, cons 1.000, perf cpu 92.6%, 249.4 cyc/pkt (80.9 ns), oerrors 0
[1176/1360] 11.500 Mpps block=9 order=4 skb/read-data ...    accepted ~1.241 Mpps, loss 89.208%, cons 1.000, perf cpu 100.0%, 2573.4 cyc/pkt (805.7 ns), oerrors 0
[1177/1360] 9.500 Mpps block=9 order=1 native/read-data ...    accepted ~9.500 Mpps, loss 0.000%, cons 1.000, perf cpu 98.1%, 321.7 cyc/pkt (103.4 ns), oerrors 0
[1178/1360] 9.500 Mpps block=9 order=2 native/no-touch ...    accepted ~9.500 Mpps, loss 0.000%, cons 1.000, perf cpu 83.9%, 264.8 cyc/pkt (89.0 ns), oerrors 0
[1179/1360] 9.500 Mpps block=9 order=3 skb/read-data ...    accepted ~1.246 Mpps, loss 86.886%, cons 1.000, perf cpu 100.0%, 2563.5 cyc/pkt (802.7 ns), oerrors 0
[1180/1360] 9.500 Mpps block=9 order=4 skb/no-touch ...    accepted ~1.248 Mpps, loss 86.868%, cons 1.000, perf cpu 100.0%, 2560.0 cyc/pkt (801.6 ns), oerrors 0
[1181/1360] 0.750 Mpps block=9 order=1 skb/read-data ...    accepted ~0.750 Mpps, loss 0.000%, cons 1.000, perf cpu 67.8%, 2850.9 cyc/pkt (909.1 ns), oerrors 0
[1182/1360] 0.750 Mpps block=9 order=2 native/no-touch ...    accepted ~0.750 Mpps, loss 0.000%, cons 1.000, perf cpu 9.6%, 412.9 cyc/pkt (130.9 ns), oerrors 0
[1183/1360] 0.750 Mpps block=9 order=3 skb/no-touch ...    accepted ~0.750 Mpps, loss 0.000%, cons 1.000, perf cpu 67.9%, 2850.2 cyc/pkt (909.6 ns), oerrors 0
[1184/1360] 0.750 Mpps block=9 order=4 native/read-data ...    accepted ~0.750 Mpps, loss 0.000%, cons 1.000, perf cpu 12.0%, 516.3 cyc/pkt (163.3 ns), oerrors 0
[1185/1360] 1.500 Mpps block=9 order=1 native/read-data ...    accepted ~1.500 Mpps, loss 0.000%, cons 1.000, perf cpu 24.9%, 534.4 cyc/pkt (169.5 ns), oerrors 0
[1186/1360] 1.500 Mpps block=9 order=2 skb/no-touch ...    accepted ~1.247 Mpps, loss 16.850%, cons 1.000, perf cpu 100.0%, 2560.6 cyc/pkt (801.8 ns), oerrors 0
[1187/1360] 1.500 Mpps block=9 order=3 skb/read-data ...    accepted ~1.245 Mpps, loss 17.020%, cons 1.000, perf cpu 100.0%, 2565.9 cyc/pkt (803.4 ns), oerrors 0
[1188/1360] 1.500 Mpps block=9 order=4 native/no-touch ...    accepted ~1.500 Mpps, loss 0.000%, cons 1.000, perf cpu 19.7%, 425.5 cyc/pkt (135.2 ns), oerrors 0
[1189/1360] 3.500 Mpps block=9 order=1 skb/read-data ...    accepted ~1.247 Mpps, loss 64.361%, cons 1.000, perf cpu 100.0%, 2560.4 cyc/pkt (801.7 ns), oerrors 0
[1190/1360] 3.500 Mpps block=9 order=2 native/no-touch ...    accepted ~3.500 Mpps, loss 0.000%, cons 1.000, perf cpu 48.6%, 419.8 cyc/pkt (142.3 ns), oerrors 0
[1191/1360] 3.500 Mpps block=9 order=3 skb/no-touch ...    accepted ~1.245 Mpps, loss 64.437%, cons 1.000, perf cpu 100.0%, 2565.9 cyc/pkt (803.4 ns), oerrors 0
[1192/1360] 3.500 Mpps block=9 order=4 native/read-data ...    accepted ~3.500 Mpps, loss 0.000%, cons 1.000, perf cpu 55.7%, 475.9 cyc/pkt (162.5 ns), oerrors 0
[1193/1360] 7.000 Mpps block=9 order=1 skb/no-touch ...    accepted ~1.243 Mpps, loss 82.236%, cons 1.000, perf cpu 100.0%, 2568.4 cyc/pkt (804.2 ns), oerrors 0
[1194/1360] 7.000 Mpps block=9 order=2 skb/read-data ...    accepted ~1.238 Mpps, loss 82.319%, cons 1.000, perf cpu 100.0%, 2580.3 cyc/pkt (807.9 ns), oerrors 0
[1195/1360] 7.000 Mpps block=9 order=3 native/no-touch ...    accepted ~7.000 Mpps, loss 0.000%, cons 1.000, perf cpu 76.4%, 322.0 cyc/pkt (110.9 ns), oerrors 0
[1196/1360] 7.000 Mpps block=9 order=4 native/read-data ...    accepted ~7.000 Mpps, loss 0.000%, cons 1.000, perf cpu 93.0%, 397.8 cyc/pkt (133.4 ns), oerrors 0
[1197/1360] 10.500 Mpps block=9 order=1 native/no-touch ...    accepted ~10.500 Mpps, loss 0.000%, cons 1.000, perf cpu 88.8%, 254.7 cyc/pkt (85.1 ns), oerrors 0
[1198/1360] 10.500 Mpps block=9 order=2 skb/no-touch ...    accepted ~1.247 Mpps, loss 88.129%, cons 1.000, perf cpu 100.0%, 2562.2 cyc/pkt (802.2 ns), oerrors 0
[1199/1360] 10.500 Mpps block=9 order=3 native/read-data ...    accepted ~9.215 Mpps, loss 12.240%, cons 1.000, perf cpu 100.0%, 346.4 cyc/pkt (108.5 ns), oerrors 0
[1200/1360] 10.500 Mpps block=9 order=4 skb/read-data ...    accepted ~1.241 Mpps, loss 88.182%, cons 1.000, perf cpu 100.0%, 2573.5 cyc/pkt (805.8 ns), oerrors 0
[1201/1360] 2.000 Mpps block=9 order=1 native/no-touch ...    accepted ~2.000 Mpps, loss 0.000%, cons 1.000, perf cpu 26.1%, 420.4 cyc/pkt (133.9 ns), oerrors 0
[1202/1360] 2.000 Mpps block=9 order=2 native/read-data ...    accepted ~2.000 Mpps, loss 0.000%, cons 1.000, perf cpu 36.7%, 580.2 cyc/pkt (187.1 ns), oerrors 0
[1203/1360] 2.000 Mpps block=9 order=3 skb/read-data ...    accepted ~1.243 Mpps, loss 37.857%, cons 1.000, perf cpu 100.0%, 2569.7 cyc/pkt (804.6 ns), oerrors 0
[1204/1360] 2.000 Mpps block=9 order=4 skb/no-touch ...    accepted ~1.250 Mpps, loss 37.522%, cons 1.000, perf cpu 100.0%, 2555.9 cyc/pkt (800.3 ns), oerrors 0
[1205/1360] 13.500 Mpps block=9 order=1 native/read-data ...    accepted ~9.366 Mpps, loss 30.616%, cons 1.000, perf cpu 100.0%, 340.9 cyc/pkt (106.8 ns), oerrors 0
[1206/1360] 13.500 Mpps block=9 order=2 skb/no-touch ...    accepted ~1.246 Mpps, loss 90.773%, cons 1.000, perf cpu 100.0%, 2564.1 cyc/pkt (802.9 ns), oerrors 0
[1207/1360] 13.500 Mpps block=9 order=3 native/no-touch ...    accepted ~13.500 Mpps, loss 0.000%, cons 1.000, perf cpu 99.3%, 233.0 cyc/pkt (73.6 ns), oerrors 0
[1208/1360] 13.500 Mpps block=9 order=4 skb/read-data ...    accepted ~1.248 Mpps, loss 90.754%, cons 1.000, perf cpu 100.0%, 2558.9 cyc/pkt (801.2 ns), oerrors 0
[1209/1360] 1.000 Mpps block=9 order=1 skb/read-data ...    accepted ~1.000 Mpps, loss 0.000%, cons 1.000, perf cpu 88.7%, 2768.5 cyc/pkt (890.4 ns), oerrors 0
[1210/1360] 1.000 Mpps block=9 order=2 skb/no-touch ...    accepted ~1.000 Mpps, loss 0.000%, cons 1.000, perf cpu 88.5%, 2764.1 cyc/pkt (888.3 ns), oerrors 0
[1211/1360] 1.000 Mpps block=9 order=3 native/no-touch ...    accepted ~1.000 Mpps, loss 0.000%, cons 1.000, perf cpu 12.7%, 412.1 cyc/pkt (130.7 ns), oerrors 0
[1212/1360] 1.000 Mpps block=9 order=4 native/read-data ...    accepted ~1.000 Mpps, loss 0.000%, cons 1.000, perf cpu 17.3%, 558.6 cyc/pkt (176.7 ns), oerrors 0
[1213/1360] 3.000 Mpps block=9 order=1 skb/no-touch ...    accepted ~1.247 Mpps, loss 58.433%, cons 1.000, perf cpu 100.0%, 2561.1 cyc/pkt (801.9 ns), oerrors 0
[1214/1360] 3.000 Mpps block=9 order=2 native/no-touch ...    accepted ~3.000 Mpps, loss 0.000%, cons 1.000, perf cpu 39.3%, 402.7 cyc/pkt (134.6 ns), oerrors 0
[1215/1360] 3.000 Mpps block=9 order=3 native/read-data ...    accepted ~3.000 Mpps, loss 0.000%, cons 1.000, perf cpu 51.3%, 516.2 cyc/pkt (174.8 ns), oerrors 0
[1216/1360] 3.000 Mpps block=9 order=4 skb/read-data ...    accepted ~1.244 Mpps, loss 58.549%, cons 1.000, perf cpu 100.0%, 2568.4 cyc/pkt (804.2 ns), oerrors 0
[1217/1360] 4.500 Mpps block=9 order=1 skb/no-touch ...    accepted ~1.246 Mpps, loss 72.311%, cons 1.000, perf cpu 100.0%, 2563.2 cyc/pkt (802.6 ns), oerrors 0
[1218/1360] 4.500 Mpps block=9 order=2 native/no-touch ...    accepted ~4.500 Mpps, loss 0.000%, cons 1.000, perf cpu 60.6%, 400.9 cyc/pkt (137.8 ns), oerrors 0
[1219/1360] 4.500 Mpps block=9 order=3 skb/read-data ...    accepted ~1.241 Mpps, loss 72.413%, cons 1.000, perf cpu 100.0%, 2572.7 cyc/pkt (805.5 ns), oerrors 0
[1220/1360] 4.500 Mpps block=9 order=4 native/read-data ...    accepted ~4.500 Mpps, loss 0.000%, cons 1.000, perf cpu 77.3%, 504.6 cyc/pkt (174.5 ns), oerrors 0
[1221/1360] 8.500 Mpps block=9 order=1 skb/read-data ...    accepted ~1.247 Mpps, loss 85.332%, cons 1.000, perf cpu 100.0%, 2561.7 cyc/pkt (802.1 ns), oerrors 0
[1222/1360] 8.500 Mpps block=9 order=2 skb/no-touch ...    accepted ~1.244 Mpps, loss 85.365%, cons 1.000, perf cpu 100.0%, 2567.2 cyc/pkt (803.8 ns), oerrors 0
[1223/1360] 8.500 Mpps block=9 order=3 native/read-data ...    accepted ~8.500 Mpps, loss 0.000%, cons 1.000, perf cpu 91.8%, 327.3 cyc/pkt (108.5 ns), oerrors 0
[1224/1360] 8.500 Mpps block=9 order=4 native/no-touch ...    accepted ~8.500 Mpps, loss 0.000%, cons 1.000, perf cpu 81.3%, 283.9 cyc/pkt (96.8 ns), oerrors 0
[1225/1360] 2.000 Mpps block=10 order=1 skb/no-touch ...    accepted ~1.244 Mpps, loss 37.790%, cons 1.000, perf cpu 100.0%, 2566.9 cyc/pkt (803.7 ns), oerrors 0
[1226/1360] 2.000 Mpps block=10 order=2 native/read-data ...    accepted ~2.000 Mpps, loss 0.000%, cons 1.000, perf cpu 32.6%, 519.8 cyc/pkt (166.6 ns), oerrors 0
[1227/1360] 2.000 Mpps block=10 order=3 skb/read-data ...    accepted ~1.246 Mpps, loss 37.712%, cons 1.000, perf cpu 100.0%, 2563.7 cyc/pkt (802.7 ns), oerrors 0
[1228/1360] 2.000 Mpps block=10 order=4 native/no-touch ...    accepted ~2.000 Mpps, loss 0.000%, cons 1.000, perf cpu 26.0%, 419.4 cyc/pkt (133.7 ns), oerrors 0
[1229/1360] 8.500 Mpps block=10 order=1 native/no-touch ...    accepted ~8.500 Mpps, loss 0.000%, cons 1.000, perf cpu 81.2%, 283.9 cyc/pkt (96.6 ns), oerrors 0
[1230/1360] 8.500 Mpps block=10 order=2 skb/no-touch ...    accepted ~1.242 Mpps, loss 85.386%, cons 1.000, perf cpu 100.0%, 2571.0 cyc/pkt (805.0 ns), oerrors 0
[1231/1360] 8.500 Mpps block=10 order=3 native/read-data ...    accepted ~8.500 Mpps, loss 0.000%, cons 1.000, perf cpu 98.4%, 362.4 cyc/pkt (115.9 ns), oerrors 0
[1232/1360] 8.500 Mpps block=10 order=4 skb/read-data ...    accepted ~1.243 Mpps, loss 85.374%, cons 1.000, perf cpu 100.0%, 2568.9 cyc/pkt (804.4 ns), oerrors 0
[1233/1360] 10.500 Mpps block=10 order=1 native/read-data ...    accepted ~10.500 Mpps, loss 0.000%, cons 1.000, perf cpu 99.0%, 296.5 cyc/pkt (94.3 ns), oerrors 0
[1234/1360] 10.500 Mpps block=10 order=2 skb/no-touch ...    accepted ~1.246 Mpps, loss 88.137%, cons 1.000, perf cpu 100.0%, 2564.0 cyc/pkt (802.8 ns), oerrors 0
[1235/1360] 10.500 Mpps block=10 order=3 native/no-touch ...    accepted ~10.500 Mpps, loss 0.000%, cons 1.000, perf cpu 88.9%, 253.9 cyc/pkt (85.2 ns), oerrors 0
[1236/1360] 10.500 Mpps block=10 order=4 skb/read-data ...    accepted ~1.244 Mpps, loss 88.157%, cons 1.000, perf cpu 100.0%, 2568.2 cyc/pkt (804.1 ns), oerrors 0
[1237/1360] 1.500 Mpps block=10 order=1 skb/no-touch ...    accepted ~1.249 Mpps, loss 16.731%, cons 1.000, perf cpu 100.0%, 2557.0 cyc/pkt (800.6 ns), oerrors 0
[1238/1360] 1.500 Mpps block=10 order=2 skb/read-data ...    accepted ~1.242 Mpps, loss 17.179%, cons 1.000, perf cpu 100.0%, 2570.8 cyc/pkt (804.9 ns), oerrors 0
[1239/1360] 1.500 Mpps block=10 order=3 native/read-data ...    accepted ~1.500 Mpps, loss 0.000%, cons 1.000, perf cpu 24.6%, 528.5 cyc/pkt (167.7 ns), oerrors 0
[1240/1360] 1.500 Mpps block=10 order=4 native/no-touch ...    accepted ~1.500 Mpps, loss 0.000%, cons 1.000, perf cpu 20.0%, 431.6 cyc/pkt (137.1 ns), oerrors 0
[1241/1360] 11.500 Mpps block=10 order=1 skb/read-data ...    accepted ~1.239 Mpps, loss 89.228%, cons 1.000, perf cpu 100.0%, 2578.1 cyc/pkt (807.2 ns), oerrors 0
[1242/1360] 11.500 Mpps block=10 order=2 skb/no-touch ...    accepted ~1.246 Mpps, loss 89.166%, cons 1.000, perf cpu 100.0%, 2563.5 cyc/pkt (802.7 ns), oerrors 0
[1243/1360] 11.500 Mpps block=10 order=3 native/no-touch ...    accepted ~11.500 Mpps, loss 0.000%, cons 1.000, perf cpu 92.8%, 249.0 cyc/pkt (81.1 ns), oerrors 0
[1244/1360] 11.500 Mpps block=10 order=4 native/read-data ...    accepted ~8.393 Mpps, loss 27.022%, cons 1.000, perf cpu 100.0%, 380.3 cyc/pkt (119.2 ns), oerrors 0
[1245/1360] 13.500 Mpps block=10 order=1 native/read-data ...    accepted ~8.375 Mpps, loss 37.964%, cons 1.000, perf cpu 100.0%, 381.2 cyc/pkt (119.4 ns), oerrors 0
[1246/1360] 13.500 Mpps block=10 order=2 native/no-touch ...    accepted ~13.500 Mpps, loss 0.000%, cons 1.000, perf cpu 99.3%, 233.2 cyc/pkt (73.6 ns), oerrors 0
[1247/1360] 13.500 Mpps block=10 order=3 skb/read-data ...    accepted ~1.243 Mpps, loss 90.789%, cons 1.000, perf cpu 100.0%, 2568.4 cyc/pkt (804.2 ns), oerrors 0
[1248/1360] 13.500 Mpps block=10 order=4 skb/no-touch ...    accepted ~1.244 Mpps, loss 90.783%, cons 1.000, perf cpu 100.0%, 2566.9 cyc/pkt (803.7 ns), oerrors 0
[1249/1360] 4.500 Mpps block=10 order=1 native/no-touch ...    accepted ~4.500 Mpps, loss 0.000%, cons 1.000, perf cpu 60.6%, 399.8 cyc/pkt (137.8 ns), oerrors 0
[1250/1360] 4.500 Mpps block=10 order=2 native/read-data ...    accepted ~4.500 Mpps, loss 0.000%, cons 1.000, perf cpu 77.7%, 507.6 cyc/pkt (175.4 ns), oerrors 0
[1251/1360] 4.500 Mpps block=10 order=3 skb/read-data ...    accepted ~1.248 Mpps, loss 72.258%, cons 1.000, perf cpu 100.0%, 2558.3 cyc/pkt (801.0 ns), oerrors 0
[1252/1360] 4.500 Mpps block=10 order=4 skb/no-touch ...    accepted ~1.248 Mpps, loss 72.277%, cons 1.000, perf cpu 100.0%, 2560.0 cyc/pkt (801.6 ns), oerrors 0
[1253/1360] 7.500 Mpps block=10 order=1 native/read-data ...    accepted ~7.500 Mpps, loss 0.000%, cons 1.000, perf cpu 88.4%, 352.7 cyc/pkt (118.5 ns), oerrors 0
[1254/1360] 7.500 Mpps block=10 order=2 native/no-touch ...    accepted ~7.500 Mpps, loss 0.000%, cons 1.000, perf cpu 79.2%, 311.2 cyc/pkt (107.2 ns), oerrors 0
[1255/1360] 7.500 Mpps block=10 order=3 skb/read-data ...    accepted ~1.242 Mpps, loss 83.438%, cons 1.000, perf cpu 100.0%, 2571.1 cyc/pkt (805.0 ns), oerrors 0
[1256/1360] 7.500 Mpps block=10 order=4 skb/no-touch ...    accepted ~1.248 Mpps, loss 83.363%, cons 1.000, perf cpu 100.0%, 2559.5 cyc/pkt (801.4 ns), oerrors 0
[1257/1360] 14.500 Mpps block=10 order=1 native/read-data ...    accepted ~11.816 Mpps, loss 18.510%, cons 1.000, perf cpu 100.0%, 270.3 cyc/pkt (84.6 ns), oerrors 0
[1258/1360] 14.500 Mpps block=10 order=2 native/no-touch ...    accepted ~14.236 Mpps, loss 1.813%, cons 1.000, perf cpu 100.0%, 224.3 cyc/pkt (70.2 ns), oerrors 0
[1259/1360] 14.500 Mpps block=10 order=3 skb/no-touch ...    accepted ~1.246 Mpps, loss 91.407%, cons 1.000, perf cpu 100.0%, 2563.6 cyc/pkt (802.7 ns), oerrors 0
[1260/1360] 14.500 Mpps block=10 order=4 skb/read-data ...    accepted ~1.248 Mpps, loss 91.392%, cons 1.000, perf cpu 100.0%, 2558.9 cyc/pkt (801.2 ns), oerrors 0
[1261/1360] 12.500 Mpps block=10 order=1 native/read-data ...    accepted ~10.379 Mpps, loss 16.966%, cons 1.000, perf cpu 100.0%, 307.6 cyc/pkt (96.3 ns), oerrors 0
[1262/1360] 12.500 Mpps block=10 order=2 native/no-touch ...    accepted ~12.500 Mpps, loss 0.000%, cons 1.000, perf cpu 98.0%, 245.2 cyc/pkt (78.5 ns), oerrors 0
[1263/1360] 12.500 Mpps block=10 order=3 skb/no-touch ...    accepted ~1.245 Mpps, loss 90.043%, cons 1.000, perf cpu 100.0%, 2566.0 cyc/pkt (803.4 ns), oerrors 0
[1264/1360] 12.500 Mpps block=10 order=4 skb/read-data ...    accepted ~1.235 Mpps, loss 90.121%, cons 1.000, perf cpu 100.0%, 2586.2 cyc/pkt (809.8 ns), oerrors 0
[1265/1360] 3.000 Mpps block=10 order=1 skb/read-data ...    accepted ~1.236 Mpps, loss 58.809%, cons 1.000, perf cpu 100.0%, 2584.5 cyc/pkt (809.2 ns), oerrors 0
[1266/1360] 3.000 Mpps block=10 order=2 native/no-touch ...    accepted ~3.000 Mpps, loss 0.000%, cons 1.000, perf cpu 39.3%, 403.4 cyc/pkt (134.8 ns), oerrors 0
[1267/1360] 3.000 Mpps block=10 order=3 native/read-data ...    accepted ~3.000 Mpps, loss 0.000%, cons 1.000, perf cpu 52.0%, 521.2 cyc/pkt (177.1 ns), oerrors 0
[1268/1360] 3.000 Mpps block=10 order=4 skb/no-touch ...    accepted ~1.245 Mpps, loss 58.511%, cons 1.000, perf cpu 100.0%, 2566.0 cyc/pkt (803.4 ns), oerrors 0
[1269/1360] 13.000 Mpps block=10 order=1 skb/no-touch ...    accepted ~1.248 Mpps, loss 90.396%, cons 1.000, perf cpu 100.0%, 2558.1 cyc/pkt (801.0 ns), oerrors 0
[1270/1360] 13.000 Mpps block=10 order=2 skb/read-data ...    accepted ~1.245 Mpps, loss 90.420%, cons 1.000, perf cpu 100.0%, 2564.6 cyc/pkt (803.0 ns), oerrors 0
[1271/1360] 13.000 Mpps block=10 order=3 native/no-touch ...    accepted ~13.000 Mpps, loss 0.000%, cons 1.000, perf cpu 98.6%, 238.7 cyc/pkt (75.9 ns), oerrors 0
[1272/1360] 13.000 Mpps block=10 order=4 native/read-data ...    accepted ~8.406 Mpps, loss 35.339%, cons 1.000, perf cpu 100.0%, 379.8 cyc/pkt (119.0 ns), oerrors 0
[1273/1360] 12.000 Mpps block=10 order=1 skb/no-touch ...    accepted ~1.243 Mpps, loss 89.641%, cons 1.000, perf cpu 100.0%, 2569.2 cyc/pkt (804.4 ns), oerrors 0
[1274/1360] 12.000 Mpps block=10 order=2 skb/read-data ...    accepted ~1.241 Mpps, loss 89.655%, cons 1.000, perf cpu 100.0%, 2572.9 cyc/pkt (805.6 ns), oerrors 0
[1275/1360] 12.000 Mpps block=10 order=3 native/no-touch ...    accepted ~12.000 Mpps, loss 0.000%, cons 1.000, perf cpu 96.2%, 247.3 cyc/pkt (80.4 ns), oerrors 0
[1276/1360] 12.000 Mpps block=10 order=4 native/read-data ...    accepted ~9.558 Mpps, loss 20.353%, cons 1.000, perf cpu 100.0%, 334.0 cyc/pkt (104.6 ns), oerrors 0
[1277/1360] 10.000 Mpps block=10 order=1 native/no-touch ...    accepted ~10.000 Mpps, loss 0.000%, cons 1.000, perf cpu 86.1%, 259.1 cyc/pkt (86.7 ns), oerrors 0
[1278/1360] 10.000 Mpps block=10 order=2 skb/no-touch ...    accepted ~1.247 Mpps, loss 87.534%, cons 1.000, perf cpu 100.0%, 2562.1 cyc/pkt (802.2 ns), oerrors 0
[1279/1360] 10.000 Mpps block=10 order=3 skb/read-data ...    accepted ~1.246 Mpps, loss 87.537%, cons 1.000, perf cpu 100.0%, 2562.5 cyc/pkt (802.3 ns), oerrors 0
[1280/1360] 10.000 Mpps block=10 order=4 native/read-data ...    accepted ~10.000 Mpps, loss 0.000%, cons 1.000, perf cpu 99.5%, 316.0 cyc/pkt (99.6 ns), oerrors 0
[1281/1360] 9.500 Mpps block=10 order=1 native/read-data ...    accepted ~9.500 Mpps, loss 0.000%, cons 1.000, perf cpu 98.3%, 322.7 cyc/pkt (103.6 ns), oerrors 0
[1282/1360] 9.500 Mpps block=10 order=2 skb/read-data ...    accepted ~1.242 Mpps, loss 86.928%, cons 1.000, perf cpu 100.0%, 2571.6 cyc/pkt (805.2 ns), oerrors 0
[1283/1360] 9.500 Mpps block=10 order=3 native/no-touch ...    accepted ~9.500 Mpps, loss 0.000%, cons 1.000, perf cpu 83.7%, 264.8 cyc/pkt (88.8 ns), oerrors 0
[1284/1360] 9.500 Mpps block=10 order=4 skb/no-touch ...    accepted ~1.247 Mpps, loss 86.877%, cons 1.000, perf cpu 100.0%, 2561.8 cyc/pkt (802.1 ns), oerrors 0
[1285/1360] 0.750 Mpps block=10 order=1 native/no-touch ...    accepted ~0.750 Mpps, loss 0.000%, cons 1.000, perf cpu 9.6%, 413.2 cyc/pkt (131.0 ns), oerrors 0
[1286/1360] 0.750 Mpps block=10 order=2 skb/no-touch ...    accepted ~0.750 Mpps, loss 0.000%, cons 1.000, perf cpu 67.5%, 2838.0 cyc/pkt (905.3 ns), oerrors 0
[1287/1360] 0.750 Mpps block=10 order=3 skb/read-data ...    accepted ~0.750 Mpps, loss 0.000%, cons 1.000, perf cpu 67.8%, 2847.0 cyc/pkt (908.6 ns), oerrors 0
[1288/1360] 0.750 Mpps block=10 order=4 native/read-data ...    accepted ~0.750 Mpps, loss 0.000%, cons 1.000, perf cpu 10.6%, 457.7 cyc/pkt (144.9 ns), oerrors 0
[1289/1360] 8.000 Mpps block=10 order=1 native/read-data ...    accepted ~8.000 Mpps, loss 0.000%, cons 1.000, perf cpu 98.6%, 386.0 cyc/pkt (123.4 ns), oerrors 0
[1290/1360] 8.000 Mpps block=10 order=2 skb/no-touch ...    accepted ~1.245 Mpps, loss 84.439%, cons 1.000, perf cpu 100.0%, 2565.6 cyc/pkt (803.3 ns), oerrors 0
[1291/1360] 8.000 Mpps block=10 order=3 skb/read-data ...    accepted ~1.246 Mpps, loss 84.419%, cons 1.000, perf cpu 100.0%, 2562.2 cyc/pkt (802.2 ns), oerrors 0
[1292/1360] 8.000 Mpps block=10 order=4 native/no-touch ...    accepted ~8.000 Mpps, loss 0.000%, cons 1.000, perf cpu 80.8%, 298.9 cyc/pkt (102.4 ns), oerrors 0
[1293/1360] 4.000 Mpps block=10 order=1 native/read-data ...    accepted ~4.000 Mpps, loss 0.000%, cons 1.000, perf cpu 70.8%, 523.1 cyc/pkt (179.9 ns), oerrors 0
[1294/1360] 4.000 Mpps block=10 order=2 skb/read-data ...    accepted ~1.248 Mpps, loss 68.809%, cons 1.000, perf cpu 100.0%, 2559.9 cyc/pkt (801.5 ns), oerrors 0
[1295/1360] 4.000 Mpps block=10 order=3 skb/no-touch ...    accepted ~1.251 Mpps, loss 68.720%, cons 1.000, perf cpu 100.0%, 2552.6 cyc/pkt (799.2 ns), oerrors 0
[1296/1360] 4.000 Mpps block=10 order=4 native/no-touch ...    accepted ~4.000 Mpps, loss 0.000%, cons 1.000, perf cpu 54.2%, 402.2 cyc/pkt (138.6 ns), oerrors 0
[1297/1360] 0.500 Mpps block=10 order=1 skb/no-touch ...    accepted ~0.500 Mpps, loss 0.000%, cons 1.000, perf cpu 43.7%, 2795.9 cyc/pkt (878.4 ns), oerrors 0
[1298/1360] 0.500 Mpps block=10 order=2 native/read-data ...    accepted ~0.500 Mpps, loss 0.000%, cons 1.000, perf cpu 6.8%, 437.2 cyc/pkt (138.3 ns), oerrors 0
[1299/1360] 0.500 Mpps block=10 order=3 skb/read-data ...    accepted ~0.500 Mpps, loss 0.000%, cons 1.000, perf cpu 43.7%, 2798.9 cyc/pkt (879.2 ns), oerrors 0
[1300/1360] 0.500 Mpps block=10 order=4 native/no-touch ...    accepted ~0.500 Mpps, loss 0.000%, cons 1.000, perf cpu 6.0%, 390.8 cyc/pkt (123.8 ns), oerrors 0
[1301/1360] 1.000 Mpps block=10 order=1 skb/no-touch ...    accepted ~1.000 Mpps, loss 0.000%, cons 1.000, perf cpu 88.4%, 2764.9 cyc/pkt (887.2 ns), oerrors 0
[1302/1360] 1.000 Mpps block=10 order=2 native/read-data ...    accepted ~1.000 Mpps, loss 0.000%, cons 1.000, perf cpu 14.0%, 451.8 cyc/pkt (143.1 ns), oerrors 0
[1303/1360] 1.000 Mpps block=10 order=3 skb/read-data ...    accepted ~1.000 Mpps, loss 0.000%, cons 1.000, perf cpu 88.6%, 2771.7 cyc/pkt (889.6 ns), oerrors 0
[1304/1360] 1.000 Mpps block=10 order=4 native/no-touch ...    accepted ~1.000 Mpps, loss 0.000%, cons 1.000, perf cpu 12.7%, 412.2 cyc/pkt (130.7 ns), oerrors 0
[1305/1360] 2.500 Mpps block=10 order=1 skb/no-touch ...    accepted ~1.248 Mpps, loss 50.094%, cons 1.000, perf cpu 100.0%, 2559.9 cyc/pkt (801.5 ns), oerrors 0
[1306/1360] 2.500 Mpps block=10 order=2 native/read-data ...    accepted ~2.500 Mpps, loss 0.000%, cons 1.000, perf cpu 39.0%, 483.8 cyc/pkt (159.9 ns), oerrors 0
[1307/1360] 2.500 Mpps block=10 order=3 skb/read-data ...    accepted ~1.247 Mpps, loss 50.119%, cons 1.000, perf cpu 100.0%, 2561.1 cyc/pkt (801.9 ns), oerrors 0
[1308/1360] 2.500 Mpps block=10 order=4 native/no-touch ...    accepted ~2.500 Mpps, loss 0.000%, cons 1.000, perf cpu 36.7%, 455.1 cyc/pkt (150.9 ns), oerrors 0
[1309/1360] 11.000 Mpps block=10 order=1 skb/read-data ...    accepted ~1.236 Mpps, loss 88.764%, cons 1.000, perf cpu 100.0%, 2583.8 cyc/pkt (809.0 ns), oerrors 0
[1310/1360] 11.000 Mpps block=10 order=2 native/no-touch ...    accepted ~11.000 Mpps, loss 0.000%, cons 1.000, perf cpu 90.5%, 251.5 cyc/pkt (82.7 ns), oerrors 0
[1311/1360] 11.000 Mpps block=10 order=3 native/read-data ...    accepted ~8.153 Mpps, loss 25.885%, cons 1.000, perf cpu 100.0%, 391.5 cyc/pkt (122.7 ns), oerrors 0
[1312/1360] 11.000 Mpps block=10 order=4 skb/no-touch ...    accepted ~1.244 Mpps, loss 88.689%, cons 1.000, perf cpu 100.0%, 2566.7 cyc/pkt (803.7 ns), oerrors 0
[1313/1360] 6.000 Mpps block=10 order=1 skb/read-data ...    accepted ~1.244 Mpps, loss 79.266%, cons 1.000, perf cpu 100.0%, 2567.2 cyc/pkt (803.8 ns), oerrors 0
[1314/1360] 6.000 Mpps block=10 order=2 native/no-touch ...    accepted ~6.000 Mpps, loss 0.000%, cons 1.000, perf cpu 70.2%, 347.8 cyc/pkt (119.2 ns), oerrors 0
[1315/1360] 6.000 Mpps block=10 order=3 skb/no-touch ...    accepted ~1.247 Mpps, loss 79.221%, cons 1.000, perf cpu 100.0%, 2561.6 cyc/pkt (802.1 ns), oerrors 0
[1316/1360] 6.000 Mpps block=10 order=4 native/read-data ...    accepted ~6.000 Mpps, loss 0.000%, cons 1.000, perf cpu 76.0%, 375.9 cyc/pkt (128.6 ns), oerrors 0
[1317/1360] 14.000 Mpps block=10 order=1 native/read-data ...    accepted ~11.362 Mpps, loss 18.840%, cons 1.000, perf cpu 100.0%, 281.1 cyc/pkt (88.0 ns), oerrors 0
[1318/1360] 14.000 Mpps block=10 order=2 native/no-touch ...    accepted ~14.000 Mpps, loss 0.000%, cons 1.000, perf cpu 99.9%, 227.6 cyc/pkt (71.3 ns), oerrors 0
[1319/1360] 14.000 Mpps block=10 order=3 skb/no-touch ...    accepted ~1.248 Mpps, loss 91.083%, cons 1.000, perf cpu 100.0%, 2558.4 cyc/pkt (801.0 ns), oerrors 0
[1320/1360] 14.000 Mpps block=10 order=4 skb/read-data ...    accepted ~1.248 Mpps, loss 91.087%, cons 1.000, perf cpu 100.0%, 2559.4 cyc/pkt (801.4 ns), oerrors 0
[1321/1360] 14.000 Mpps block=10 order=1 native/no-touch (no counters) ...    accepted ~14.000 Mpps, loss 0.000%, cons 1.000, perf cpu 0.0%, 0.0 cyc/pkt (0.0 ns), oerrors 0
[1322/1360] 14.000 Mpps block=10 order=2 skb/no-touch (no counters) ...    accepted ~1.248 Mpps, loss 91.082%, cons 1.000, perf cpu 0.0%, 0.0 cyc/pkt (0.0 ns), oerrors 0
[1323/1360] 14.000 Mpps block=10 order=3 native/read-data (no counters) ...    accepted ~12.072 Mpps, loss 13.771%, cons 1.000, perf cpu 0.0%, 0.0 cyc/pkt (0.0 ns), oerrors 0
[1324/1360] 14.000 Mpps block=10 order=4 skb/read-data (no counters) ...    accepted ~1.245 Mpps, loss 91.105%, cons 1.000, perf cpu 0.0%, 0.0 cyc/pkt (0.0 ns), oerrors 0
[1325/1360] 0.250 Mpps block=10 order=1 skb/no-touch ...    accepted ~0.250 Mpps, loss 0.000%, cons 1.000, perf cpu 22.4%, 2868.0 cyc/pkt (900.8 ns), oerrors 0
[1326/1360] 0.250 Mpps block=10 order=2 native/read-data ...    accepted ~0.250 Mpps, loss 0.000%, cons 1.000, perf cpu 4.8%, 630.3 cyc/pkt (199.4 ns), oerrors 0
[1327/1360] 0.250 Mpps block=10 order=3 native/no-touch ...    accepted ~0.250 Mpps, loss 0.000%, cons 1.000, perf cpu 4.0%, 524.8 cyc/pkt (166.3 ns), oerrors 0
[1328/1360] 0.250 Mpps block=10 order=4 skb/read-data ...    accepted ~0.250 Mpps, loss 0.000%, cons 1.000, perf cpu 22.4%, 2871.6 cyc/pkt (902.3 ns), oerrors 0
[1329/1360] 14.881 Mpps block=10 order=1 native/no-touch ...    accepted ~14.268 Mpps, loss 4.114%, cons 1.000, perf cpu 100.0%, 223.8 cyc/pkt (70.1 ns), oerrors 0
[1330/1360] 14.881 Mpps block=10 order=2 native/read-data ...    accepted ~9.012 Mpps, loss 39.432%, cons 1.000, perf cpu 100.0%, 354.3 cyc/pkt (111.0 ns), oerrors 0
[1331/1360] 14.881 Mpps block=10 order=3 skb/no-touch ...    accepted ~1.247 Mpps, loss 91.620%, cons 1.000, perf cpu 100.0%, 2562.0 cyc/pkt (802.2 ns), oerrors 0
[1332/1360] 14.881 Mpps block=10 order=4 skb/read-data ...    accepted ~1.244 Mpps, loss 91.636%, cons 1.000, perf cpu 100.0%, 2566.7 cyc/pkt (803.7 ns), oerrors 0
[1333/1360] 14.881 Mpps block=10 order=1 native/read-data (no counters) ...    accepted ~10.876 Mpps, loss 26.912%, cons 1.000, perf cpu 0.0%, 0.0 cyc/pkt (0.0 ns), oerrors 0
[1334/1360] 14.881 Mpps block=10 order=2 skb/no-touch (no counters) ...    accepted ~1.245 Mpps, loss 91.633%, cons 1.000, perf cpu 0.0%, 0.0 cyc/pkt (0.0 ns), oerrors 0
[1335/1360] 14.881 Mpps block=10 order=3 native/no-touch (no counters) ...    accepted ~14.254 Mpps, loss 4.208%, cons 1.000, perf cpu 0.0%, 0.0 cyc/pkt (0.0 ns), oerrors 0
[1336/1360] 14.881 Mpps block=10 order=4 skb/read-data (no counters) ...    accepted ~1.249 Mpps, loss 91.606%, cons 1.000, perf cpu 0.0%, 0.0 cyc/pkt (0.0 ns), oerrors 0
[1337/1360] 3.500 Mpps block=10 order=1 skb/no-touch ...    accepted ~1.251 Mpps, loss 64.256%, cons 1.000, perf cpu 100.0%, 2552.9 cyc/pkt (799.3 ns), oerrors 0
[1338/1360] 3.500 Mpps block=10 order=2 native/read-data ...    accepted ~3.500 Mpps, loss 0.000%, cons 1.000, perf cpu 60.9%, 517.6 cyc/pkt (177.5 ns), oerrors 0
[1339/1360] 3.500 Mpps block=10 order=3 skb/read-data ...    accepted ~1.244 Mpps, loss 64.448%, cons 1.000, perf cpu 100.0%, 2566.7 cyc/pkt (803.6 ns), oerrors 0
[1340/1360] 3.500 Mpps block=10 order=4 native/no-touch ...    accepted ~3.500 Mpps, loss 0.000%, cons 1.000, perf cpu 48.8%, 419.5 cyc/pkt (142.9 ns), oerrors 0
[1341/1360] 6.500 Mpps block=10 order=1 native/no-touch ...    accepted ~6.500 Mpps, loss 0.000%, cons 1.000, perf cpu 73.2%, 333.4 cyc/pkt (114.5 ns), oerrors 0
[1342/1360] 6.500 Mpps block=10 order=2 skb/read-data ...    accepted ~1.240 Mpps, loss 80.926%, cons 1.000, perf cpu 100.0%, 2576.0 cyc/pkt (806.6 ns), oerrors 0
[1343/1360] 6.500 Mpps block=10 order=3 skb/no-touch ...    accepted ~1.238 Mpps, loss 80.950%, cons 1.000, perf cpu 100.0%, 2579.0 cyc/pkt (807.5 ns), oerrors 0
[1344/1360] 6.500 Mpps block=10 order=4 native/read-data ...    accepted ~6.500 Mpps, loss 0.000%, cons 1.000, perf cpu 83.8%, 380.7 cyc/pkt (130.2 ns), oerrors 0
[1345/1360] 9.000 Mpps block=10 order=1 native/read-data ...    accepted ~9.000 Mpps, loss 0.000%, cons 1.000, perf cpu 95.6%, 326.6 cyc/pkt (106.5 ns), oerrors 0
[1346/1360] 9.000 Mpps block=10 order=2 skb/read-data ...    accepted ~1.243 Mpps, loss 86.190%, cons 1.000, perf cpu 100.0%, 2569.6 cyc/pkt (804.5 ns), oerrors 0
[1347/1360] 9.000 Mpps block=10 order=3 native/no-touch ...    accepted ~9.000 Mpps, loss 0.000%, cons 1.000, perf cpu 82.3%, 272.5 cyc/pkt (92.3 ns), oerrors 0
[1348/1360] 9.000 Mpps block=10 order=4 skb/no-touch ...    accepted ~1.243 Mpps, loss 86.186%, cons 1.000, perf cpu 100.0%, 2568.8 cyc/pkt (804.3 ns), oerrors 0
[1349/1360] 7.000 Mpps block=10 order=1 native/no-touch ...    accepted ~7.000 Mpps, loss 0.000%, cons 1.000, perf cpu 76.2%, 322.0 cyc/pkt (110.6 ns), oerrors 0
[1350/1360] 7.000 Mpps block=10 order=2 skb/no-touch ...    accepted ~1.245 Mpps, loss 82.218%, cons 1.000, perf cpu 100.0%, 2565.8 cyc/pkt (803.4 ns), oerrors 0
[1351/1360] 7.000 Mpps block=10 order=3 skb/read-data ...    accepted ~1.241 Mpps, loss 82.274%, cons 1.000, perf cpu 100.0%, 2574.0 cyc/pkt (805.9 ns), oerrors 0
[1352/1360] 7.000 Mpps block=10 order=4 native/read-data ...    accepted ~7.000 Mpps, loss 0.000%, cons 1.000, perf cpu 90.6%, 388.5 cyc/pkt (130.1 ns), oerrors 0
[1353/1360] 5.000 Mpps block=10 order=1 native/no-touch ...    accepted ~5.000 Mpps, loss 0.000%, cons 1.000, perf cpu 65.5%, 386.1 cyc/pkt (133.9 ns), oerrors 0
[1354/1360] 5.000 Mpps block=10 order=2 skb/no-touch ...    accepted ~1.250 Mpps, loss 75.007%, cons 1.000, perf cpu 100.0%, 2555.7 cyc/pkt (800.2 ns), oerrors 0
[1355/1360] 5.000 Mpps block=10 order=3 native/read-data ...    accepted ~5.000 Mpps, loss 0.000%, cons 1.000, perf cpu 70.1%, 417.1 cyc/pkt (142.7 ns), oerrors 0
[1356/1360] 5.000 Mpps block=10 order=4 skb/read-data ...    accepted ~1.245 Mpps, loss 75.097%, cons 1.000, perf cpu 100.0%, 2565.0 cyc/pkt (803.1 ns), oerrors 0
[1357/1360] 5.500 Mpps block=10 order=1 skb/no-touch ...    accepted ~1.249 Mpps, loss 77.293%, cons 1.000, perf cpu 100.0%, 2557.4 cyc/pkt (800.8 ns), oerrors 0
[1358/1360] 5.500 Mpps block=10 order=2 skb/read-data ...    accepted ~1.246 Mpps, loss 77.347%, cons 1.000, perf cpu 100.0%, 2563.4 cyc/pkt (802.6 ns), oerrors 0
[1359/1360] 5.500 Mpps block=10 order=3 native/read-data ...    accepted ~5.500 Mpps, loss 0.000%, cons 1.000, perf cpu 74.2%, 399.8 cyc/pkt (137.2 ns), oerrors 0
[1360/1360] 5.500 Mpps block=10 order=4 native/no-touch ...    accepted ~5.500 Mpps, loss 0.000%, cons 1.000, perf cpu 67.8%, 365.6 cyc/pkt (125.7 ns), oerrors 0

FOUR-CONFIGURATION BLOCK ANALYSIS

valid cells 1360, invalid 0, failed 0
No automatic established/not-established verdict is produced.
Check that every intended block is present before applying the ten-pair criterion.

BLOCK COMPLETENESS (valid instrumented cells)
     0.250 Mpps: 10/10 complete blocks
     0.500 Mpps: 10/10 complete blocks
     0.750 Mpps: 10/10 complete blocks
     1.000 Mpps: 10/10 complete blocks
     1.500 Mpps: 10/10 complete blocks
     2.000 Mpps: 10/10 complete blocks
     2.500 Mpps: 10/10 complete blocks
     3.000 Mpps: 10/10 complete blocks
     3.500 Mpps: 10/10 complete blocks
     4.000 Mpps: 10/10 complete blocks
     4.500 Mpps: 10/10 complete blocks
     5.000 Mpps: 10/10 complete blocks
     5.500 Mpps: 10/10 complete blocks
     6.000 Mpps: 10/10 complete blocks
     6.500 Mpps: 10/10 complete blocks
     7.000 Mpps: 10/10 complete blocks
     7.500 Mpps: 10/10 complete blocks
     8.000 Mpps: 10/10 complete blocks
     8.500 Mpps: 10/10 complete blocks
     9.000 Mpps: 10/10 complete blocks
     9.500 Mpps: 10/10 complete blocks
    10.000 Mpps: 10/10 complete blocks
    10.500 Mpps: 10/10 complete blocks
    11.000 Mpps: 10/10 complete blocks
    11.500 Mpps: 10/10 complete blocks
    12.000 Mpps: 10/10 complete blocks
    12.500 Mpps: 10/10 complete blocks
    13.000 Mpps: 10/10 complete blocks
    13.500 Mpps: 10/10 complete blocks
    14.000 Mpps: 10/10 complete blocks
    14.500 Mpps: 10/10 complete blocks
    14.881 Mpps: 10/10 complete blocks

COST AND THROUGHPUT PER LOAD (instrumented cells)

    Mpps          hook    variant   n  cyc/pkt med       min       max  acc Mpps   loss %
   0.250        native   no-touch  10        523.8     521.8     524.8     0.250    0.000
   0.250        native  read-data  10        625.3     601.7     667.0     0.250    0.000
   0.250 skb (generic)   no-touch  10       2867.6    2857.3    2870.9     0.250    0.000
   0.250 skb (generic)  read-data  10       2870.2    2865.7    2890.7     0.250    0.000
   0.500        native   no-touch  10        390.0     386.4     392.6     0.500    0.000
   0.500        native  read-data  10        457.6     425.9     554.6     0.500    0.000
   0.500 skb (generic)   no-touch  10       2799.0    2793.7    2808.5     0.500    0.000
   0.500 skb (generic)  read-data  10       2801.8    2798.6    2810.4     0.500    0.000
   0.750        native   no-touch  10        412.8     411.1     413.5     0.750    0.000
   0.750        native  read-data  10        476.6     455.8     563.5     0.750    0.000
   0.750 skb (generic)   no-touch  10       2843.2    2838.0    2850.2     0.750    0.000
   0.750 skb (generic)  read-data  10       2848.3    2842.9    2856.2     0.750    0.000
   1.000        native   no-touch  10        412.1     411.5     412.5     1.000    0.000
   1.000        native  read-data  10        530.1     451.8     576.3     1.000    0.000
   1.000 skb (generic)   no-touch  10       2764.9    2759.6    2771.9     1.000    0.000
   1.000 skb (generic)  read-data  10       2770.6    2764.1    2772.5     1.000    0.000
   1.500        native   no-touch  10        426.1     423.7     431.6     1.500    0.000
   1.500        native  read-data  10        521.9     469.7     580.6     1.500    0.000
   1.500 skb (generic)   no-touch  10       2559.0    2551.4    2573.1     1.248   16.798
   1.500 skb (generic)  read-data  10       2569.9    2559.5    2576.1     1.243   17.151
   2.000        native   no-touch  10        419.4     418.3     420.4     2.000    0.000
   2.000        native  read-data  10        510.4     461.7     589.5     2.000    0.000
   2.000 skb (generic)   no-touch  10       2564.5    2555.9    2570.0     1.245   37.733
   2.000 skb (generic)  read-data  10       2569.9    2556.9    2577.7     1.243   37.862
   2.500        native   no-touch  10        453.4     452.5     455.1     2.500    0.000
   2.500        native  read-data  10        570.2     482.7     585.6     2.500    0.000
   2.500 skb (generic)   no-touch  10       2561.0    2557.6    2569.0     1.247   50.117
   2.500 skb (generic)  read-data  10       2566.4    2558.9    2574.2     1.244   50.222
   3.000        native   no-touch  10        429.7     402.7     432.0     3.000    0.000
   3.000        native  read-data  10        512.4     458.9     543.7     3.000    0.000
   3.000 skb (generic)   no-touch  10       2561.5    2555.3    2567.9     1.247   58.439
   3.000 skb (generic)  read-data  10       2568.8    2555.9    2584.5     1.243   58.556
   3.500        native   no-touch  10        419.8     399.1     420.5     3.500    0.000
   3.500        native  read-data  10        496.7     455.4     567.0     3.500    0.000
   3.500 skb (generic)   no-touch  10       2563.5    2552.9    2569.8     1.246   64.404
   3.500 skb (generic)  read-data  10       2565.6    2555.6    2571.2     1.245   64.433
   4.000        native   no-touch  10        402.6     375.0     403.2     4.000    0.000
   4.000        native  read-data  10        479.6     437.7     523.6     4.000    0.000
   4.000 skb (generic)   no-touch  10       2559.8    2552.6    2571.7     1.248   68.808
   4.000 skb (generic)  read-data  10       2565.9    2559.9    2578.0     1.245   68.882
   4.500        native   no-touch  10        400.7     398.6     405.2     4.500    0.000
   4.500        native  read-data  10        460.0     429.9     507.6     4.500    0.000
   4.500 skb (generic)   no-touch  10       2561.8    2553.2    2595.0     1.247   72.296
   4.500 skb (generic)  read-data  10       2565.5    2558.3    2572.7     1.245   72.336
   5.000        native   no-touch  10        386.2     385.4     390.9     5.000    0.000
   5.000        native  read-data  10        457.9     401.1     480.9     5.000    0.000
   5.000 skb (generic)   no-touch  10       2563.8    2553.3    2567.1     1.246   75.086
   5.000 skb (generic)  read-data  10       2567.0    2559.9    2573.2     1.244   75.116
   5.500        native   no-touch  10        365.2     342.1     366.3     5.500    0.000
   5.500        native  read-data  10        424.6     388.6     456.2     5.500    0.000
   5.500 skb (generic)   no-touch  10       2559.4    2553.4    2568.7     1.248   77.311
   5.500 skb (generic)  read-data  10       2563.8    2557.6    2570.6     1.246   77.350
   6.000        native   no-touch  10        347.3     329.1     352.1     6.000    0.000
   6.000        native  read-data  10        401.5     375.9     426.8     6.000    0.000
   6.000 skb (generic)   no-touch  10       2561.5    2553.6    2573.4     1.247   79.219
   6.000 skb (generic)  read-data  10       2565.0    2558.2    2574.2     1.245   79.248
   6.500        native   no-touch  10        333.1     331.4     336.4     6.500    0.000
   6.500        native  read-data  10        382.3     358.5     404.9     6.500    0.000
   6.500 skb (generic)   no-touch  10       2563.3    2550.2    2579.0     1.246   80.831
   6.500 skb (generic)  read-data  10       2566.8    2555.9    2576.0     1.244   80.858
   7.000        native   no-touch  10        321.9     320.1     322.5     7.000    0.000
   7.000        native  read-data  10        390.3     345.8     409.1     7.000    0.000
   7.000 skb (generic)   no-touch  10       2560.9    2552.8    2568.4     1.247   82.184
   7.000 skb (generic)  read-data  10       2567.4    2561.4    2581.1     1.244   82.229
   7.500        native   no-touch  10        311.0     309.4     317.5     7.500    0.000
   7.500        native  read-data  10        350.1     327.6     386.8     7.500    0.000
   7.500 skb (generic)   no-touch  10       2560.7    2549.6    2580.4     1.247   83.371
   7.500 skb (generic)  read-data  10       2568.1    2559.3    2587.8     1.244   83.419
   8.000        native   no-touch  10        298.8     297.9     299.9     8.000    0.000
   8.000        native  read-data  10        349.2     314.9     392.5     8.000    0.000
   8.000 skb (generic)   no-touch  10       2567.1    2562.1    2574.5     1.244   84.449
   8.000 skb (generic)  read-data  10       2562.5    2558.9    2579.3     1.246   84.421
   8.500        native   no-touch  10        284.3     283.9     287.2     8.500    0.000
   8.500        native  read-data  10        330.6     305.1     393.9     8.500    0.000
   8.500 skb (generic)   no-touch  10       2567.4    2559.5    2572.5     1.244   85.366
   8.500 skb (generic)  read-data  10       2568.5    2561.7    2583.5     1.243   85.371
   9.000        native   no-touch  10        272.6     271.8     277.7     9.000    0.000
   9.000        native  read-data  10        325.7     284.7     379.5     9.000    0.000
   9.000 skb (generic)   no-touch  10       2562.6    2548.9    2568.8     1.246   86.152
   9.000 skb (generic)  read-data  10       2568.3    2559.6    2577.7     1.244   86.183
   9.500        native   no-touch  10        264.8     264.0     268.9     9.500    0.000
   9.500        native  read-data  10        319.4     288.2     377.5     9.500    0.000
   9.500 skb (generic)   no-touch  10       2560.9    2549.8    2576.6     1.247   86.873
   9.500 skb (generic)  read-data  10       2568.5    2557.6    2571.6     1.243   86.911
  10.000        native   no-touch  10        259.1     258.6     259.5    10.000    0.000
  10.000        native  read-data  10        326.4     284.5     373.0     9.783    2.165
  10.000 skb (generic)   no-touch  10       2560.1    2557.0    2567.4     1.248   87.525
  10.000 skb (generic)  read-data  10       2564.3    2554.5    2574.8     1.245   87.546
  10.500        native   no-touch  10        254.4     253.9     258.3    10.500    0.000
  10.500        native  read-data  10        330.3     275.4     372.1     9.687    7.740
  10.500 skb (generic)   no-touch  10       2563.9    2555.2    2572.7     1.246   88.137
  10.500 skb (generic)  read-data  10       2566.4    2557.7    2573.5     1.244   88.149
  11.000        native   no-touch  10        251.7     251.1     253.8    11.000    0.000
  11.000        native  read-data  10        321.4     281.3     391.5     9.988    9.201
  11.000 skb (generic)   no-touch  10       2560.0    2553.7    2576.3     1.248   88.659
  11.000 skb (generic)  read-data  10       2565.0    2560.9    2583.8     1.245   88.681
  11.500        native   no-touch  10        249.1     248.2     251.2    11.500    0.000
  11.500        native  read-data  10        294.6     274.4     380.3    10.839    5.752
  11.500 skb (generic)   no-touch  10       2560.8    2549.5    2565.9     1.247   89.155
  11.500 skb (generic)  read-data  10       2568.9    2557.7    2578.1     1.243   89.189
  12.000        native   no-touch  10        247.4     246.0     248.1    12.000    0.000
  12.000        native  read-data  10        318.7     266.0     388.8    10.043   16.313
  12.000 skb (generic)   no-touch  10       2561.5    2550.5    2569.2     1.247   89.610
  12.000 skb (generic)  read-data  10       2567.5    2557.3    2577.9     1.244   89.634
  12.500        native   no-touch  10        244.9     243.8     246.1    12.500    0.000
  12.500        native  read-data  10        282.7     261.5     383.0    11.312    9.505
  12.500 skb (generic)   no-touch  10       2563.9    2561.8    2574.2     1.246   90.035
  12.500 skb (generic)  read-data  10       2574.0    2562.0    2614.2     1.241   90.074
  13.000        native   no-touch  10        238.6     237.9     238.9    13.000    0.000
  13.000        native  read-data  10        322.7     265.3     379.8     9.894   23.890
  13.000 skb (generic)   no-touch  10       2560.0    2556.1    2574.1     1.248   90.404
  13.000 skb (generic)  read-data  10       2561.6    2557.9    2574.8     1.247   90.408
  13.500        native   no-touch  10        233.0     232.7     233.8    13.500    0.000
  13.500        native  read-data  10        339.9     259.9     382.3     9.391   30.439
  13.500 skb (generic)   no-touch  10       2562.0    2554.9    2571.3     1.247   90.757
  13.500 skb (generic)  read-data  10       2564.8    2558.9    2575.3     1.245   90.775
  14.000        native   no-touch  10        227.5     227.2     227.6    14.000    0.000
  14.000        native  read-data  10        334.8     255.4     394.8     9.536   31.883
  14.000 skb (generic)   no-touch  10       2560.4    2553.6    2568.0     1.247   91.090
  14.000 skb (generic)  read-data  10       2567.9    2559.4    2577.1     1.244   91.114
  14.500        native   no-touch  10        223.5     222.3     224.6    14.289    1.455
  14.500        native  read-data  10        307.5     270.3     372.1    10.399   28.282
  14.500 skb (generic)   no-touch  10       2563.0    2559.1    2576.2     1.246   91.407
  14.500 skb (generic)  read-data  10       2561.4    2556.0    2580.7     1.247   91.400
  14.881        native   no-touch  10        223.7     222.2     223.9    14.275    4.061
  14.881        native  read-data  10        277.6     260.1     396.9    11.504   22.502
  14.881 skb (generic)   no-touch  10       2563.4    2556.8    2568.4     1.246   91.621
  14.881 skb (generic)  read-data  10       2567.1    2560.3    2576.8     1.244   91.627

REGIME CLASSIFICATION
processing-limited when median pre-XDP loss exceeds 0.1%
saturation throughput is read at the highest offered load

  native/no-touch:
       0.250 Mpps  median   0.250 Mpps  loss  0.000%  unsaturated or link-limited
       0.500 Mpps  median   0.500 Mpps  loss  0.000%  unsaturated or link-limited
       0.750 Mpps  median   0.750 Mpps  loss  0.000%  unsaturated or link-limited
       1.000 Mpps  median   1.000 Mpps  loss  0.000%  unsaturated or link-limited
       1.500 Mpps  median   1.500 Mpps  loss  0.000%  unsaturated or link-limited
       2.000 Mpps  median   2.000 Mpps  loss  0.000%  unsaturated or link-limited
       2.500 Mpps  median   2.500 Mpps  loss  0.000%  unsaturated or link-limited
       3.000 Mpps  median   3.000 Mpps  loss  0.000%  unsaturated or link-limited
       3.500 Mpps  median   3.500 Mpps  loss  0.000%  unsaturated or link-limited
       4.000 Mpps  median   4.000 Mpps  loss  0.000%  unsaturated or link-limited
       4.500 Mpps  median   4.500 Mpps  loss  0.000%  unsaturated or link-limited
       5.000 Mpps  median   5.000 Mpps  loss  0.000%  unsaturated or link-limited
       5.500 Mpps  median   5.500 Mpps  loss  0.000%  unsaturated or link-limited
       6.000 Mpps  median   6.000 Mpps  loss  0.000%  unsaturated or link-limited
       6.500 Mpps  median   6.500 Mpps  loss  0.000%  unsaturated or link-limited
       7.000 Mpps  median   7.000 Mpps  loss  0.000%  unsaturated or link-limited
       7.500 Mpps  median   7.500 Mpps  loss  0.000%  unsaturated or link-limited
       8.000 Mpps  median   8.000 Mpps  loss  0.000%  unsaturated or link-limited
       8.500 Mpps  median   8.500 Mpps  loss  0.000%  unsaturated or link-limited
       9.000 Mpps  median   9.000 Mpps  loss  0.000%  unsaturated or link-limited
       9.500 Mpps  median   9.500 Mpps  loss  0.000%  unsaturated or link-limited
      10.000 Mpps  median  10.000 Mpps  loss  0.000%  unsaturated or link-limited
      10.500 Mpps  median  10.500 Mpps  loss  0.000%  unsaturated or link-limited
      11.000 Mpps  median  11.000 Mpps  loss  0.000%  unsaturated or link-limited
      11.500 Mpps  median  11.500 Mpps  loss  0.000%  unsaturated or link-limited
      12.000 Mpps  median  12.000 Mpps  loss  0.000%  unsaturated or link-limited
      12.500 Mpps  median  12.500 Mpps  loss  0.000%  unsaturated or link-limited
      13.000 Mpps  median  13.000 Mpps  loss  0.000%  unsaturated or link-limited
      13.500 Mpps  median  13.500 Mpps  loss  0.000%  unsaturated or link-limited
      14.000 Mpps  median  14.000 Mpps  loss  0.000%  unsaturated or link-limited
      14.500 Mpps  median  14.289 Mpps  loss  1.455%  processing-limited
      14.881 Mpps  median  14.275 Mpps  loss  4.061%  processing-limited
    -> processing plateau 14.275 Mpps

  native/read-data:
       0.250 Mpps  median   0.250 Mpps  loss  0.000%  unsaturated or link-limited
       0.500 Mpps  median   0.500 Mpps  loss  0.000%  unsaturated or link-limited
       0.750 Mpps  median   0.750 Mpps  loss  0.000%  unsaturated or link-limited
       1.000 Mpps  median   1.000 Mpps  loss  0.000%  unsaturated or link-limited
       1.500 Mpps  median   1.500 Mpps  loss  0.000%  unsaturated or link-limited
       2.000 Mpps  median   2.000 Mpps  loss  0.000%  unsaturated or link-limited
       2.500 Mpps  median   2.500 Mpps  loss  0.000%  unsaturated or link-limited
       3.000 Mpps  median   3.000 Mpps  loss  0.000%  unsaturated or link-limited
       3.500 Mpps  median   3.500 Mpps  loss  0.000%  unsaturated or link-limited
       4.000 Mpps  median   4.000 Mpps  loss  0.000%  unsaturated or link-limited
       4.500 Mpps  median   4.500 Mpps  loss  0.000%  unsaturated or link-limited
       5.000 Mpps  median   5.000 Mpps  loss  0.000%  unsaturated or link-limited
       5.500 Mpps  median   5.500 Mpps  loss  0.000%  unsaturated or link-limited
       6.000 Mpps  median   6.000 Mpps  loss  0.000%  unsaturated or link-limited
       6.500 Mpps  median   6.500 Mpps  loss  0.000%  unsaturated or link-limited
       7.000 Mpps  median   7.000 Mpps  loss  0.000%  unsaturated or link-limited
       7.500 Mpps  median   7.500 Mpps  loss  0.000%  unsaturated or link-limited
       8.000 Mpps  median   8.000 Mpps  loss  0.000%  unsaturated or link-limited
       8.500 Mpps  median   8.500 Mpps  loss  0.000%  unsaturated or link-limited
       9.000 Mpps  median   9.000 Mpps  loss  0.000%  unsaturated or link-limited
       9.500 Mpps  median   9.500 Mpps  loss  0.000%  unsaturated or link-limited
      10.000 Mpps  median   9.783 Mpps  loss  2.165%  processing-limited
      10.500 Mpps  median   9.687 Mpps  loss  7.740%  processing-limited
      11.000 Mpps  median   9.988 Mpps  loss  9.201%  processing-limited
      11.500 Mpps  median  10.839 Mpps  loss  5.752%  processing-limited
      12.000 Mpps  median  10.043 Mpps  loss 16.313%  processing-limited
      12.500 Mpps  median  11.312 Mpps  loss  9.505%  processing-limited
      13.000 Mpps  median   9.894 Mpps  loss 23.890%  processing-limited
      13.500 Mpps  median   9.391 Mpps  loss 30.439%  processing-limited
      14.000 Mpps  median   9.536 Mpps  loss 31.883%  processing-limited
      14.500 Mpps  median  10.399 Mpps  loss 28.282%  processing-limited
      14.881 Mpps  median  11.504 Mpps  loss 22.502%  processing-limited
    -> processing plateau 11.504 Mpps

  skb (generic)/no-touch:
       0.250 Mpps  median   0.250 Mpps  loss  0.000%  unsaturated or link-limited
       0.500 Mpps  median   0.500 Mpps  loss  0.000%  unsaturated or link-limited
       0.750 Mpps  median   0.750 Mpps  loss  0.000%  unsaturated or link-limited
       1.000 Mpps  median   1.000 Mpps  loss  0.000%  unsaturated or link-limited
       1.500 Mpps  median   1.248 Mpps  loss 16.798%  processing-limited
       2.000 Mpps  median   1.245 Mpps  loss 37.733%  processing-limited
       2.500 Mpps  median   1.247 Mpps  loss 50.117%  processing-limited
       3.000 Mpps  median   1.247 Mpps  loss 58.439%  processing-limited
       3.500 Mpps  median   1.246 Mpps  loss 64.404%  processing-limited
       4.000 Mpps  median   1.248 Mpps  loss 68.808%  processing-limited
       4.500 Mpps  median   1.247 Mpps  loss 72.296%  processing-limited
       5.000 Mpps  median   1.246 Mpps  loss 75.086%  processing-limited
       5.500 Mpps  median   1.248 Mpps  loss 77.311%  processing-limited
       6.000 Mpps  median   1.247 Mpps  loss 79.219%  processing-limited
       6.500 Mpps  median   1.246 Mpps  loss 80.831%  processing-limited
       7.000 Mpps  median   1.247 Mpps  loss 82.184%  processing-limited
       7.500 Mpps  median   1.247 Mpps  loss 83.371%  processing-limited
       8.000 Mpps  median   1.244 Mpps  loss 84.449%  processing-limited
       8.500 Mpps  median   1.244 Mpps  loss 85.366%  processing-limited
       9.000 Mpps  median   1.246 Mpps  loss 86.152%  processing-limited
       9.500 Mpps  median   1.247 Mpps  loss 86.873%  processing-limited
      10.000 Mpps  median   1.248 Mpps  loss 87.525%  processing-limited
      10.500 Mpps  median   1.246 Mpps  loss 88.137%  processing-limited
      11.000 Mpps  median   1.248 Mpps  loss 88.659%  processing-limited
      11.500 Mpps  median   1.247 Mpps  loss 89.155%  processing-limited
      12.000 Mpps  median   1.247 Mpps  loss 89.610%  processing-limited
      12.500 Mpps  median   1.246 Mpps  loss 90.035%  processing-limited
      13.000 Mpps  median   1.248 Mpps  loss 90.404%  processing-limited
      13.500 Mpps  median   1.247 Mpps  loss 90.757%  processing-limited
      14.000 Mpps  median   1.247 Mpps  loss 91.090%  processing-limited
      14.500 Mpps  median   1.246 Mpps  loss 91.407%  processing-limited
      14.881 Mpps  median   1.246 Mpps  loss 91.621%  processing-limited
    -> processing plateau 1.246 Mpps

  skb (generic)/read-data:
       0.250 Mpps  median   0.250 Mpps  loss  0.000%  unsaturated or link-limited
       0.500 Mpps  median   0.500 Mpps  loss  0.000%  unsaturated or link-limited
       0.750 Mpps  median   0.750 Mpps  loss  0.000%  unsaturated or link-limited
       1.000 Mpps  median   1.000 Mpps  loss  0.000%  unsaturated or link-limited
       1.500 Mpps  median   1.243 Mpps  loss 17.151%  processing-limited
       2.000 Mpps  median   1.243 Mpps  loss 37.862%  processing-limited
       2.500 Mpps  median   1.244 Mpps  loss 50.222%  processing-limited
       3.000 Mpps  median   1.243 Mpps  loss 58.556%  processing-limited
       3.500 Mpps  median   1.245 Mpps  loss 64.433%  processing-limited
       4.000 Mpps  median   1.245 Mpps  loss 68.882%  processing-limited
       4.500 Mpps  median   1.245 Mpps  loss 72.336%  processing-limited
       5.000 Mpps  median   1.244 Mpps  loss 75.116%  processing-limited
       5.500 Mpps  median   1.246 Mpps  loss 77.350%  processing-limited
       6.000 Mpps  median   1.245 Mpps  loss 79.248%  processing-limited
       6.500 Mpps  median   1.244 Mpps  loss 80.858%  processing-limited
       7.000 Mpps  median   1.244 Mpps  loss 82.229%  processing-limited
       7.500 Mpps  median   1.244 Mpps  loss 83.419%  processing-limited
       8.000 Mpps  median   1.246 Mpps  loss 84.421%  processing-limited
       8.500 Mpps  median   1.243 Mpps  loss 85.371%  processing-limited
       9.000 Mpps  median   1.244 Mpps  loss 86.183%  processing-limited
       9.500 Mpps  median   1.243 Mpps  loss 86.911%  processing-limited
      10.000 Mpps  median   1.245 Mpps  loss 87.546%  processing-limited
      10.500 Mpps  median   1.244 Mpps  loss 88.149%  processing-limited
      11.000 Mpps  median   1.245 Mpps  loss 88.681%  processing-limited
      11.500 Mpps  median   1.243 Mpps  loss 89.189%  processing-limited
      12.000 Mpps  median   1.244 Mpps  loss 89.634%  processing-limited
      12.500 Mpps  median   1.241 Mpps  loss 90.074%  processing-limited
      13.000 Mpps  median   1.247 Mpps  loss 90.408%  processing-limited
      13.500 Mpps  median   1.245 Mpps  loss 90.775%  processing-limited
      14.000 Mpps  median   1.244 Mpps  loss 91.114%  processing-limited
      14.500 Mpps  median   1.247 Mpps  loss 91.400%  processing-limited
      14.881 Mpps  median   1.244 Mpps  loss 91.627%  processing-limited
    -> processing plateau 1.244 Mpps

WITHIN-HOOK BLOCK DIFFERENCES, read-data minus no-touch
Positive range gap means the two pooled variant ranges do not overlap.
The individual block differences below are the input to the manual criterion.

    Mpps          hook  pairs  median diff  % of base      signs  range gap
   0.250        native     10        101.1      19.31   all same       76.9
         b1:+91.9 b2:+92.3 b3:+143.8 b4:+85.4 b5:+119.0 b6:+97.9 b7:+77.9 b8:+104.4 b9:+138.6 b10:+105.6
   0.250 skb (generic)     10          3.1       0.11      mixed       -5.2
         b1:+10.4 b2:-4.4 b3:+1.5 b4:+6.5 b5:+1.4 b6:+8.4 b7:+0.7 b8:+26.1 b9:+2.6 b10:+3.6
   0.500        native     10         66.3      16.99   all same       33.3
         b1:+134.1 b2:+33.7 b3:+163.6 b4:+62.4 b5:+64.2 b6:+48.9 b7:+123.0 b8:+78.4 b9:+68.4 b10:+46.4
   0.500 skb (generic)     10          2.7       0.10      mixed       -9.9
         b1:-0.1 b2:+8.3 b3:-3.5 b4:-2.4 b5:-0.2 b6:+7.6 b7:+2.4 b8:+3.4 b9:+11.6 b10:+3.0
   0.750        native     10         64.8      15.70   all same       42.2
         b1:+98.7 b2:+43.7 b3:+67.6 b4:+150.6 b5:+62.0 b6:+42.8 b7:+60.4 b8:+78.3 b9:+103.4 b10:+44.5
   0.750 skb (generic)     10          5.0       0.17   all same       -7.4
         b1:+8.1 b2:+9.8 b3:+3.9 b4:+4.5 b5:+5.5 b6:+0.9 b7:+0.5 b8:+10.7 b9:+0.6 b10:+8.9
   1.000        native     10        117.8      28.58   all same       39.3
         b1:+43.6 b2:+98.3 b3:+43.4 b4:+84.5 b5:+137.3 b6:+163.0 b7:+163.8 b8:+147.5 b9:+146.5 b10:+39.6
   1.000 skb (generic)     10          4.4       0.16      mixed       -7.8
         b1:-0.4 b2:+4.3 b3:+11.5 b4:+10.0 b5:+5.0 b6:+3.1 b7:+0.8 b8:+0.3 b9:+4.4 b10:+6.8
   1.500        native     10         93.8      22.00   all same       38.1
         b1:+120.7 b2:+146.3 b3:+45.5 b4:+90.6 b5:+44.2 b6:+46.0 b7:+48.0 b8:+155.1 b9:+108.9 b10:+97.0
   1.500 skb (generic)     10          4.5       0.18      mixed      -13.5
         b1:-4.0 b2:+3.2 b3:+1.5 b4:+1.2 b5:+3.7 b6:+14.1 b7:+15.5 b8:+8.2 b9:+5.3 b10:+13.8
   2.000        native     10         90.8      21.64   all same       41.3
         b1:+83.6 b2:+44.3 b3:+98.0 b4:+108.9 b5:+42.5 b6:+170.1 b7:+70.5 b8:+45.8 b9:+159.8 b10:+100.4
   2.000 skb (generic)     10          7.0       0.27      mixed      -13.1
         b1:+9.6 b2:+6.1 b3:+0.1 b4:+7.8 b5:+17.7 b6:+1.8 b7:+14.4 b8:-10.2 b9:+13.8 b10:-3.2
   2.500        native     10        117.0      25.80   all same       27.7
         b1:+47.3 b2:+30.2 b3:+123.1 b4:+102.4 b5:+127.1 b6:+119.9 b7:+127.9 b8:+131.7 b9:+114.1 b10:+28.7
   2.500 skb (generic)     10          2.1       0.08      mixed      -10.2
         b1:-0.6 b2:+10.9 b3:-1.8 b4:+5.1 b5:+1.6 b6:+2.7 b7:+4.4 b8:+1.2 b9:+12.5 b10:+1.2
   3.000        native     10         84.6      19.68   all same       26.9
         b1:+78.6 b2:+113.1 b3:+90.5 b4:+50.1 b5:+115.0 b6:+36.0 b7:+37.5 b8:+29.7 b9:+113.5 b10:+117.9
   3.000 skb (generic)     10          5.9       0.23      mixed      -11.9
         b1:+1.3 b2:+10.8 b3:+4.5 b4:+11.0 b5:-11.9 b6:+12.0 b7:+3.8 b8:+2.7 b9:+7.2 b10:+18.5
   3.500        native     10         77.2      18.39   all same       34.8
         b1:+136.5 b2:+50.8 b3:+56.2 b4:+116.1 b5:+42.8 b6:+147.3 b7:+118.4 b8:+50.1 b9:+56.1 b10:+98.1
   3.500 skb (generic)     10          2.0       0.08      mixed      -14.2
         b1:+4.7 b2:+3.6 b3:-2.9 b4:-0.7 b5:+0.4 b6:+5.9 b7:-5.4 b8:+6.8 b9:-5.5 b10:+13.9
   4.000        native     10         90.7      22.53   all same       34.5
         b1:+57.2 b2:+100.4 b3:+53.7 b4:+35.3 b5:+118.1 b6:+48.7 b7:+81.0 b8:+113.2 b9:+121.4 b10:+121.0
   4.000 skb (generic)     10          7.3       0.28      mixed      -11.8
         b1:+8.0 b2:+9.8 b3:+10.0 b4:+5.4 b5:-10.4 b6:+3.9 b7:+7.2 b8:+3.6 b9:+12.5 b10:+7.3
   4.500        native     10         58.7      14.65   all same       24.8
         b1:+34.0 b2:+105.7 b3:+63.3 b4:+54.1 b5:+29.3 b6:+32.0 b7:+93.0 b8:+31.8 b9:+103.6 b10:+107.7
   4.500 skb (generic)     10          2.3       0.09      mixed      -36.7
         b1:-0.1 b2:+4.0 b3:+2.6 b4:+14.7 b5:-23.1 b6:+2.0 b7:-1.4 b8:+6.6 b9:+9.4 b10:-1.7
   5.000        native     10         69.2      17.92   all same       10.1
         b1:+62.6 b2:+87.5 b3:+15.2 b4:+78.4 b5:+48.2 b6:+75.8 b7:+90.2 b8:+95.3 b9:+26.3 b10:+31.0
   5.000 skb (generic)     10          3.8       0.15   all same       -7.1
         b1:+11.2 b2:+9.5 b3:+2.6 b4:+2.2 b5:+3.2 b6:+4.1 b7:+3.9 b8:+1.4 b9:+3.7 b10:+9.4
   5.500        native     10         69.0      18.89   all same       22.4
         b1:+74.7 b2:+26.0 b3:+66.1 b4:+90.8 b5:+81.6 b6:+86.0 b7:+53.0 b8:+71.9 b9:+24.5 b10:+34.3
   5.500 skb (generic)     10          4.0       0.16      mixed      -11.2
         b1:-4.5 b2:+4.8 b3:+5.0 b4:+3.2 b5:+0.9 b6:+9.1 b7:+10.8 b8:+1.3 b9:-1.5 b10:+5.9
   6.000        native     10         54.7      15.74   all same       23.8
         b1:+28.3 b2:+73.8 b3:+73.1 b4:+44.5 b5:+53.5 b6:+29.6 b7:+72.6 b8:+79.1 b9:+55.8 b10:+28.2
   6.000 skb (generic)     10          5.8       0.22      mixed      -15.2
         b1:-11.4 b2:+5.9 b3:+1.8 b4:+12.3 b5:+6.4 b6:-1.9 b7:+10.0 b8:-3.1 b9:+10.8 b10:+5.6
   6.500        native     10         48.0      14.41   all same       22.1
         b1:+46.4 b2:+27.0 b3:+48.6 b4:+25.9 b5:+73.3 b6:+70.2 b7:+68.3 b8:+59.8 b9:+36.5 b10:+47.3
   6.500 skb (generic)     10          3.4       0.13      mixed      -23.1
         b1:+7.1 b2:-5.1 b3:-4.1 b4:+7.7 b5:-2.5 b6:+8.6 b7:-0.2 b8:+7.1 b9:+13.1 b10:-3.1
   7.000        native     10         68.4      21.24   all same       23.2
         b1:+76.4 b2:+25.6 b3:+70.2 b4:+87.0 b5:+75.8 b6:+32.6 b7:+53.9 b8:+25.6 b9:+75.8 b10:+66.6
   7.000 skb (generic)     10          7.7       0.30   all same       -7.0
         b1:+5.5 b2:+12.0 b3:+6.5 b4:+5.4 b5:+14.1 b6:+7.1 b7:+14.6 b8:+7.2 b9:+11.9 b10:+8.2
   7.500        native     10         38.6      12.41   all same       10.1
         b1:+23.6 b2:+32.9 b3:+61.2 b4:+37.9 b5:+34.6 b6:+17.9 b7:+39.2 b8:+57.2 b9:+74.5 b10:+41.4
   7.500 skb (generic)     10          7.5       0.29      mixed      -21.1
         b1:+8.3 b2:+17.1 b3:+7.4 b4:+1.6 b5:-7.0 b6:+14.5 b7:+7.7 b8:+5.1 b9:+3.1 b10:+11.6
   8.000        native     10         50.6      16.94   all same       14.9
         b1:+54.4 b2:+92.6 b3:+24.1 b4:+46.8 b5:+16.9 b6:+87.9 b7:+35.8 b8:+17.7 b9:+90.6 b10:+87.1
   8.000 skb (generic)     10         -3.3      -0.13      mixed      -17.2
         b1:-3.5 b2:+2.4 b3:-7.6 b4:-3.2 b5:-7.8 b6:+11.0 b7:-7.7 b8:-0.2 b9:+4.8 b10:-3.4
   8.500        native     10         44.4      15.63   all same       17.9
         b1:+43.9 b2:+44.9 b3:+20.6 b4:+109.5 b5:+31.9 b6:+77.6 b7:+78.4 b8:+21.1 b9:+43.3 b10:+78.4
   8.500 skb (generic)     10          1.4       0.05      mixed      -10.8
         b1:-6.6 b2:+11.1 b3:+9.3 b4:+2.8 b5:+0.1 b6:+5.8 b7:-0.0 b8:+21.2 b9:-5.5 b10:-2.1
   9.000        native     10         52.9      19.40   all same        7.0
         b1:+101.2 b2:+100.3 b3:+26.6 b4:+51.8 b5:+79.1 b6:+106.9 b7:+12.4 b8:+24.8 b9:+36.8 b10:+54.0
   9.000 skb (generic)     10          6.1       0.24      mixed       -9.2
         b1:+6.3 b2:+5.9 b3:+26.4 b4:+1.0 b5:+13.3 b6:-1.8 b7:+14.4 b8:+7.0 b9:+5.8 b10:+0.7
   9.500        native     10         54.7      20.64   all same       19.3
         b1:+31.6 b2:+31.4 b3:+61.0 b4:+53.8 b5:+112.5 b6:+26.9 b7:+24.2 b8:+55.5 b9:+56.9 b10:+57.9
   9.500 skb (generic)     10          7.2       0.28      mixed      -19.0
         b1:+11.8 b2:+6.6 b3:+4.6 b4:+10.6 b5:+12.5 b6:+7.8 b7:-6.5 b8:-10.7 b9:+3.5 b10:+9.8
  10.000        native     10         67.5      26.04   all same       25.0
         b1:+64.0 b2:+113.4 b3:+71.0 b4:+72.7 b5:+104.6 b6:+76.9 b7:+28.0 b8:+25.5 b9:+53.7 b10:+56.9
  10.000 skb (generic)     10          2.9       0.11      mixed      -12.9
         b1:-5.6 b2:-0.3 b3:+4.7 b4:+14.8 b5:-7.3 b6:+7.5 b7:+1.1 b8:+10.4 b9:+5.3 b10:+0.4
  10.500        native     10         76.0      29.85   all same       17.1
         b1:+95.8 b2:+20.9 b3:+104.5 b4:+117.7 b5:+91.6 b6:+30.9 b7:+60.4 b8:+54.3 b9:+91.7 b10:+42.6
  10.500 skb (generic)     10          3.4       0.13      mixed      -15.0
         b1:-6.1 b2:+7.9 b3:+6.2 b4:-9.2 b5:+10.7 b6:+1.7 b7:+2.5 b8:-8.2 b9:+11.2 b10:+4.2
  11.000        native     10         68.8      27.32   all same       27.5
         b1:+91.5 b2:+29.0 b3:+39.0 b4:+37.3 b5:+46.0 b6:+30.1 b7:+133.0 b8:+122.2 b9:+131.0 b10:+140.0
  11.000 skb (generic)     10          6.9       0.27      mixed      -15.4
         b1:+3.1 b2:+7.6 b3:+11.2 b4:+2.2 b5:+6.2 b6:+8.5 b7:-13.7 b8:+3.0 b9:+10.4 b10:+17.1
  11.500        native     10         45.9      18.44   all same       23.2
         b1:+24.8 b2:+129.2 b3:+25.7 b4:+130.0 b5:+83.2 b6:+28.7 b7:+46.5 b8:+45.4 b9:+33.0 b10:+131.3
  11.500 skb (generic)     10          8.1       0.32   all same       -8.2
         b1:+11.1 b2:+5.7 b3:+2.4 b4:+5.7 b5:+6.3 b6:+5.2 b7:+9.9 b8:+13.8 b9:+12.5 b10:+14.6
  12.000        native     10         71.0      28.68   all same       17.9
         b1:+35.5 b2:+45.4 b3:+19.6 b4:+110.5 b5:+122.4 b6:+136.9 b7:+141.2 b8:+55.3 b9:+18.4 b10:+86.7
  12.000 skb (generic)     10          6.6       0.26      mixed      -11.9
         b1:+6.3 b2:+6.8 b3:+2.0 b4:+7.3 b5:-4.2 b6:+20.4 b7:+7.5 b8:+7.3 b9:+5.2 b10:+3.8
  12.500        native     10         37.3      15.22   all same       15.4
         b1:+25.6 b2:+138.1 b3:+89.4 b4:+19.9 b5:+135.0 b6:+23.3 b7:+16.5 b8:+48.9 b9:+18.5 b10:+62.4
  12.500 skb (generic)     10          7.3       0.28      mixed      -12.3
         b1:-0.1 b2:+52.3 b3:-1.0 b4:+7.6 b5:+6.9 b6:+4.1 b7:+14.1 b8:+12.5 b9:-1.3 b10:+20.3
  13.000        native     10         84.2      35.31   all same       26.4
         b1:+111.4 b2:+86.8 b3:+81.7 b4:+26.8 b5:+120.3 b6:+27.3 b7:+91.6 b8:+28.3 b9:+64.7 b10:+141.1
  13.000 skb (generic)     10          1.8       0.07      mixed      -16.1
         b1:+2.3 b2:+8.7 b3:+1.3 b4:-8.7 b5:+3.4 b6:-1.2 b7:-0.4 b8:-1.8 b9:+10.4 b10:+6.5
  13.500        native     10        106.9      45.89   all same       26.2
         b1:+36.6 b2:+140.4 b3:+140.3 b4:+34.1 b5:+106.0 b6:+30.2 b7:+26.6 b8:+149.4 b9:+107.9 b10:+148.1
  13.500 skb (generic)     10          2.3       0.09      mixed      -12.4
         b1:+5.0 b2:+10.5 b3:+1.6 b4:+9.7 b5:+2.9 b6:+6.8 b7:+0.9 b8:+0.7 b9:-5.2 b10:+1.4
  14.000        native     10        107.5      47.26   all same       27.9
         b1:+80.7 b2:+151.9 b3:+167.4 b4:+44.4 b5:+102.1 b6:+143.1 b7:+112.9 b8:+27.9 b9:+153.6 b10:+53.5
  14.000 skb (generic)     10          5.1       0.20   all same       -8.6
         b1:+12.2 b2:+17.9 b3:+4.4 b4:+5.6 b5:+3.9 b6:+4.6 b7:+1.0 b8:+8.7 b9:+11.7 b10:+1.0
  14.500        native     10         83.3      37.27   all same       45.7
         b1:+51.0 b2:+71.6 b3:+148.9 b4:+115.0 b5:+95.0 b6:+64.4 b7:+98.1 b8:+131.4 b9:+68.5 b10:+45.9
  14.500 skb (generic)     10         -1.0      -0.04      mixed      -21.6
         b1:-6.5 b2:+1.6 b3:+1.8 b4:-2.9 b5:+5.6 b6:-2.1 b7:-0.8 b8:+4.5 b9:-1.2 b10:-4.7
  14.881        native     10         53.9      24.10   all same       36.1
         b1:+58.0 b2:+116.5 b3:+49.8 b4:+173.0 b5:+46.3 b6:+84.8 b7:+40.5 b8:+36.6 b9:+46.1 b10:+130.4
  14.881 skb (generic)     10          3.4       0.13      mixed       -8.1
         b1:+13.2 b2:+11.0 b3:-5.4 b4:-1.6 b5:+2.0 b6:+1.1 b7:+10.7 b8:+9.1 b9:-4.4 b10:+4.8

CROSS-HOOK DIFFERENCE OF DIFFERENCES
(read-data - no-touch) native minus (read-data - no-touch) skb

    Mpps blocks     median        min        max      signs
   0.250     10       93.1       77.2      142.4   all same
         b1:+81.5 b2:+96.7 b3:+142.4 b4:+78.9 b5:+117.6 b6:+89.5 b7:+77.2 b8:+78.3 b9:+136.1 b10:+102.0
   0.500     10       64.6       25.4      167.2   all same
         b1:+134.2 b2:+25.4 b3:+167.2 b4:+64.8 b5:+64.4 b6:+41.3 b7:+120.6 b8:+75.0 b9:+56.8 b10:+43.4
   0.750     10       61.8       33.9      146.2   all same
         b1:+90.6 b2:+33.9 b3:+63.7 b4:+146.2 b5:+56.6 b6:+41.9 b7:+59.9 b8:+67.6 b9:+102.8 b10:+35.5
   1.000     10      113.2       31.9      163.0   all same
         b1:+44.0 b2:+94.0 b3:+31.9 b4:+74.5 b5:+132.3 b6:+159.9 b7:+163.0 b8:+147.2 b9:+142.0 b10:+32.8
   1.500     10       86.3       31.9      146.9   all same
         b1:+124.7 b2:+143.1 b3:+44.0 b4:+89.4 b5:+40.6 b6:+31.9 b7:+32.6 b8:+146.9 b9:+103.6 b10:+83.2
   2.000     10       85.9       24.8      168.3   all same
         b1:+74.0 b2:+38.1 b3:+97.9 b4:+101.1 b5:+24.8 b6:+168.3 b7:+56.1 b8:+56.0 b9:+146.1 b10:+103.6
   2.500     10      109.4       19.3      130.5   all same
         b1:+47.9 b2:+19.3 b3:+124.9 b4:+97.3 b5:+125.5 b6:+117.2 b7:+123.5 b8:+130.5 b9:+101.5 b10:+27.5
   3.000     10       81.6       24.0      126.9   all same
         b1:+77.3 b2:+102.3 b3:+86.0 b4:+39.2 b5:+126.9 b6:+24.0 b7:+33.8 b8:+27.0 b9:+106.3 b10:+99.4
   3.500     10       72.9       42.3      141.3   all same
         b1:+131.9 b2:+47.2 b3:+59.1 b4:+116.8 b5:+42.3 b6:+141.3 b7:+123.8 b8:+43.3 b9:+61.6 b10:+84.3
   4.000     10       82.2       29.9      128.6   all same
         b1:+49.2 b2:+90.6 b3:+43.7 b4:+29.9 b5:+128.6 b6:+44.8 b7:+73.8 b8:+109.5 b9:+108.9 b10:+113.6
   4.500     10       56.6       25.1      109.5   all same
         b1:+34.1 b2:+101.7 b3:+60.7 b4:+39.4 b5:+52.4 b6:+30.0 b7:+94.4 b8:+25.1 b9:+94.2 b10:+109.5
   5.000     10       61.5       12.7       93.8   all same
         b1:+51.4 b2:+78.0 b3:+12.7 b4:+76.2 b5:+45.0 b6:+71.7 b7:+86.3 b8:+93.8 b9:+22.6 b10:+21.6
   5.500     10       65.9       21.2       87.6   all same
         b1:+79.2 b2:+21.2 b3:+61.1 b4:+87.6 b5:+80.8 b6:+76.9 b7:+42.3 b8:+70.6 b9:+26.0 b10:+28.3
   6.000     10       46.1       22.5       82.2   all same
         b1:+39.7 b2:+67.9 b3:+71.3 b4:+32.2 b5:+47.1 b6:+31.5 b7:+62.6 b8:+82.2 b9:+45.1 b10:+22.5
   6.500     10       51.5       18.2       75.8   all same
         b1:+39.4 b2:+32.1 b3:+52.7 b4:+18.2 b5:+75.8 b6:+61.6 b7:+68.5 b8:+52.7 b9:+23.4 b10:+50.4
   7.000     10       60.0       13.5       81.6   all same
         b1:+70.9 b2:+13.5 b3:+63.7 b4:+81.6 b5:+61.7 b6:+25.5 b7:+39.3 b8:+18.4 b9:+63.9 b10:+58.3
   7.500     10       34.0        3.4       71.5   all same
         b1:+15.3 b2:+15.8 b3:+53.8 b4:+36.4 b5:+41.5 b6:+3.4 b7:+31.6 b8:+52.1 b9:+71.5 b10:+29.8
   8.000     10       53.9       17.9       90.5   all same
         b1:+57.9 b2:+90.2 b3:+31.7 b4:+50.0 b5:+24.8 b6:+76.9 b7:+43.5 b8:+17.9 b9:+85.8 b10:+90.5
   8.500     10       49.6       -0.1      106.7      mixed
         b1:+50.5 b2:+33.8 b3:+11.3 b4:+106.7 b5:+31.8 b6:+71.8 b7:+78.5 b8:-0.1 b9:+48.8 b10:+80.5
   9.000     10       52.0       -1.9      108.7      mixed
         b1:+94.9 b2:+94.4 b3:+0.2 b4:+50.8 b5:+65.7 b6:+108.7 b7:-1.9 b8:+17.8 b9:+31.0 b10:+53.3
   9.500     10       45.6       19.1      100.0   all same
         b1:+19.8 b2:+24.9 b3:+56.5 b4:+43.2 b5:+100.0 b6:+19.1 b7:+30.7 b8:+66.2 b9:+53.3 b10:+48.1
  10.000     10       62.1       15.2      113.8   all same
         b1:+69.6 b2:+113.8 b3:+66.2 b4:+57.9 b5:+111.9 b6:+69.4 b7:+26.9 b8:+15.2 b9:+48.4 b10:+56.5
  10.500     10       71.4       13.1      126.9   all same
         b1:+101.9 b2:+13.1 b3:+98.4 b4:+126.9 b5:+80.8 b6:+29.2 b7:+57.8 b8:+62.4 b9:+80.5 b10:+38.4
  11.000     10       64.1       21.4      146.7   all same
         b1:+88.4 b2:+21.4 b3:+27.8 b4:+35.1 b5:+39.9 b6:+21.6 b7:+146.7 b8:+119.1 b9:+120.6 b10:+122.9
  11.500     10       34.1       13.6      124.3   all same
         b1:+13.6 b2:+123.5 b3:+23.2 b4:+124.3 b5:+76.9 b6:+23.6 b7:+36.6 b8:+31.5 b9:+20.6 b10:+116.7
  12.000     10       65.4       13.2      133.7   all same
         b1:+29.1 b2:+38.6 b3:+17.5 b4:+103.2 b5:+126.6 b6:+116.5 b7:+133.7 b8:+47.9 b9:+13.2 b10:+82.9
  12.500     10       31.1        2.3      128.1   all same
         b1:+25.7 b2:+85.8 b3:+90.4 b4:+12.2 b5:+128.1 b6:+19.2 b7:+2.3 b8:+36.4 b9:+19.8 b10:+42.1
  13.000     10       79.3       28.5      134.6   all same
         b1:+109.1 b2:+78.1 b3:+80.4 b4:+35.5 b5:+116.9 b6:+28.5 b7:+92.0 b8:+30.1 b9:+54.2 b10:+134.6
  13.500     10      108.1       23.5      148.7   all same
         b1:+31.6 b2:+129.9 b3:+138.7 b4:+24.4 b5:+103.1 b6:+23.5 b7:+25.7 b8:+148.7 b9:+113.1 b10:+146.6
  14.000     10      105.0       19.2      162.9   all same
         b1:+68.4 b2:+134.0 b3:+162.9 b4:+38.8 b5:+98.2 b6:+138.5 b7:+111.9 b8:+19.2 b9:+141.9 b10:+52.5
  14.500     10       79.7       50.6      147.1   all same
         b1:+57.5 b2:+70.0 b3:+147.1 b4:+117.8 b5:+89.4 b6:+66.5 b7:+98.9 b8:+126.9 b9:+69.7 b10:+50.6
  14.881     10       52.9       27.5      174.6   all same
         b1:+44.8 b2:+105.5 b3:+55.3 b4:+174.6 b5:+44.4 b6:+83.7 b7:+29.9 b8:+27.5 b9:+50.5 b10:+125.7

INSTRUMENTATION CHECK
  positive diff means instrumented throughput is higher

    Mpps          hook    variant       with    without   diff %
  14.000        native   no-touch     14.000     14.000    0.000
  14.000        native  read-data      9.536     10.193   -6.443
  14.000 skb (generic)   no-touch      1.247      1.248   -0.058
  14.000 skb (generic)  read-data      1.244      1.245   -0.127
  14.881        native   no-touch     14.275     14.277   -0.018
  14.881        native  read-data     11.504     10.568    8.855
  14.881 skb (generic)   no-touch      1.246      1.247   -0.099
  14.881 skb (generic)  read-data      1.244      1.244   -0.025

-- cells:    /home/luw/XDP3/data/paired/paired_4config_ring512_20260823/cells
-- written:  /home/luw/XDP3/data/paired/paired_4config_ring512_20260823/summary.tsv, /home/luw/XDP3/data/paired/paired_4config_ring512_20260823/analysis.txt
